id,text,script,platform,kind,timestamp,source_url,parent_title,parent_url,query,label,sub_label,location_mentioned,notes
ebebc1d689db,Andha pm mustang janu nai ashuddha vo,english,youtube,comment,2026-08-26T11:17:54Z,https://www.youtube.com/watch?v=csH4Wydq4w8&lc=UgyI_37P_LG7jNISuTd4AaABAg,Rasuwa Flood 1 PM Live Update: Massive Destruction Across Rasuwa | Rescue Operation Underway,https://www.youtube.com/watch?v=csH4Wydq4w8,Rasuwa flood,not_disaster,,,
923e1a30f33e,Those poor people didn't stand a chance. The speed and the power of that water is unbelievable. Knocking blocks of flats over like they were made of paper.,english,youtube,comment,2026-08-26T21:40:57Z,https://www.youtube.com/watch?v=Ifyi4V68w70&lc=Ugwep6okTFfiabqTg3d4AaABAg,Nepal flash flood engulfs China border: Drone footage and more video shows widespread damage,https://www.youtube.com/watch?v=Ifyi4V68w70,Kathmandu flood 2024,disaster,damage,,
0e85f337bed3,All Tibetan must pray and help our brother and Sisters Nepali 🙏,english,youtube,comment,2026-08-26T15:53:48Z,https://www.youtube.com/watch?v=uuNq2nPw-yc&lc=UgxbSGsLHZ97Y4ZEdgJ4AaABAg,रसुवागढी बाढी: Rasuwagadi badi update | nepali news | rasuwa badhi news today | badhi pahiro,https://www.youtube.com/watch?v=uuNq2nPw-yc,Nepal badhi pahiro,disaster,resource_available,,
e379c26565c8,Thank you so much for this video Sir,english,youtube,comment,2026-08-31T13:58:00Z,https://www.youtube.com/watch?v=zTlJtMz5ESk&lc=UgzjLJ7HJXLyGVDo2-94AaABAg,Nepal Flood 2026 | Real cause of Nepal floods? Flood Videos | Madhukar Kotawe #madhukarkotawe #upsc,https://www.youtube.com/watch?v=zTlJtMz5ESk,Nepal monsoon flood,not_disaster,,,
1f9f3bacc359,Daal bichko akata thagera Khana Vado navanos Puna nirmaan KO khaka kornna akata vanos,english,youtube,comment,2026-08-28T02:56:34Z,https://www.youtube.com/watch?v=8moDJFX_06U&lc=UgwWala2G10qxnnrR1B4AaABAg,अझै छ बाढीको डर ! आँसुमा डुबेको देश - सरकार सक्रिय || Rasuwa Flood Nepal || SIDHAKURA ||,https://www.youtube.com/watch?v=8moDJFX_06U,Rasuwa flood,disaster,other,,
3430940c54b3,Oh god bless you 🙏🏻🕉️❤️,english,youtube,comment,2026-09-01T08:17:04Z,https://www.youtube.com/watch?v=_3pyMK8qqss&lc=UgyMBkZfqjGoo91WzkN4AaABAg,जसले म म*र्दैछु बुढी भनेर श्रीमतीलाई भिडियो पठाएका थिए... || RASUWA FLOOD VICTIM STATEMENT ||,https://www.youtube.com/watch?v=_3pyMK8qqss,Rasuwa flood,not_disaster,,,
ea4d38909229,दु:खद घटना घट्यो देशमा😭😭😭😭,devanagari,youtube,comment,2026-08-26T14:26:05Z,https://www.youtube.com/watch?v=dc7VSPoZUNE&lc=UgzZB6F7Zk9FlsyPQGl4AaABAg,"RASUWA FLOOD LIVE: 4 PM LATEST UPDATE | Trishuli on HIGH ALERT, Massive Rescue Operation Underway",https://www.youtube.com/watch?v=dc7VSPoZUNE,Rasuwa flood,disaster,other,,
2bb70caae2a6,पैसा कमाइएन ठुलो घर बनाउन सकिएन भनेर सानो मन नगरे पनि हुदो रहेछ।एक गाँस खाएर पनि बाच्नु ठुलो कुरा हो।,devanagari,youtube,comment,2026-08-27T15:01:28Z,https://www.youtube.com/watch?v=V5dIZaqFlRA&lc=Ugw7s98aXgf8vp3auxF4AaABAg,तिब्बतमा भूकम्प नेपालमा बाढी ||The reason behind Rasuwa Flood || SIDHAKURA ||,https://www.youtube.com/watch?v=V5dIZaqFlRA,काठमाडौं बाढी,disaster,other,,
ef1f8d8108a0,Bahut punya karyako suruwat bhayaxa,english,youtube,comment,2026-08-30T15:25:52Z,https://www.youtube.com/watch?v=OX3qvyLoUck&lc=Ugy-RI5u81di-3eZ3W14AaABAg,Ground Report: घर र सपना बगाएको विपत्तिमा कसरी सहारा बन्यो &#39;अन्नपूर्णा अभियान&#39;? | SA News Nepal,https://www.youtube.com/watch?v=OX3qvyLoUck,बाढी पहिरो उद्धार,disaster,other,REVIEW: 'Meritorious work started' — praise for relief effort or unrelated,
1623367ed02e,"It s Tibetians who died, Not Chinese. India & Nepal does not have any boder with China. We have border with Tibet only.",english,youtube,comment,2026-08-29T17:19:46Z,https://www.youtube.com/watch?v=g99veFdSpOU&lc=UgxP7AB7UmXfiQl6MLB4AaABAg,Nepal Landslide: What Really Happened - and Is Balen Shah Out of His Depth?,https://www.youtube.com/watch?v=g99veFdSpOU,Nepal landslide,disaster,other,,
ec964e36b589,"No surprise! China has interfered with and exploited Tibet’s fragile environment, this was sadly bound to happen. We Tibetans have been raising our voices for decades about how China greed so-called development and resource exploitation are damaging the Tibetan Plateau. If you ignore and remain silent over what’s happening in your neighbor then naturally it comes to you home as well. Did you know that the Tibetan Plateau is often called the “Water Tower of Asia”? Its rivers and glaciers provide water to hundreds of millions of people across countries including India, Bangladesh, Myanmar, Bhutan, Nepal, Pakistan, Laos, Thailand, Vietnam, and Cambodia. The environmental consequences of what happens on the Tibetan Plateau don’t stop at Tibet’s borders. The countries of South and Southeast Asia need to understand these risks now and work together to protect this fragile ecosystem before it is too late. May people see the TRUTH, May peace prevail on earth. SAVE TIBET from evil CCP (Chinese Communist Party) before it’s too late.🙏✌️",english,youtube,comment,2026-08-26T14:57:13Z,https://www.youtube.com/watch?v=6Lj7GumgvIQ&lc=Ugx9RO_GIOlZWFulQRR4AaABAg,Nepal Flash Flood Disaster Causes Damage: Heavy Casualties Feared | WION Breaking,https://www.youtube.com/watch?v=6Lj7GumgvIQ,Kathmandu flood 2024,disaster,other,,
99d2288a7077,Sir apke bato se lagta h ki badh koi praktrik apda nhi h ye koi dharmik h 😂😂😂😂😂,english,youtube,comment,2026-09-01T10:34:50Z,https://www.youtube.com/watch?v=zTlJtMz5ESk&lc=UgxpdvcrqSRy4pk4m_14AaABAg,Nepal Flood 2026 | Real cause of Nepal floods? Flood Videos | Madhukar Kotawe #madhukarkotawe #upsc,https://www.youtube.com/watch?v=zTlJtMz5ESk,Nepal monsoon flood,disaster,other,,
0f7fda2056ed,"17 दिन पानी नखाय पनि बाचिन्छ अक्सिजन पाय परिवारलाई तनाब दियर नानाथरी तनाब अझ त्यसैमा पानी अमला पाय त 8, 10 महिना मजाले बाचिन्छ घरको बुदिलाइ सताउने मान्छे रहेछ।",devanagari,youtube,comment,2026-08-31T16:55:39Z,https://www.youtube.com/watch?v=_3pyMK8qqss&lc=UgwBqtmxuNUegCDM5aR4AaABAg,जसले म म*र्दैछु बुढी भनेर श्रीमतीलाई भिडियो पठाएका थिए... || RASUWA FLOOD VICTIM STATEMENT ||,https://www.youtube.com/watch?v=_3pyMK8qqss,Rasuwa flood,disaster,other,,
48e8ae53dd8f,"दुखद घटना हे ईश्वर रक्षा गर भगवान,🙏🙏🙏♥️♥️♥️🌍️🌍️🌍️🎉🎉😢😢",devanagari,youtube,comment,2026-08-26T10:15:27Z,https://www.youtube.com/watch?v=csH4Wydq4w8&lc=UgxYsunHdZWU2lyocRF4AaABAg,Rasuwa Flood 1 PM Live Update: Massive Destruction Across Rasuwa | Rescue Operation Underway,https://www.youtube.com/watch?v=csH4Wydq4w8,Rasuwa flood,disaster,other,,
5c1fb0938301,Sati le sarapeko desh ma sadhai dashain kai bela ma yasta ghatna hunxan 😢,romanized_nepali,youtube,comment,2026-08-26T14:19:00Z,https://www.youtube.com/watch?v=dc7VSPoZUNE&lc=Ugyp_nu2pcZaUjZYMQl4AaABAg,"RASUWA FLOOD LIVE: 4 PM LATEST UPDATE | Trishuli on HIGH ALERT, Massive Rescue Operation Underway",https://www.youtube.com/watch?v=dc7VSPoZUNE,Rasuwa flood,disaster,other,,
87d3fba806f9,राम्रो भिडियो 👏❤,devanagari,youtube,comment,2026-08-29T15:35:41Z,https://www.youtube.com/watch?v=7btVdvcrEzc&lc=UgzVqzjnI2dYyYWLnLt4AaABAg,हिमताल विष्फोटनको सुनामी || Himalayan Tsunami Risk | Is the Rasuwa Flood a Warning of Cascade GLOFs?,https://www.youtube.com/watch?v=7btVdvcrEzc,Rasuwa flood,not_disaster,,,
a4b3fe0cc554,Jantako sarkar dherai dherai dhaneybad jindagi daoma lagayera janta ko jyan bachauna lagi pareko ma mero priwarko ttarf bata badai ra salute ❤❤❤🎉🎉🎉🎉❤❤❤,romanized_nepali,youtube,comment,2026-08-29T07:55:39Z,https://www.youtube.com/watch?v=shcQIucF5cY&lc=Ugx2jys921ck_txxGKR4AaABAg,रसुवा बाढी: गृहमन्त्री सुदन राति &#39;त्रिशुली ३ ए&#39; सुरुङभित्र छिरेपछि | Rasuwa Flood,https://www.youtube.com/watch?v=shcQIucF5cY,रसुवा बाढी,disaster,other,,
d06b505e13f2,"अलि चांडै भएन र बल्ल ६ दिन त हुंदैछ ! लाश निकाल्न जान लागेको? सकुशल ऊद्दार गर्न त १, २ दिन भित्र ऊद्दार गर्नुपर्थ्यो होला नि? विदेशी उद्ारकर्ताले Day1देखि उद्दार गर्न अनुमति माग्दा किन दिएन????",mixed,youtube,comment,2026-08-31T05:24:47Z,https://www.youtube.com/watch?v=U8JI63ADNHw&lc=Ugw3Qqy7pisFE7GzyRB4AaABAg,भोटेकोशी बाढी पछि सरकारले के के गर्यो?|| Nepal Times,https://www.youtube.com/watch?v=U8JI63ADNHw,भोटेकोशी बाढी,disaster,other,,
5ddb868c96a5,कुनै नदि नाला थुन्नेवाला हो र! यश पहिरोले!,devanagari,youtube,comment,2026-08-31T08:00:38Z,https://www.youtube.com/watch?v=BqgJV-55YFM&lc=UgyRlrLOo-cWBXAg1E54AaABAg,गोरखाको चुमनब्री गाउँपालिका ७ छेकम्पार चौरीखर्कमा पहिरो,https://www.youtube.com/watch?v=BqgJV-55YFM,पहिरो,disaster,other,,
aea356954aca,Manche bhanda animals man parcha mata bichara kati dog cat ani sabai aru animal kasle herni khana k khani khali manche ko matra kura cha,romanized_nepali,youtube,comment,2026-08-31T23:11:01Z,https://www.youtube.com/watch?v=_3pyMK8qqss&lc=UgxZd4Xcwn-XJSsvL_Z4AaABAg,जसले म म*र्दैछु बुढी भनेर श्रीमतीलाई भिडियो पठाएका थिए... || RASUWA FLOOD VICTIM STATEMENT ||,https://www.youtube.com/watch?v=_3pyMK8qqss,Rasuwa flood,disaster,other,,
555c76c84906,j payo tei vote bank ho sukumbasi bhaneko yemaley ko kosley sakxa hatauna,romanized_nepali,youtube,reply,2024-09-27T13:58:56Z,https://www.youtube.com/watch?v=lQfpCcYLK74&lc=Ugx4SQKdueSWT_M08k14AaABAg.A8tZJf_FY06A8t_zfQ-uJW,काठमान्डौमा बाढी । कलकी सहित अन्य एरिया ढुबानमा । Flood in Kathmandu!,https://www.youtube.com/watch?v=lQfpCcYLK74,काठमाडौं बाढी,not_disaster,,,
08a00c618827,Dhangadhi ma ta Pani parena,romanized_nepali,youtube,comment,2024-09-30T22:56:14Z,https://www.youtube.com/watch?v=7dXU2Anlqlg&lc=Ugw_cNWQWuxAV0AkumR4AaABAg,Nepal Flood Heaviest Rain in 24 Hour - Kathmandu Valley in Danger?,https://www.youtube.com/watch?v=7dXU2Anlqlg,Kathmandu flood 2024,disaster,other,REVIEW: 'No rain in Dhangadhi' — possibly disputing rain cause; ambiguous,
b2bd1b536f73,Another climate lie,english,youtube,comment,2026-08-29T16:54:41Z,https://www.youtube.com/watch?v=oSGumD31w-0&lc=UgxAaF-mBB9w_B6CUSx4AaABAg,New Nepal flood fears loom as overflowing lake threatens another deadly surge,https://www.youtube.com/watch?v=oSGumD31w-0,Melamchi flood,disaster,other,REVIEW: Climate-denial one-liner; unclear if about flood cause or off-topic,
e252e5047b62,I did not know about either. Thank you,english,youtube,reply,2026-09-02T14:26:34Z,https://www.youtube.com/watch?v=KoUq5bLMo5k&lc=UgwwlTfpTb6cWT3QEMp4AaABAg.AaDKvJMNHKzAaFxZwWAyZH,Nepal&#39;s Flood Came From the Same Mountain That Buried a Village in 2015,https://www.youtube.com/watch?v=KoUq5bLMo5k,Nepal flood 2026,not_disaster,,,
8102076b45cc,M still wondering why these projects did not have a vertical escape hatch.,english,youtube,comment,2026-09-01T15:14:14Z,https://www.youtube.com/watch?v=5SiCIenyxos&lc=UgwiWs8zW8BnYNGAIBx4AaABAg,Nepal tunnel rescue: Geologist maps the deadly conditions,https://www.youtube.com/watch?v=5SiCIenyxos,Nepal flood rescue,disaster,other,,
a6eb5cfb8eb9,so sad for all gone RIP,english,youtube,comment,2026-08-29T14:43:38Z,https://www.youtube.com/watch?v=53yBWAoiGtY&lc=UgwyRtjsuB8kwa7eJxF4AaABAg,Rescuers Pull Survivor From Mud In Hydropower Tunnel | Nepal Floods,https://www.youtube.com/watch?v=53yBWAoiGtY,Nepal flood rescue,disaster,other,,
755b9db50812,Any questions on war crimes that Wong is covering up. No so it’s another USD1 billion from nine,english,youtube,comment,2026-08-28T01:36:55Z,https://www.youtube.com/watch?v=10Bfoy6sWOM&lc=Ugx7WgNAaZ1WrkZK7-d4AaABAg,Hundreds feared dead after Nepal flood disaster | Today Show Australia,https://www.youtube.com/watch?v=10Bfoy6sWOM,Nepal landslide,not_disaster,,,
e4ead742a5d9,सतर्क और सुरक्षित रहने की जरूरत है।,devanagari,youtube,reply,2026-08-27T03:19:45Z,https://www.youtube.com/watch?v=RqjtDeg4fWk&lc=UgwOBF9qg3Z3xThxBmJ4AaABAg.Aa-G0FnK5tjAa-JUq-w3gi,"China, Tibet &amp; Nepal Flood Mystery | What Really Triggered The Disaster? 105 Indians Missing !",https://www.youtube.com/watch?v=RqjtDeg4fWk,Nepal monsoon flood,disaster,warning,,
433db7e12c6f,Engineer haru child vayo explained ma energy xaina,romanized_nepali,youtube,comment,2026-09-01T18:36:36Z,https://www.youtube.com/watch?v=LOGBtLlurxY&lc=Ugz0UbA3rxJCXXkqT654AaABAg,बुलेट ट्रेनको स्पीडमा यसरी आयो बाढी । The Bhotekoshi Flood’s Origin,https://www.youtube.com/watch?v=LOGBtLlurxY,Bhotekoshi flood,disaster,other,,
1bc51dff60b7,सरकारले हर प्रयास गरिरहेको छ नेपाली जनता आम नागरिकलाई जगौनका लागि यो भन्दा ठूलो प्रयास के हुन सक्छ २५ वर्ष देश लुट्नेहरू kai हातमा दिनुपर्ने हो। उनीहरुकै हातमा देश सुम्पिएर उनीहरूले जे भने जस्तै गर्नुपर्ने हो र अब हैन केही गर्न सक्दैन। थाहा त भइसक्यो,mixed,youtube,comment,2026-09-01T15:33:01Z,https://www.youtube.com/watch?v=G6L0zXYDtRo&lc=Ugz0DmbnvTyy2TgLVHl4AaABAg,"चीनको चेतावनी : छोचेन आसपास हिमनदी भत्किए ठूलो जोखिम, राहत र उद्धार जारी | Prime Time",https://www.youtube.com/watch?v=G6L0zXYDtRo,राहत उद्धार,disaster,other,,
14c3d0e270ad,जब नेपाली सेना ❤❤🎉🎉,devanagari,youtube,comment,2026-09-01T13:27:52Z,https://www.youtube.com/watch?v=0PJT8KN7wuM&lc=UgwitpddrWS7RM2ujjR4AaABAg,"बाढी प्रभावित क्षेत्रहरूमा राहत वितरण, खोज तथा उद्धारमा #नेपालीसेना....#BhoteKoshiFlood #nepaliarmy",https://www.youtube.com/watch?v=0PJT8KN7wuM,बाढी,not_disaster,,,
77055a5f2fc2,अभको समय सबल भगवान नाम लियेर पबित्र बनाउदै जाउ नत्र 90% मानिस मर्ने पक्का छ अभ नयायुगको सुरुवात पुरानो सबको बिनास जरुर हुन्छ अाफुलाई मानव न बनाये काल कसैलाई निम्तो दिदै अाउदैन यो नमुना हो अरुयेस्तो समय अाउदैछ कल्पना पनि मृतु जतिकै हुन्छ यो खबर सबको लागि हो केवल भगवानको नाम जसरि पनि गर्नु नत्र यो पछि घरघर भित्रकाल पस्दैछ,devanagari,youtube,comment,2026-09-02T03:58:14Z,https://www.youtube.com/watch?v=_3pyMK8qqss&lc=UgxHl34lHolCyauM7VB4AaABAg,जसले म म*र्दैछु बुढी भनेर श्रीमतीलाई भिडियो पठाएका थिए... || RASUWA FLOOD VICTIM STATEMENT ||,https://www.youtube.com/watch?v=_3pyMK8qqss,Rasuwa flood,disaster,other,,
bf2fe634bff1,Bagwan Bhagwan ki kripa hoti to Aaj Nepal mein badh nahin aata,romanized_nepali,youtube,comment,2026-09-01T15:54:34Z,https://www.youtube.com/watch?v=y2WA4DqSU4c&lc=UgyTgm-ebF-GCOarKxF4AaABAg,Nepal Flood LIVE 2026 | Massive Destruction &amp; Shocking Scenes,https://www.youtube.com/watch?v=y2WA4DqSU4c,Nepal flood 2026,disaster,other,,
542264b6f7e8,Dukhai dhukha hami nepali lai ab ta balen sarkhar ayo kehi hunxa ki vane asha thiyo desh ko dhukuti saby yamale kangresh mawobadi le sakhap pareko xa 🥲🥲🥲🥲🥲🥲😭😭😭😭😭😭😭😭😭😭😭,romanized_nepali,youtube,comment,2026-08-27T12:36:19Z,https://www.youtube.com/watch?v=V5dIZaqFlRA&lc=UgwUoXiX-hiJm1aH9BR4AaABAg,तिब्बतमा भूकम्प नेपालमा बाढी ||The reason behind Rasuwa Flood || SIDHAKURA ||,https://www.youtube.com/watch?v=V5dIZaqFlRA,काठमाडौं बाढी,disaster,other,,
c361fe362cdf,Good . Nepal government working hard.,english,youtube,comment,2026-08-31T06:09:14Z,https://www.youtube.com/watch?v=U8JI63ADNHw&lc=Ugxbd-6BEjIgo2WKGBh4AaABAg,भोटेकोशी बाढी पछि सरकारले के के गर्यो?|| Nepal Times,https://www.youtube.com/watch?v=U8JI63ADNHw,भोटेकोशी बाढी,disaster,other,,
47f8a9438836,"Hamro Nepalko ñaya sarkarko Pradhan Mantri Balen Shah , 6:58 Griha Mantri Sudan Gurung ra Sabhapati Rabi Lamichhane bhanda ramro aru kohi chhaina,hamilai yo bhanda aru kohi chahiyeko chhaina.Jay Nepal,(hami Sherpa Samuha)",romanized_nepali,youtube,comment,2026-09-02T09:31:01Z,https://www.youtube.com/watch?v=KeM1GzYqlWU&lc=UgxfH8AnvHsdSE5R6kd4AaABAg,"भोटेकोशी बाढी : सुरुङभित्रबाट LIVE, विश्वकै ध्यान तान्ने बालेनको तयारी, चीनको फोटो, फेरि बाढी ?",https://www.youtube.com/watch?v=KeM1GzYqlWU,बाढी,not_disaster,,,
ff895b91a218,Thanking you for bringing a great expert on the show. It’s already proven (second day of the disaster) where it originated from. Now the question is how can we prevent this kind of calamity. I know we cannot stop act of nature but we can get better at predicting…,english,youtube,comment,2026-08-27T20:03:55Z,https://www.youtube.com/watch?v=2Q9nqCljo3g&lc=UgxE3CrIptN0Uy6NbaN4AaABAg,रसुवामा भीषण बाढी किन आयो ? Dr. Nitesh Khadka सँग कुराकानी,https://www.youtube.com/watch?v=2Q9nqCljo3g,बाढी,disaster,other,,
7adc01b47b05,सुभ समाचार सुन्न पाइयोस्,devanagari,youtube,comment,2026-08-31T05:17:17Z,https://www.youtube.com/watch?v=U8JI63ADNHw&lc=UgwxIYOmm2lynPzySb14AaABAg,भोटेकोशी बाढी पछि सरकारले के के गर्यो?|| Nepal Times,https://www.youtube.com/watch?v=U8JI63ADNHw,भोटेकोशी बाढी,disaster,other,,
9970c8698135,Tal thayo tamang haru milara katako dada lai manju shree lay katako bhancha 😂 hamro history ma manju shree jadugarv😂,romanized_nepali,youtube,comment,2025-07-07T04:27:07Z,https://www.youtube.com/watch?v=LgW6Lu-MIMU&lc=Ugzf5DFguMj9xRiHFSh4AaABAg,चाेभार गल्छी काण्ड and Flood -  Kathmandu Valley in Danger?,https://www.youtube.com/watch?v=LgW6Lu-MIMU,Kathmandu flood 2024,not_disaster,,,
f9d58edff34e,खुसी लाग्यो सकुशल देख्न पाईयो❤️🙏,devanagari,youtube,comment,2026-09-01T11:16:44Z,https://www.youtube.com/watch?v=_3pyMK8qqss&lc=UgzZCScxErNzc0_q2UJ4AaABAg,जसले म म*र्दैछु बुढी भनेर श्रीमतीलाई भिडियो पठाएका थिए... || RASUWA FLOOD VICTIM STATEMENT ||,https://www.youtube.com/watch?v=_3pyMK8qqss,Rasuwa flood,disaster,other,,
d72c0119355e,Insan kaun prakriti ke saath nyay kar raha hai.,english,youtube,comment,2026-09-02T14:45:31Z,https://www.youtube.com/watch?v=PdUawXR08ok&lc=UgyN87pAc529U3jlzmZ4AaABAg,Nepal Flood 2026 | Real cause of Nepal floods? Flood Videos | Madhukar Kotawe #madhukarkotawe #upsc,https://www.youtube.com/watch?v=PdUawXR08ok,Nepal flood 2026,disaster,other,,
e9b177ad0556,धेरै कुरामा रबि ज्यु जस्तो नेता आज भोलि गगन ज्यु पनि धेरै राम्रो छ्न,devanagari,youtube,comment,2026-08-28T04:14:38Z,https://www.youtube.com/watch?v=8moDJFX_06U&lc=UgxYrMgvJYjjrLVW0dB4AaABAg,अझै छ बाढीको डर ! आँसुमा डुबेको देश - सरकार सक्रिय || Rasuwa Flood Nepal || SIDHAKURA ||,https://www.youtube.com/watch?v=8moDJFX_06U,Rasuwa flood,not_disaster,,,
e733814d9155,"बात् एकदम बडियां हो, निमन् लाग्यो ।😊",devanagari,youtube,comment,2025-07-08T02:27:48Z,https://www.youtube.com/watch?v=LgW6Lu-MIMU&lc=UgzbPV03ATU6XYQNPBp4AaABAg,चाेभार गल्छी काण्ड and Flood -  Kathmandu Valley in Danger?,https://www.youtube.com/watch?v=LgW6Lu-MIMU,Kathmandu flood 2024,not_disaster,,,
c9c30610d468,"भगवान् ! ,रक्षा गर सबैको ।😥🙏🙏🕉️",devanagari,youtube,comment,2026-08-26T05:37:04Z,https://www.youtube.com/watch?v=4MhUbG_L2m0&lc=UgwW06e3ZVNq5y3T4gt4AaABAg,"रसुवाबाढीमा हजारौँ बे&#39;पत्ता: इतिहासकै ठुलो बाढीले पुरै रसुवा बगायो, सबै तह&#39;सनहस पार्यो Rasuwa",https://www.youtube.com/watch?v=4MhUbG_L2m0,रसुवा बाढी,not_disaster,,,
99c7f1e1785c,तेसठाउमा बसदेखेछ भनी मेराे भाइछ छ हाेला छेउकाे भेले भेटेकाे थियाे तेइछहाेला भाइ हिलाेमा डुबेकाे छ कसले झिकन सकछर झिकन 😭😭😭😭😭😭,devanagari,youtube,comment,2026-09-02T10:57:26Z,https://www.youtube.com/watch?v=_3pyMK8qqss&lc=UgzDof0-DkVOIq7vnqZ4AaABAg,जसले म म*र्दैछु बुढी भनेर श्रीमतीलाई भिडियो पठाएका थिए... || RASUWA FLOOD VICTIM STATEMENT ||,https://www.youtube.com/watch?v=_3pyMK8qqss,Rasuwa flood,disaster,rescue_needed,,
d8b8bc54454c,इतिहासकै जनता को गृहमन्त्री गोर्खालीको सन्तान सलाम छ 🎉🎉🎉🎉🎉🎉🎉🎉🎉🎉🎉🎉🎉🎉,devanagari,youtube,comment,2026-08-30T03:13:24Z,https://www.youtube.com/watch?v=shcQIucF5cY&lc=UgyduRN-ywVj0Ocb2xV4AaABAg,रसुवा बाढी: गृहमन्त्री सुदन राति &#39;त्रिशुली ३ ए&#39; सुरुङभित्र छिरेपछि | Rasuwa Flood,https://www.youtube.com/watch?v=shcQIucF5cY,रसुवा बाढी,disaster,other,,
47ae602a8f05,यस्तो अवस्था यति राम्रो काम गरिहेको सरकारलाई घेर्ने कुरा गरे भने यी राजनीतिक भनाउदा हरुलाई गाउँ गाउँ घर घर बाट लखेट्नु पर्छ सबै आमनेपाली ले ।,devanagari,youtube,comment,2026-09-02T09:55:02Z,https://www.youtube.com/watch?v=ct2b_Doi9LE&lc=Ugwks16eea2YWnwD3C14AaABAg,"भोटेकोशी बाढी: बालेनको सदनमा सम्बोधन ? विपक्षीको कडा तयारी, सभामुखको विशेष प्रस्ताव",https://www.youtube.com/watch?v=ct2b_Doi9LE,भोटेकोशी बाढी,disaster,other,,
6f28ed801f9e,"अगर सरकारें और लोग अभी भी ग्लोबल वॉर्मिंग का असर नहीं समझे और जैसे आज पेड़ काटे जा रहे हैं और जंगल के जंगल साफ़ किए जा रहे हैं सिर्फ़ कुछ पैसे कमाने के लिए, तो दुख के साथ कहना पड़ रहा है कि ऐसे अभी और हादसे देखने को मिलेंगे और सच कहूँ तो इससे ज़्यादा ख़तरनाक हादसे आने वाले समय में देखने को मिलेंगे...😢",devanagari,youtube,comment,2026-08-27T14:34:48Z,https://www.youtube.com/watch?v=dZJvV8OZsx8&lc=UgyVVbMEFN8wS4tFeQB4AaABAg,"Nepal Flash Flood: Not an Earthquake, But Glacier Collapse? | Rasuwa Flood Explained",https://www.youtube.com/watch?v=dZJvV8OZsx8,Rasuwa flood,disaster,warning,,
b7afa82bb4da,सबै जना सचेतापूर्वक रहनु होला।,devanagari,youtube,comment,2024-10-02T19:24:05Z,https://www.youtube.com/watch?v=3dFCeGRHa_4&lc=UgwzfvhHWQkGeTFhuwh4AaABAg,Flooding in Kathmandu || काठमाडौँमा भयानक विनाशकारी बाढी ll Day - 2,https://www.youtube.com/watch?v=3dFCeGRHa_4,काठमाडौं बाढी,disaster,warning,,
389dbabcbdb9,गर्दनीबाग प्रोटेस्ट पर विडियो बनाई मिश्रा जी 🙋🙋🙋🙋🙋🙋🙋,devanagari,youtube,comment,2026-08-27T11:35:39Z,https://www.youtube.com/watch?v=RqjtDeg4fWk&lc=Ugw7F9rbQzjFtHTMbCx4AaABAg,"China, Tibet &amp; Nepal Flood Mystery | What Really Triggered The Disaster? 105 Indians Missing !",https://www.youtube.com/watch?v=RqjtDeg4fWk,Nepal monsoon flood,not_disaster,,,
f3017ff0f1d6,जय बालेन सरकार ❤ जय गृहमन्त्री सुदन गुरुङ ❤,devanagari,youtube,comment,2026-08-30T12:45:28Z,https://www.youtube.com/watch?v=liBq4Cq6RyU&lc=UgzwFD5yXp7ffj_5Gyd4AaABAg,"त्रिवि अस्पतालको शवगृह भरिँदै, रविसँग बाढी प्रभावित क्षेत्रका जनप्रतिनिधिले पोखे गुनासो",https://www.youtube.com/watch?v=liBq4Cq6RyU,काठमाडौं बाढी,disaster,other,,
8943e810ab6b,Khali hamro pasina ko kamai ko tax ko paisa ghijna para matrai cha ini harulai hamro jyan ko k matlab 😢,romanized_nepali,youtube,reply,2024-09-29T14:42:13Z,https://www.youtube.com/watch?v=7dXU2Anlqlg&lc=UgwfaiHL0tQGm6Piyud4AaABAg.A8yDuouehuIA8yoXOUFlK-,Nepal Flood Heaviest Rain in 24 Hour - Kathmandu Valley in Danger?,https://www.youtube.com/watch?v=7dXU2Anlqlg,Kathmandu flood 2024,disaster,other,,
5d9aec40a064,OVER PROMOTED BUT GROSSLY STUPID COUNTRY IS CHINA. YOU PROMOTE YOURSELF AT THE EXPENSE OF GOOD PEOPLE. YOUR DOWN FALL IS THE CRETION OF YOUR OWN ARROGANT AND STUPID SELFISH LIAR RULERS.,english,youtube,comment,2026-09-01T00:20:23Z,https://www.youtube.com/watch?v=SwSDRJvI2wI&lc=Ugw-fdbwBVbchN6l65B4AaABAg,&#39;Tough reality setting in&#39; on Nepal flood rescue efforts,https://www.youtube.com/watch?v=SwSDRJvI2wI,Nepal flood rescue,not_disaster,,,
d8a715d19e2c,"​​<USER> do understand that nepal has 82 faith and they live peacefully. It a land never conquerd by outsider and who ever attacked nepal lost there empire to someone else. All who invaded nepal requested peace first to end their war. It a land protected by gods. You may talk about yahweh as a jew but remember one thing from kaski district nepal vedh vyas is born who wrote mahabharat, kaski named after khas people (sanskrit tern khasas), sumerian term kashi-te ( abram your father figure was born in iraq ( al-kahra iraq), bible call kashite as cushite ( moses who gave you the comandment) married a cushite women ( kas in south sudan) languge in africa like kishawiali ( sumerian city or kish) and cushitic langauge exist. You talked about judaism to people of nepal. Even note if you have noah then nepal has the himalaya that hindu vishnu puran * says that vishnu machya avtar took human to himalaya as the world was coverd with water. Unlike bible and other version that say turkey then not al-kas in turkey. Bible talks about kingdome of cush ( kush) and that is sudan. You can search south sudan and kush and see that lord ram ( son kush) was king of lans that is south sudan that is the beleif of south sudanese people. What more you want to know who is ram. Just look at lake ram in israel or al-ram in palestine (8km from jerusleam) that is known in bible as ramah and ramitab ( budhism) as well as islam giving it the name al-haran ( al-haram menaing sacred land that even their mecca is surounded by. If people have prohophet and they see gid in vision and dream moses saw them in form of fire. Fire is sacred priest of hindusam. And here you bring yahweeh to nepal (yes nepal has no native jews but ask the country with jew why nepal in 2006 had the second largest atendence for jewish festival. Because people donot fight in name of religion in nepal. If they did you would have been budhist like druzee tribe of israel that is said to be the closest relation to abram (khandar budhism was their blood line) 3 wise men from east who met christ as baby following budhist practice to find their teacher. I think i have said enough. Tell your god to protect your people becuase nepal is protected by 82 faith. We donot fight like you. Even those who send their army to destroy temple of nepal surenderd and became nepali. That just shows why nepal is a spiritualy energised land. I hope i didnot hurt you but see your self caspian sea is named after kas-pi people for it be khasas or kashite or cushite we are the same. Kaspian sea to csspian sea. And here even ramses 2 moses brother letter to king of babylon you can check it was a kashi-te king. Abram born in iraq, iran kashan, afghansitan kash provience,china kash ghar, pakistan mirpur khas, ( sanskrit so khas), india khasi hill.i hope you understand that compared to flood you have more stress. Also i want to aks you a flood that coverd earth what is the highest elevated land on earth? If entire earth is flooded which land will be avilable to human to land. It no hard himalayas as it highest elevated land on earth.",romanized_nepali,youtube,reply,2024-09-28T18:21:31Z,https://www.youtube.com/watch?v=JiKk3HbqbYc&lc=UgzzflTlxA_6g9UYpKF4AaABAg.A8wT15ZkuY3A8wcpieu4v1,Severe Floods In Nepal’s Capital Kathmandu Kills At Least 32 | Subscribe to Firstpost,https://www.youtube.com/watch?v=JiKk3HbqbYc,Kathmandu flood 2024,not_disaster,,,
f410b06716b2,कुदरत सभी पर अपनी कृपा बनाये रखे,devanagari,youtube,comment,2026-08-27T13:06:05Z,https://www.youtube.com/watch?v=RqjtDeg4fWk&lc=Ugw4cy3mZj6L-wwN0sJ4AaABAg,"China, Tibet &amp; Nepal Flood Mystery | What Really Triggered The Disaster? 105 Indians Missing !",https://www.youtube.com/watch?v=RqjtDeg4fWk,Nepal monsoon flood,not_disaster,,,
c2f1268ec92a,how can we say it's fake ?not sure,english,youtube,comment,2026-09-01T20:32:47Z,https://www.youtube.com/watch?v=KoUq5bLMo5k&lc=UgyPtp3cm8sc0aN_rUt4AaABAg,Nepal&#39;s Flood Came From the Same Mountain That Buried a Village in 2015,https://www.youtube.com/watch?v=KoUq5bLMo5k,Nepal flood 2026,disaster,other,"REVIEW: 'How can we say it's fake?' — reply fragment, referent unclear",
e7dca469e0a4,यो तपाईंले 5 वर्ष अगाडिनै गरेको भविष्यबाणी मिलेको छ तपाईको कुरा कसैले सुनेन तर म हरेक दिन बिस्सो घटना हेर्छु 🙏🙏🙏,devanagari,youtube,comment,2026-08-30T04:11:06Z,https://www.youtube.com/watch?v=7btVdvcrEzc&lc=Ugz7oPmmC6-EFr_B4a94AaABAg,हिमताल विष्फोटनको सुनामी || Himalayan Tsunami Risk | Is the Rasuwa Flood a Warning of Cascade GLOFs?,https://www.youtube.com/watch?v=7btVdvcrEzc,Rasuwa flood,disaster,other,,
983d72196dcb,So glad for your son.,english,youtube,reply,2026-08-26T23:57:32Z,https://www.youtube.com/watch?v=9ZvUQ7aoehw&lc=UgyPSkMaLh0dp1bZG7N4AaABAg.A_zdnxIaAnhA_zxLii5Y2X,Nepal’s Deadly Flash Flood: What Triggered It?,https://www.youtube.com/watch?v=9ZvUQ7aoehw,Nepal landslide,disaster,other,REVIEW: 'Glad for your son' with no context; survivor vs unrelated,
9ab9274593d5,ग्लोबल वॉर्मिंग का कारण समझ मे आ रहा है क्योंकि अभी तक इतना बड़ा ग्लेशियर कोलैप्स नही हुआ। आने वाले समय मे ऐसे ही बर्फ पिघल पिघल के धरती को धीरे धीरे डूबा देगी। co2 की मात्रा मे निरंतर बढ़ोत्री हो रही हैं। यदि समय रहते कोई ठोस कदम नही उठाया गया तो इसका विशाल रूप देखने को मिलेगा। हम सभी लोग रील बनाते बनाते उसी मे डूब जायेंगे।,mixed,youtube,comment,2026-08-31T18:25:49Z,https://www.youtube.com/watch?v=zTlJtMz5ESk&lc=Ugyhb9k4rBssDSHJqS54AaABAg,Nepal Flood 2026 | Real cause of Nepal floods? Flood Videos | Madhukar Kotawe #madhukarkotawe #upsc,https://www.youtube.com/watch?v=zTlJtMz5ESk,Nepal monsoon flood,disaster,other,,
be3ffaf12af1,Aafnae laparbahi le mareko rahexa dherae chae k vanne aba,romanized_nepali,youtube,comment,2026-09-02T06:50:28Z,https://www.youtube.com/watch?v=vtVYqWRSIQw&lc=UgwpxVxqOUv7sSmpVRV4AaABAg,अकस्मात बाढी आउँदा के भयो ? प्रत्यक्षदर्शीले सुनाए आँखैअगाडिको भयावह दृश्य | Flood Report,https://www.youtube.com/watch?v=vtVYqWRSIQw,बाढी,disaster,other,,
db56f15fb51a,दबी देऊ ता को नाम मा बलि बन द गर्नु हजूर,devanagari,youtube,comment,2026-08-29T21:17:27Z,https://www.youtube.com/watch?v=0PJT8KN7wuM&lc=UgzNSSgrK37qVOQknUR4AaABAg,"बाढी प्रभावित क्षेत्रहरूमा राहत वितरण, खोज तथा उद्धारमा #नेपालीसेना....#BhoteKoshiFlood #nepaliarmy",https://www.youtube.com/watch?v=0PJT8KN7wuM,बाढी,not_disaster,,,
f83f7134f0ed,I'm American and we care about ALL human beings missing or dead! This is devastating equally for all!!,english,youtube,comment,2026-08-29T15:20:50Z,https://www.youtube.com/watch?v=6Y3iQJ9W_o4&lc=UgxlbdeejkO0tVmPj-t4AaABAg,Nepal Landslide Disaster: Dozens Of Americans Among The Missing. What You Need To Know - August 27,https://www.youtube.com/watch?v=6Y3iQJ9W_o4,Nepal landslide,disaster,other,,
5504a3a6e43d,रिपोर्टिङ गर्दा अलि एकान्तमा गर सयौ मानिस बोलेर बुझ्न सकिएन । अति दुखत घटना भएछ भगवानले साथ दिउन र मृतक लाई रिप र घाईतहरुको शुवास्थ्य लाभको कामना।😂,devanagari,youtube,comment,2026-08-26T06:43:15Z,https://www.youtube.com/watch?v=4MhUbG_L2m0&lc=Ugwrl3kLWb41b4xhIUV4AaABAg,"रसुवाबाढीमा हजारौँ बे&#39;पत्ता: इतिहासकै ठुलो बाढीले पुरै रसुवा बगायो, सबै तह&#39;सनहस पार्यो Rasuwa",https://www.youtube.com/watch?v=4MhUbG_L2m0,रसुवा बाढी,disaster,other,,
b9abb3ae305e,Sat shaheb ji parmatma ko daya le sabai jana aama boba didi baini daju bhai nani haru sabai lai parmatma le rakcha garun,romanized_nepali,youtube,comment,2026-08-30T15:00:31Z,https://www.youtube.com/watch?v=OX3qvyLoUck&lc=UgxGNpef2aMICPncEaB4AaABAg,Ground Report: घर र सपना बगाएको विपत्तिमा कसरी सहारा बन्यो &#39;अन्नपूर्णा अभियान&#39;? | SA News Nepal,https://www.youtube.com/watch?v=OX3qvyLoUck,बाढी पहिरो उद्धार,not_disaster,,,
273f18806e31,Lol india has sent more aid than your country,english,youtube,reply,2026-08-31T08:52:19Z,https://www.youtube.com/watch?v=ocZ2KvO1480&lc=Ugy4x8fmNQazvjt7Y3N4AaABAg.Aa86JG4R4UOAaACj6cq6IJ,Road collapses in Nepal landslide four days after floods | AJ #shorts,https://www.youtube.com/watch?v=ocZ2KvO1480,Nepal landslide,disaster,other,,
fdc4b8aa5139,Oh How sad. God save this 0people,english,youtube,comment,2026-08-30T10:43:26Z,https://www.youtube.com/watch?v=9pUjRIPxQQM&lc=UgxceKjbzih7tlsyR1t4AaABAg,"&#39;Deserted Markets, Grieving Families&#39;: Nepal Flood Devastation Deepens | Ground Report",https://www.youtube.com/watch?v=9pUjRIPxQQM,Melamchi flood,disaster,other,,
c71947be339f,Please everyone be safe😭,english,youtube,comment,2026-08-26T06:29:56Z,https://www.youtube.com/watch?v=4MhUbG_L2m0&lc=UgydgHmuAEr_e5YNlFF4AaABAg,"रसुवाबाढीमा हजारौँ बे&#39;पत्ता: इतिहासकै ठुलो बाढीले पुरै रसुवा बगायो, सबै तह&#39;सनहस पार्यो Rasuwa",https://www.youtube.com/watch?v=4MhUbG_L2m0,रसुवा बाढी,disaster,other,,
e18d2503e1b9,Purai genuine yati stick video haru pata lagauna kati mehnat lagxa hola 😮 Great 👍👍,romanized_nepali,youtube,comment,2026-09-01T14:11:32Z,https://www.youtube.com/watch?v=njBnqiiTeZo&lc=UgwjzlI2DioyWdK29bp4AaABAg,Nepal Flash Flood 2026,https://www.youtube.com/watch?v=njBnqiiTeZo,Nepal flood 2026,not_disaster,,,
cedaaf9a1c0a,खोला जती गयपनी जग्गाको भाउ काठमाडौं माआनाको२ करोड भन्दा घटेन केगर्नु,devanagari,youtube,comment,2024-09-27T14:45:30Z,https://www.youtube.com/watch?v=lQfpCcYLK74&lc=Ugz5WBq4hLPRcZvI3SZ4AaABAg,काठमान्डौमा बाढी । कलकी सहित अन्य एरिया ढुबानमा । Flood in Kathmandu!,https://www.youtube.com/watch?v=lQfpCcYLK74,काठमाडौं बाढी,disaster,other,,
704d91f528f8,नेपालमा त एउटा आर्मी हुन्छत नेपाल आर्मी यो कुन आर्मी हो आरएसएस ले पालेको भतुवा हरू त होनी ड्रेस पनि भारतीय lagairachha,mixed,youtube,comment,2026-09-02T06:48:51Z,https://www.youtube.com/watch?v=Iq204O8qskw&lc=Ugwqwy06AeQ0_KZo99p4AaABAg,रसुवा बाढी प्रभावित क्षेत्रमा देखिएको गृनआर्मी के हो? कुन उदेश्यले संचालितछ ? यसरी बुझौ।।,https://www.youtube.com/watch?v=Iq204O8qskw,रसुवा बाढी,disaster,other,,
64dc8521b34c,Devastating and heartbreaking !! 9:22 helicopter flying through the gorge and seeing how high the water was !! Horrifying,english,youtube,comment,2026-08-26T19:27:45Z,https://www.youtube.com/watch?v=Ifyi4V68w70&lc=UgySImKkGqrEBDnfxaJ4AaABAg,Nepal flash flood engulfs China border: Drone footage and more video shows widespread damage,https://www.youtube.com/watch?v=Ifyi4V68w70,Kathmandu flood 2024,disaster,other,,
acce999bb578,That's poor weather alright.,english,youtube,comment,2026-08-29T11:55:29Z,https://www.youtube.com/watch?v=oabnh5Ads_I&lc=UgxnT0dx98Mjv1VuuEV4AaABAg,Scene in Nuwakot District as poor weather hampers rescue efforts in Nepal,https://www.youtube.com/watch?v=oabnh5Ads_I,Melamchi flood,disaster,other,,
9a6dad765573,Sarai dukha lagyo k garnu prakriti KO khel😢😢,romanized_nepali,youtube,comment,2026-08-26T09:27:39Z,https://www.youtube.com/watch?v=csH4Wydq4w8&lc=UgzWVA2gIk0yb_1ZmZx4AaABAg,Rasuwa Flood 1 PM Live Update: Massive Destruction Across Rasuwa | Rescue Operation Underway,https://www.youtube.com/watch?v=csH4Wydq4w8,Rasuwa flood,disaster,other,,
37e2c47c0e6a,Congratulations dai God bless you,english,youtube,comment,2026-08-31T16:17:59Z,https://www.youtube.com/watch?v=_3pyMK8qqss&lc=UgzRc05OxhoUdbUTsCl4AaABAg,जसले म म*र्दैछु बुढी भनेर श्रीमतीलाई भिडियो पठाएका थिए... || RASUWA FLOOD VICTIM STATEMENT ||,https://www.youtube.com/watch?v=_3pyMK8qqss,Rasuwa flood,disaster,other,REVIEW: Congratulations with no context; survivor vs unrelated,
dbf85f320320,Sornim❤bhanne🎉maha❤pasulai🎉chhalakadera❤nunchuk🎉lagsunu❤parchha🎉kharani dal tob thag gyang❤lakhetau🎉des bachau❤jaydes🎉jaynares❤,english,youtube,comment,2026-09-02T15:07:35Z,https://www.youtube.com/watch?v=8AVNZen9lnk&lc=Ugw2YQcB4qZVluqhLDt4AaABAg,भोटेकोशी बाढी महा विपत्ती बन्दै ! उद्धार र राहत वितरण गर्दाको तमासालाई बुझौं !,https://www.youtube.com/watch?v=8AVNZen9lnk,भोटेकोशी बाढी,not_disaster,,,
8c69ee1a112e,समय घर्किसकेपछि मात्र कुरा बुझ्ने तर कमेण्टबाट गाली गर्न साह्रै हतारिनेहरू पो धेरै भयौँ कि अहिले नेपालाँ?,devanagari,youtube,comment,2026-09-02T12:36:32Z,https://www.youtube.com/watch?v=8AVNZen9lnk&lc=UgxUBDS6HkKdLegh3894AaABAg,भोटेकोशी बाढी महा विपत्ती बन्दै ! उद्धार र राहत वितरण गर्दाको तमासालाई बुझौं !,https://www.youtube.com/watch?v=8AVNZen9lnk,भोटेकोशी बाढी,disaster,other,,
e9824b308379,Manxe haru Balen Lai Dos. didai Xan Rajniti ho ni,romanized_nepali,youtube,comment,2026-08-28T00:26:45Z,https://www.youtube.com/watch?v=njBnqiiTeZo&lc=UgyRulFFrliOKnksEHN4AaABAg,Nepal Flash Flood 2026,https://www.youtube.com/watch?v=njBnqiiTeZo,Nepal flood 2026,disaster,other,,
75b0304b3b96,Hamro balen sarkar le kati pardeshi kam gardai xa desha bidesha bat aayeko sahyog ra rahat ko ni bibaran dedain gayeko xan yesto pm kaha paunu janta satha dinu hos plz,romanized_nepali,youtube,comment,2026-08-31T06:19:14Z,https://www.youtube.com/watch?v=U8JI63ADNHw&lc=UgxFyQzBY2Mb8WYZsFh4AaABAg,भोटेकोशी बाढी पछि सरकारले के के गर्यो?|| Nepal Times,https://www.youtube.com/watch?v=U8JI63ADNHw,भोटेकोशी बाढी,disaster,other,,
1c4e190e3f96,धेरै धेरै दुःख लाग्यो,devanagari,youtube,comment,2026-08-27T13:53:09Z,https://www.youtube.com/watch?v=V5dIZaqFlRA&lc=Ugzm-zsoYdqZzGEnm1B4AaABAg,तिब्बतमा भूकम्प नेपालमा बाढी ||The reason behind Rasuwa Flood || SIDHAKURA ||,https://www.youtube.com/watch?v=V5dIZaqFlRA,काठमाडौं बाढी,disaster,other,,
6d00d5a37297,"काे चाेर , काे जन सेबि , जनताले ८४ मा देखाउने छन् । अहिले बिपद्मा जुटाैँ । ❤❤❤ ।",devanagari,youtube,comment,2026-09-02T10:37:56Z,https://www.youtube.com/watch?v=ct2b_Doi9LE&lc=UgwX6Er1Mk5Oltd1Hoh4AaABAg,"भोटेकोशी बाढी: बालेनको सदनमा सम्बोधन ? विपक्षीको कडा तयारी, सभामुखको विशेष प्रस्ताव",https://www.youtube.com/watch?v=ct2b_Doi9LE,भोटेकोशी बाढी,disaster,other,,
725b9cfddf92,प्रकृति के साथ छेड़छाड़ करने पर ऐसा ही होगा?,devanagari,youtube,comment,2026-08-27T04:04:27Z,https://www.youtube.com/watch?v=Rx8LmvSW-DY&lc=UgzmhiWnyQDdY5ZOtn54AaABAg,Nepal Flood Viral Video :बाढ़ के बाद तबाह हुआ पूरा नेपाल ! | N18S | Nepal Flood | Viral News | Nepal,https://www.youtube.com/watch?v=Rx8LmvSW-DY,Nepal monsoon flood,disaster,other,,
517c736edd69,"यो tob त हैन?केही रहस्य अवस्य छ,खोतल्नु पर्छ।",mixed,youtube,comment,2026-09-02T03:40:01Z,https://www.youtube.com/watch?v=Iq204O8qskw&lc=UgxArQDYMBVYkTLGPMx4AaABAg,रसुवा बाढी प्रभावित क्षेत्रमा देखिएको गृनआर्मी के हो? कुन उदेश्यले संचालितछ ? यसरी बुझौ।।,https://www.youtube.com/watch?v=Iq204O8qskw,रसुवा बाढी,disaster,other,,
92e3be257d6d,Why can't nepal do anything on it's own? Why does someone else always have to help?,english,youtube,reply,2026-08-29T11:32:14Z,https://www.youtube.com/watch?v=oabnh5Ads_I&lc=Ugz9L_3l3AdG8JnYEZ94AaABAg.Aa5Kzx3VOZ2Aa5LRY8Olpx,Scene in Nuwakot District as poor weather hampers rescue efforts in Nepal,https://www.youtube.com/watch?v=oabnh5Ads_I,Melamchi flood,disaster,other,,
b957db098120,Airport maa चरा हरु उडेको देखियो खास के हो?,mixed,youtube,comment,2026-09-01T03:49:23Z,https://www.youtube.com/watch?v=6JlAQTEEyP0&lc=Ugw2GxUREOYhEQ6kAnd4AaABAg,🇨🇳चीनका दुई भिषण जहाज काठमान्डुमा Two Chinese Y-20 Aircraft Bring 50 Tons of Flood Relief to Nepal✈️,https://www.youtube.com/watch?v=6JlAQTEEyP0,Melamchi flood,not_disaster,,REVIEW: Birds at airport question; relevance to disaster unclear,
e033c58f53b7,जय गृहमन्त्रि 👏👏🙏,devanagari,youtube,comment,2026-08-29T10:10:15Z,https://www.youtube.com/watch?v=shcQIucF5cY&lc=Ugxv3T4QTFgIKmEG2Gd4AaABAg,रसुवा बाढी: गृहमन्त्री सुदन राति &#39;त्रिशुली ३ ए&#39; सुरुङभित्र छिरेपछि | Rasuwa Flood,https://www.youtube.com/watch?v=shcQIucF5cY,रसुवा बाढी,disaster,other,,
568c70de5bb9,ये ट्रेलर है पिक्चर बाकी है देखते जाओ आगे क्या क्या होता हैं।।😢😢,devanagari,youtube,comment,2026-08-28T02:29:50Z,https://www.youtube.com/watch?v=RqjtDeg4fWk&lc=UgxfFqBUTszu8jy_7bt4AaABAg,"China, Tibet &amp; Nepal Flood Mystery | What Really Triggered The Disaster? 105 Indians Missing !",https://www.youtube.com/watch?v=RqjtDeg4fWk,Nepal monsoon flood,disaster,other,,
cf076390244b,​<USER>-k7o4r lack of education🤡 Balendra shah was born in madhesh province of Nepal not India 😂,english,youtube,reply,2026-08-26T14:15:35Z,https://www.youtube.com/watch?v=csH4Wydq4w8&lc=UgwwrleNe1wIfY9-5jV4AaABAg.A_yWxQNIPYYA_yukNO5CtV,Rasuwa Flood 1 PM Live Update: Massive Destruction Across Rasuwa | Rescue Operation Underway,https://www.youtube.com/watch?v=csH4Wydq4w8,Rasuwa flood,not_disaster,,,
b5ee5cf90a4a,"Bhadra 10 ko badhi bhadra 23/ 24 ko genz ko bikasit rup ho yo arko genz aandolan ho , bhadra 23 / 24 ma singh darbar sansad sital nibas sarbochcha adalat jalyo 82 manchhe mariye ahile bhadra 10 ma 1000 manchhe mariye 500 ghar bagayiyo yo arko paschima ko attack ho yasma nepal army ghanti balen rabi sudan swarnim sabai matiyar aparadhi hun yo nepal sidhyaune mission ho",romanized_nepali,youtube,comment,2026-09-02T13:35:26Z,https://www.youtube.com/watch?v=8AVNZen9lnk&lc=UgxHzDod5qkH3dnkOtR4AaABAg,भोटेकोशी बाढी महा विपत्ती बन्दै ! उद्धार र राहत वितरण गर्दाको तमासालाई बुझौं !,https://www.youtube.com/watch?v=8AVNZen9lnk,भोटेकोशी बाढी,disaster,other,,
961e0bd52979,बाच्नु भयो त्यहि राम्रो दिदी,devanagari,youtube,comment,2026-08-31T08:21:44Z,https://www.youtube.com/watch?v=AbLTmMuesxM&lc=UgyFJ_z6JBeroY2Ku-N4AaABAg,Bhotekoshi Flood आफ्नै परिवारले नै बाढीमा फसेका ६ जनाको उद्धार यसरी गर्यो हेर्नुहोस | Nuwakot Nepal,https://www.youtube.com/watch?v=AbLTmMuesxM,Bhotekoshi flood,disaster,other,,
3d9b3b43b1b0,खरानी ग्याङ्गले चिनी प्रविधि लाई बाइपास गरेर अमेरिका सेनाको प्रविधि भित्र्याउने खेल हुँदै छ ।,devanagari,youtube,comment,2026-09-02T15:04:42Z,https://www.youtube.com/watch?v=8AVNZen9lnk&lc=UgxQgcR_KNNMLDosiQZ4AaABAg,भोटेकोशी बाढी महा विपत्ती बन्दै ! उद्धार र राहत वितरण गर्दाको तमासालाई बुझौं !,https://www.youtube.com/watch?v=8AVNZen9lnk,भोटेकोशी बाढी,disaster,other,,
d709d8d6979f,अब खाद्यान्न मा अब कति कालो बजारी गर्छन बिचौलिया ले😢😢😢,devanagari,youtube,comment,2026-08-26T11:52:33Z,https://www.youtube.com/watch?v=dc7VSPoZUNE&lc=UgwHCLpAG_we_Vv15CB4AaABAg,"RASUWA FLOOD LIVE: 4 PM LATEST UPDATE | Trishuli on HIGH ALERT, Massive Rescue Operation Underway",https://www.youtube.com/watch?v=dc7VSPoZUNE,Rasuwa flood,disaster,other,,
43cdba1cdd09,Jay balen sarkar Jay Nepal 🇳🇵🙏 jay ghanti 🔔🇳🇵,romanized_nepali,youtube,comment,2026-08-31T05:55:31Z,https://www.youtube.com/watch?v=U8JI63ADNHw&lc=UgyJz-GwXcS7y5VwUTF4AaABAg,भोटेकोशी बाढी पछि सरकारले के के गर्यो?|| Nepal Times,https://www.youtube.com/watch?v=U8JI63ADNHw,भोटेकोशी बाढी,not_disaster,,,
96c09720d847,रक्षा गर भगवान😢😢,devanagari,youtube,comment,2026-08-26T11:53:30Z,https://www.youtube.com/watch?v=uuNq2nPw-yc&lc=Ugz4iuI49IqAZv3qJAh4AaABAg,रसुवागढी बाढी: Rasuwagadi badi update | nepali news | rasuwa badhi news today | badhi pahiro,https://www.youtube.com/watch?v=uuNq2nPw-yc,Nepal badhi pahiro,not_disaster,,,
6a9997b2bd2a,Papi haru dherai vyera hok,romanized_nepali,youtube,comment,2026-08-26T12:51:58Z,https://www.youtube.com/watch?v=csH4Wydq4w8&lc=UgxFrcYFAvd7RMGYLI54AaABAg,Rasuwa Flood 1 PM Live Update: Massive Destruction Across Rasuwa | Rescue Operation Underway,https://www.youtube.com/watch?v=csH4Wydq4w8,Rasuwa flood,not_disaster,,,
f4ca9bea0d60,Unbelievable 😲..😥🙏,english,youtube,comment,2026-08-26T22:09:43Z,https://www.youtube.com/watch?v=9ZvUQ7aoehw&lc=Ugyr0wj0gLVLlnANtep4AaABAg,Nepal’s Deadly Flash Flood: What Triggered It?,https://www.youtube.com/watch?v=9ZvUQ7aoehw,Nepal landslide,disaster,other,,
fa6d16a3e9cf,साह्रै राम्रो बिश्लेषण,devanagari,youtube,comment,2026-09-02T14:31:00Z,https://www.youtube.com/watch?v=8AVNZen9lnk&lc=UgzV6CUgWdN314Gowxl4AaABAg,भोटेकोशी बाढी महा विपत्ती बन्दै ! उद्धार र राहत वितरण गर्दाको तमासालाई बुझौं !,https://www.youtube.com/watch?v=8AVNZen9lnk,भोटेकोशी बाढी,disaster,other,,
2eb5537798c2,"तर्क सँग सहमत छैन म। किनकी, हिँउको ढिको पग्लिन लगभग 24 घण्टा लाग्छ, चिसो ठाउँमा ! गर्मीमा 6-9 घण्टा लाग्छ। त्यहाँ पानीको ठुलो मुल हुन्न। हिउँ ले त्यत्रो विध्वंस गर्दैन। जबसम्म हिमताल फुट्दैन तबसम्म यस्तो घटना हुँदैन। म आफै हिउँ मा बसेर हेरेको छु। हावादारी कुरो नगरौं । चाइना सरकारले बेलैमा सूचना दिएको थियो भने, यत्रो विनाश हुने थिएन। विज्ञ ले कुरो चपाएर बोलेको सुहाएन।",devanagari,youtube,comment,2026-08-27T13:25:16Z,https://www.youtube.com/watch?v=2Q9nqCljo3g&lc=UgzluwDm3W1uagfTGyh4AaABAg,रसुवामा भीषण बाढी किन आयो ? Dr. Nitesh Khadka सँग कुराकानी,https://www.youtube.com/watch?v=2Q9nqCljo3g,बाढी,disaster,other,,
acfb34a2a4d5,"विदेशी विज्ञले जे भने नी, नेपालीहरु बाँच्नु पर्यो । Disaster र after math rescue सम्बन्धी देशको सरकारी रणनैतिक योजना खै, भएको भए टनेलमा उद्धार किन ढिलो ।",mixed,youtube,comment,2026-08-31T16:34:26Z,https://www.youtube.com/watch?v=qHNX0jV1XTg&lc=UgwaXqphtsJhuwprPm94AaABAg,विश्वका मिडियाले भोटेकोशीको बाढी बारे के भने ? || Nepal Times,https://www.youtube.com/watch?v=qHNX0jV1XTg,बाढी,disaster,other,,
10c596dc93ce,Chinese engineers screwed up is what happened. It’s related to their dam construction.,english,youtube,comment,2026-08-28T02:12:42Z,https://www.youtube.com/watch?v=Kf6CeSTrCqY&lc=UgwClol_sikHl1Ydwl54AaABAg,Nepal China Border Flood 2026,https://www.youtube.com/watch?v=Kf6CeSTrCqY,Nepal flood 2026,disaster,other,,
9203eb5a0c72,Lol maybe...i bet some dam burst,english,youtube,reply,2026-08-26T15:23:44Z,https://www.youtube.com/watch?v=6Lj7GumgvIQ&lc=Ugzefxfv687re10yBmh4AaABAg.A_y_Ra4uz0MA_z1YYyt6Au,Nepal Flash Flood Disaster Causes Damage: Heavy Casualties Feared | WION Breaking,https://www.youtube.com/watch?v=6Lj7GumgvIQ,Kathmandu flood 2024,disaster,other,,
e76f46d56e97,Sir htt jaajaliye apake piche flood aa gya ..😂,english,youtube,comment,2026-09-01T06:14:59Z,https://www.youtube.com/watch?v=zTlJtMz5ESk&lc=UgxDng-90-wmmBagypZ4AaABAg,Nepal Flood 2026 | Real cause of Nepal floods? Flood Videos | Madhukar Kotawe #madhukarkotawe #upsc,https://www.youtube.com/watch?v=zTlJtMz5ESk,Nepal monsoon flood,disaster,other,,
dd4d10c04c56,गगन थापा को कुरा मा सहमत छु,devanagari,youtube,comment,2026-08-28T03:25:40Z,https://www.youtube.com/watch?v=8moDJFX_06U&lc=Ugzp9mbTTwFp9arruER4AaABAg,अझै छ बाढीको डर ! आँसुमा डुबेको देश - सरकार सक्रिय || Rasuwa Flood Nepal || SIDHAKURA ||,https://www.youtube.com/watch?v=8moDJFX_06U,Rasuwa flood,not_disaster,,,
93216982a404,Thanks for sharing your perspective and for watching.,english,youtube,reply,2026-08-31T02:41:35Z,https://www.youtube.com/watch?v=x-_WGz3ydwY&lc=UgwBkdd4DW6DVjqTWml4AaABAg.Aa9Xfm5QQ02Aa9YIkQfbqK,Nepal–Tibet Mega Flood 2026: What Really Caused It?,https://www.youtube.com/watch?v=x-_WGz3ydwY,Nepal flood 2026,not_disaster,,,
1fe8d318717b,"प्रम बालेन ज्यु, टिमुरे, रसुवा, त्रिशुली,बेत्राबती जस्तो बस्ती नेपालमा अरु कहाँ कहाँ छन? तत्काल हटाउन अनुरोध छ ।",devanagari,youtube,comment,2026-08-31T09:07:16Z,https://www.youtube.com/watch?v=U8JI63ADNHw&lc=UgxddLjDf4Ohxy1HZM94AaABAg,भोटेकोशी बाढी पछि सरकारले के के गर्यो?|| Nepal Times,https://www.youtube.com/watch?v=U8JI63ADNHw,भोटेकोशी बाढी,disaster,other,,
379121c2a78b,​<USER>-NEGभारत नेपालको सबैभन्दा बढी सहयोगि देश हो तर यी लगायको आरोप सबै गलत हुन।इसिमोडले पहिला नै जोखिम भनिसकेको थियो तर बिश्वले वास्ता गरेन,mixed,youtube,reply,2026-08-30T13:15:54Z,https://www.youtube.com/watch?v=6JlAQTEEyP0&lc=UgxyVhFDpJzP2eM8TAV4AaABAg.Aa7nrKLWVUuAa865oH6EmX,🇨🇳चीनका दुई भिषण जहाज काठमान्डुमा Two Chinese Y-20 Aircraft Bring 50 Tons of Flood Relief to Nepal✈️,https://www.youtube.com/watch?v=6JlAQTEEyP0,Melamchi flood,disaster,other,,
8ef0070cdd03,"मानो या न मानो सच यही है की ये कोई प्रारकृतिक आपदा नहीं है ये प्रारकृतिक आपदा जैसी दिखने वाली मानव निर्मित आपदा है ये चीन और पकिस्तान की मिली भगत से बनायी गयी आपदा है चीन इतनी बड़ी बड़ी परियोजनाओं पर काम कर रहा है आपलोग यही समझोगे की ये सब प्रकृतिक है लेकिन ऐसा नहीं है अभी हाल में ही नेपाल में हिन्दू मुस्लिम झगड़े हुए उसके बाद नेपाल हिन्दू राष्ट्र बनने की और अग्रसर है और चीन और पाकिस्तान को ये बर्दाश्त नही होगा चीन और पकिस्तान मौसेरे भाई है नेपाल को अपने पाले में लाने के लिए चीन ने ये एक वाटर परमाडु बम का प्रयोग किया है की अगर हम इस तरह के हमले करते है तो नेपाल की साथ साथ भारत पर इसका क्या असर होगा उसके लिया इंसानो की जान का कोई महत्व नहीं दुनिया जानती है कोरोना वायरस इसी ने तैयार किया पहले इसने अपने ही लाखो लोगो को मारा था , इसी प्रकार एकदम प्रारकृतिक दिखने वाली घटनाओ पर चीन काम कर रहा है की मिस्टर नेपाल मेरे पाले में आ जाओ नहीं तो इसी तरह के वाटर बम से तुमको तबाह कर देंगे और भारत को भी सबक दिखा रहा है इसलिए ये कोई घटना ही है ये चीन के द्वारा किया गया एक हमला है वो जानता है की भारत की सरकार तो वोट के चक्क्र में ही पडी रहती है क्योकि यहाँ पर देश विरोधी लोग सरकार को इन सबसे पार पाने का मौका ही नहीं देंगी वे ऐसे ऐसे कारनामे करेंगे की सरकार उसी में फंसी रहेगी वो इतना सोंच ही नहीं पाएंगे वाटर परमाडु बम से नेपाल और भारत के उत्तरी हिस्से को तबाह कर देंगे अभी चीन का ये सिर्फ प्रयोग है जब पूरा बेम फटे गए तब पता चलेगा भारत को क्योकि यहाँ तो आपस में ही लड़ रहे है सब. अभी सिर्फ नेपाल पर दबाव बनाने के लिए ये किया है भारत की तरफ मत जाओ नहीं हम तुमको पूरा डूबा देंगे। सच यही है मानो या न मानो क्यों की सच को देर से ही सब स्वीकार करते है। हो सकता हो पकिस्तान अभी न शामिल हो लेकिन इसका करता धरता चीन है ७.२. २०२१ चमोली में ऋषी गंगा नदी में इसी तरह की घटना हुई लेकिन वहा पर एक लटका हुआ ग्लेशियर टूटा था तब वो घटना हुई थी उसी की बाद चीन ऐसी घटनाओ को करने के लिए काम करना चालु कर दिया था भारत में तबाही लाने के लिए उसी का प्रयोग पहले उसने नेपाल में किया है। यहाँ हम लोग काक्रोच बिच्छू का खेल ख्खेलते रहे",devanagari,youtube,comment,2026-08-30T09:10:58Z,https://www.youtube.com/watch?v=-uO3rnIXrA4&lc=UgxtHXgnHRbNsvwjcsp4AaABAg,नेपाल में जो हुआ... ये तो अभी शुरुआत है | Nepal Flood 2026,https://www.youtube.com/watch?v=-uO3rnIXrA4,Nepal flood 2026,disaster,other,,
ec5fc527de2a,राम्रो कामको समर्थन गरौ नराम्रो कामको बिरोध गरौ,devanagari,youtube,comment,2026-09-01T15:31:06Z,https://www.youtube.com/watch?v=ct2b_Doi9LE&lc=UgxmAuK_i2AFOYa6UGt4AaABAg,"भोटेकोशी बाढी: बालेनको सदनमा सम्बोधन ? विपक्षीको कडा तयारी, सभामुखको विशेष प्रस्ताव",https://www.youtube.com/watch?v=ct2b_Doi9LE,भोटेकोशी बाढी,not_disaster,,,
555563144f51,dherai dherai dhanyebad jankari dinu vayeko ma🙏🙏🙏🙏🙏🙏🙏🙏🙏,romanized_nepali,youtube,comment,2026-08-30T09:54:17Z,https://www.youtube.com/watch?v=E6GBiu9swBE&lc=UgzlkaWFCFSwlhY2dvJ4AaABAg,मुग्लिन काठमाडौं सडक बाढी पछि को  अवस्था,https://www.youtube.com/watch?v=E6GBiu9swBE,काठमाडौं बाढी,not_disaster,,,
00ceb24cb33b,I'm balen g lai support garxu but tunnel rescue Ma chai balen government purai fail vako ho ra kami kamjor vako ho,romanized_nepali,youtube,comment,2026-09-02T09:28:54Z,https://www.youtube.com/watch?v=VJryE1DqJUw&lc=UgzQ9MYNvH8ezHD4t7V4AaABAg,"संसद्मा प्रधानमन्त्रीः बाढीपछिको खोज, उद्धार र राहत बारे दिए यस्तो जानकारी || Nepal Times",https://www.youtube.com/watch?v=VJryE1DqJUw,राहत उद्धार,disaster,other,,
7ab1f9b1fb7d,Congratulations,english,youtube,comment,2026-09-02T12:57:57Z,https://www.youtube.com/watch?v=_3pyMK8qqss&lc=UgxQyYsmA9QuBPcJ5ld4AaABAg,जसले म म*र्दैछु बुढी भनेर श्रीमतीलाई भिडियो पठाएका थिए... || RASUWA FLOOD VICTIM STATEMENT ||,https://www.youtube.com/watch?v=_3pyMK8qqss,Rasuwa flood,not_disaster,,,
286ee9022331,"हर प्राकृतिक घटना के पीछे मानव का ही हाथ हो ,यह जरूरी नही ये प्राकृतिक घटनाएं है जो होता था और आगे भी होगा चाहे मानव हो या ना हो।",devanagari,youtube,comment,2026-08-31T17:43:35Z,https://www.youtube.com/watch?v=zTlJtMz5ESk&lc=Ugxi6Rp94t19PxuL8Ip4AaABAg,Nepal Flood 2026 | Real cause of Nepal floods? Flood Videos | Madhukar Kotawe #madhukarkotawe #upsc,https://www.youtube.com/watch?v=zTlJtMz5ESk,Nepal monsoon flood,disaster,other,,
232d3e5b2cf3,Yo thauma janta kati the to local sarkhar lai thaha xaen.50_60 hajar janta mare jasto lagxa olo ghar palo gharnai xaena sabai mare.Ago lageko des badi le safa garo.,romanized_nepali,youtube,comment,2026-09-02T11:29:10Z,https://www.youtube.com/watch?v=KeM1GzYqlWU&lc=UgxScA8hMrBZILtf9Mx4AaABAg,"भोटेकोशी बाढी : सुरुङभित्रबाट LIVE, विश्वकै ध्यान तान्ने बालेनको तयारी, चीनको फोटो, फेरि बाढी ?",https://www.youtube.com/watch?v=KeM1GzYqlWU,बाढी,disaster,damage,,
6e8c10db94be,Janta ko marma bujhane mintri ju karod karodau salut🙏🙏😍😍😍😍👍️👍️👍️👌🌹🌹🌹✨✨✨✨✨👍️👍️👍️👍️🌹👍️👍️👍️👍️👍️👌,romanized_nepali,youtube,comment,2026-08-29T08:29:01Z,https://www.youtube.com/watch?v=shcQIucF5cY&lc=Ugw-NUKP1trikAlp3HV4AaABAg,रसुवा बाढी: गृहमन्त्री सुदन राति &#39;त्रिशुली ३ ए&#39; सुरुङभित्र छिरेपछि | Rasuwa Flood,https://www.youtube.com/watch?v=shcQIucF5cY,रसुवा बाढी,disaster,other,,
5e780aff3438,हे भगवान दु:खद खबर😭😭,devanagari,youtube,comment,2026-08-26T09:26:12Z,https://www.youtube.com/watch?v=csH4Wydq4w8&lc=UgzJF-hiSTsXXtiKNKZ4AaABAg,Rasuwa Flood 1 PM Live Update: Massive Destruction Across Rasuwa | Rescue Operation Underway,https://www.youtube.com/watch?v=csH4Wydq4w8,Rasuwa flood,disaster,other,,
5342eee27e36,Tara tyo ghar bessari balliyo raixa,english,youtube,comment,2026-08-30T13:17:49Z,https://www.youtube.com/watch?v=AbLTmMuesxM&lc=UgxAxViQqIqlL8sjtvZ4AaABAg,Bhotekoshi Flood आफ्नै परिवारले नै बाढीमा फसेका ६ जनाको उद्धार यसरी गर्यो हेर्नुहोस | Nuwakot Nepal,https://www.youtube.com/watch?v=AbLTmMuesxM,Bhotekoshi flood,disaster,other,,
041df2a62dc6,Ho ni upchar ta gari dinu parcha ni tyastu risaune hoina ni bichara yo dai Lai Naya life ko suvakamna,romanized_nepali,youtube,comment,2026-09-01T06:46:49Z,https://www.youtube.com/watch?v=_3pyMK8qqss&lc=UgxRf3ZWBQ5YpwGjirF4AaABAg,जसले म म*र्दैछु बुढी भनेर श्रीमतीलाई भिडियो पठाएका थिए... || RASUWA FLOOD VICTIM STATEMENT ||,https://www.youtube.com/watch?v=_3pyMK8qqss,Rasuwa flood,disaster,other,,
a88698e78281,"यो भिडियोले देखाउँछ किन जलवायु परिवर्तन यति छिटो बढ्दैछ >>>> Statista Racing Bars: Asia is the main source of increasing CO2 emissions <<<< हामीले 2050 का लागि प्रदूषण घटाउने सन्धिहरू मार्फत जोगाउने प्रयास गरेका सबै विपदहरू 'विश्वको कारखाना' का उद्योगहरूले फ्याँकिदिएका छन्, कि भोलि के हुन्छ भनी नराखेर मात्र सबैकुरा सुपर सस्तो बिक्री गर्न कोइला जाडिरहेका छन्। कफी, कोको—त्यो मूल्यहरू कहिल्यै पहिले जस्तो फर्किन्छन् भन्ने लगभग निश्चित छ। मकै र गहुँ पनि एउटै बाटोमा छन् किनभने जलवायु परिवर्तनले खेती गर्ने क्षेत्र घटाइरहेको छ। चीनले त्यस्ता प्रदूषण घटाउने सन्धिहरू पछ्याउँदैनन् जसलाई लागू गर्न दशकौं लाग्यो। २००८ का ओलम्पिकहरू मात्र भयो किनभने प्रतियोगिता स्थल नजिकका कोइला कारखाना बन्द गरिएको थियो; त्यतिबेलै मात्र प्रदूषण स्तर उचित स्तरमा पुगेको थियो। २०२२ मा बेइजिङमा 'हरियो ओलम्पिक' को समयमा, प्रदूषक स्तर घनमिटरप्रति ३३ माइक्रोग्रामसम्म घट्यो—२०१३ मा त्यही स्थानमा रेकर्ड गरिएको स्तरको लगभग तेस्रो हिस्सा। डब्ल्यूएचओका अनुसार, मानव जीवनका लागि स्वीकार्य स्तर ५ मायकोग्राम प्रति घन मीटर हो। चिनियाँ जनतालाई उनीहरुको नेताहरुको भ्रमका परिणाम देखिनु सुरु भएको छ। गत दुई महिनादेखि, सबैभन्दा ठूला शहर भएका क्षेत्रहरू असामान्य आकारका भारी बाढी र टर्नेडोको प्रकोपले प्रभावित भएका छन्, जुन प्रत्येक वर्ष अझ बढी खराब देखिनु जस्तो देखिन्छ।",mixed,youtube,reply,2026-08-27T16:33:36Z,https://www.youtube.com/watch?v=V5dIZaqFlRA&lc=UgzELQ4BAaF7SmPaDrx4AaABAg.Aa0IK4-EERsAa0jL9tfvTi,तिब्बतमा भूकम्प नेपालमा बाढी ||The reason behind Rasuwa Flood || SIDHAKURA ||,https://www.youtube.com/watch?v=V5dIZaqFlRA,काठमाडौं बाढी,disaster,other,,
3108bec9384b,दुखद : घटना ! बाडिबाट क्षति हुने ठाउबाट सबै बस्ति हटायेर सुलभ ठाउमा सार्नुपर्ने ? सरकार यतिका बर्ष सम्म के हेरेर बसेको छ !,devanagari,youtube,comment,2026-08-26T10:50:52Z,https://www.youtube.com/watch?v=uuNq2nPw-yc&lc=UgwzYiAglcIKQ9blVfF4AaABAg,रसुवागढी बाढी: Rasuwagadi badi update | nepali news | rasuwa badhi news today | badhi pahiro,https://www.youtube.com/watch?v=uuNq2nPw-yc,Nepal badhi pahiro,disaster,other,,
f88ebfbef8d4,Hey prabhu 💔🙏 mere desh ko bchao 😭😭,romanized_nepali,youtube,comment,2026-08-28T12:10:36Z,https://www.youtube.com/watch?v=FXMZv1sOBUo&lc=Ugyfte3M2MrK9sJlx5d4AaABAg,Pt.1- Disaster Waiting To Happen? | Was The Nepal Flood Fury Preventable? | Akash Banerjee,https://www.youtube.com/watch?v=FXMZv1sOBUo,Nepal monsoon flood,disaster,other,,
65b5223f5a8d,Aba harka li denu parxa puul banu na 😂,romanized_nepali,youtube,comment,2026-08-26T13:05:32Z,https://www.youtube.com/watch?v=dc7VSPoZUNE&lc=UgwHgK9S_kJhtfKtqyt4AaABAg,"RASUWA FLOOD LIVE: 4 PM LATEST UPDATE | Trishuli on HIGH ALERT, Massive Rescue Operation Underway",https://www.youtube.com/watch?v=dc7VSPoZUNE,Rasuwa flood,disaster,other,,
e5bee4563e71,Flood only rasuwa me aaya ya other district me v pls koi btaiye sm1 my frnds related stayed in Nepal nd unse contact nhi ho pa raha h pls reply hope so soon😢🙏🏻,romanized_nepali,youtube,comment,2026-08-30T20:59:12Z,https://www.youtube.com/watch?v=-uO3rnIXrA4&lc=Ugy6fucbCYJ-AF4eo_54AaABAg,नेपाल में जो हुआ... ये तो अभी शुरुआत है | Nepal Flood 2026,https://www.youtube.com/watch?v=-uO3rnIXrA4,Nepal flood 2026,disaster,rescue_needed,,
7147373ec903,Bohet afsos hoa yr sach myn dill dukha dekh k from 🇵🇰,english,youtube,comment,2026-08-27T14:01:47Z,https://www.youtube.com/watch?v=FXMZv1sOBUo&lc=Ugwj3GNOzSgc6FFkB2Z4AaABAg,Pt.1- Disaster Waiting To Happen? | Was The Nepal Flood Fury Preventable? | Akash Banerjee,https://www.youtube.com/watch?v=FXMZv1sOBUo,Nepal monsoon flood,disaster,other,,
418b0648523a,"We will rise again ❤🙏 नेपालमा वर्तमान भइरहरेको कठिन पिस्थितिहरूलाई मध्यजर गर्दै आफूले एक अर्काबीच सदभाव , सहयोग गरेर अगाडि बढ्न जरुरी छ । Stay safe Everyone ❤",mixed,youtube,comment,2026-08-28T02:53:46Z,https://www.youtube.com/watch?v=njBnqiiTeZo&lc=UgyPW0M62wthVTs5qZd4AaABAg,Nepal Flash Flood 2026,https://www.youtube.com/watch?v=njBnqiiTeZo,Nepal flood 2026,disaster,other,,
f853a8c87830,Allah par yaken ra ko❤ islam ka bol karo❤,romanized_nepali,youtube,comment,2026-08-29T14:51:00Z,https://www.youtube.com/watch?v=-uO3rnIXrA4&lc=UgzIhnNUQpEwO9W72t94AaABAg,नेपाल में जो हुआ... ये तो अभी शुरुआत है | Nepal Flood 2026,https://www.youtube.com/watch?v=-uO3rnIXrA4,Nepal flood 2026,not_disaster,,,
925afb1ef926,नेपालिके साहस छ है मान्नुपर्छ,devanagari,youtube,comment,2026-08-31T07:20:36Z,https://www.youtube.com/watch?v=AbLTmMuesxM&lc=UgzVTTW_qpAmwqAigfN4AaABAg,Bhotekoshi Flood आफ्नै परिवारले नै बाढीमा फसेका ६ जनाको उद्धार यसरी गर्यो हेर्नुहोस | Nuwakot Nepal,https://www.youtube.com/watch?v=AbLTmMuesxM,Bhotekoshi flood,disaster,other,,
1be69f13bf76,मैले छिटै उद्दार होस भनेन भनिथे साच्चै भएछ उद्दार 🙏🙏🙏🙏🏻🙏🏻🙏🏻🙏🏻🙏🏻,devanagari,youtube,comment,2026-08-31T17:55:26Z,https://www.youtube.com/watch?v=_3pyMK8qqss&lc=UgyiMt-1Gn6FH9jgUJ94AaABAg,जसले म म*र्दैछु बुढी भनेर श्रीमतीलाई भिडियो पठाएका थिए... || RASUWA FLOOD VICTIM STATEMENT ||,https://www.youtube.com/watch?v=_3pyMK8qqss,Rasuwa flood,disaster,other,,
0412cc4062f1,के हुन् लागेको हो नेपाल मा अस्ति पलान्चोकि भगवती मन्दिर मा पसिना आउनु आज बाडि जानु,devanagari,youtube,comment,2026-08-26T14:02:06Z,https://www.youtube.com/watch?v=uuNq2nPw-yc&lc=UgxkESQdDNXXrgfepsp4AaABAg,रसुवागढी बाढी: Rasuwagadi badi update | nepali news | rasuwa badhi news today | badhi pahiro,https://www.youtube.com/watch?v=uuNq2nPw-yc,Nepal badhi pahiro,disaster,other,,
bf5863efc109,Shame for nepal govt.. Without rains huge floood,english,youtube,comment,2026-08-30T05:21:08Z,https://www.youtube.com/watch?v=BUlRARj-l_U&lc=UgzMZyi-FkCiPx2G7od4AaABAg,"Nepal Flood Horror: 567 Dead, Nearly 2,000 Missing | Rasuwa Villages Devastated | News18",https://www.youtube.com/watch?v=BUlRARj-l_U,Nepal landslide,disaster,other,,
6d4e74936e43,"सर जब आपने लेक्चर की शुरुआत की तो आप को ये कहना चाहिए था "" नेपाल जो कि एक हिंदू राष्ट्र है"" मेरे कांदू दोस्त आपके ये न कहने से खफा हैं सर😢",devanagari,youtube,comment,2026-08-27T13:19:49Z,https://www.youtube.com/watch?v=dZJvV8OZsx8&lc=UgwNArdOKe21gRC_jXt4AaABAg,"Nepal Flash Flood: Not an Earthquake, But Glacier Collapse? | Rasuwa Flood Explained",https://www.youtube.com/watch?v=dZJvV8OZsx8,Rasuwa flood,not_disaster,,,
654d3eeb85ce,सरै दुःखद खबर😢😢😢😢,devanagari,youtube,comment,2026-08-26T10:14:19Z,https://www.youtube.com/watch?v=csH4Wydq4w8&lc=UgzezZHlQkZAKRtFHm14AaABAg,Rasuwa Flood 1 PM Live Update: Massive Destruction Across Rasuwa | Rescue Operation Underway,https://www.youtube.com/watch?v=csH4Wydq4w8,Rasuwa flood,disaster,other,,
fd6b888010b1,Rip our lovely soul😢,english,youtube,comment,2026-08-27T15:27:36Z,https://www.youtube.com/watch?v=3vjXw7YTgMQ&lc=Ugxdt9X6mjaTsRJ7J454AaABAg,Rasuwa badhi pahiro Update :  रसुवा बाढी अपडेट  १९६ बढी जलविद्युत कर्मचारी ?,https://www.youtube.com/watch?v=3vjXw7YTgMQ,रसुवा बाढी,disaster,other,,
3d9019d1c1fb,God Shankar Ji Ne bachaya❤❤❤❤ Nepal mein,romanized_nepali,youtube,comment,2026-09-01T13:46:25Z,https://www.youtube.com/watch?v=y2WA4DqSU4c&lc=UgyFtxjdBmCF4lq7lzN4AaABAg,Nepal Flood LIVE 2026 | Massive Destruction &amp; Shocking Scenes,https://www.youtube.com/watch?v=y2WA4DqSU4c,Nepal flood 2026,disaster,other,,
7cfae3a43784,जेगर्नु ठिक गर्नु भयो नानि खाता खोज्न लागेको के के हुन्थ्यो भन्न सकिन्न ? ।,devanagari,youtube,comment,2026-08-30T12:49:37Z,https://www.youtube.com/watch?v=AbLTmMuesxM&lc=Ugw7ITBE-QIyweiNuv54AaABAg,Bhotekoshi Flood आफ्नै परिवारले नै बाढीमा फसेका ६ जनाको उद्धार यसरी गर्यो हेर्नुहोस | Nuwakot Nepal,https://www.youtube.com/watch?v=AbLTmMuesxM,Bhotekoshi flood,disaster,other,REVIEW: Reply about 'searching accounts'; referent unclear,
4472c62c0954,एकदमै अकाट्य विचार भरत सर।,devanagari,youtube,comment,2026-09-02T13:29:43Z,https://www.youtube.com/watch?v=8AVNZen9lnk&lc=UgwsYbOS6xj-dY91roV4AaABAg,भोटेकोशी बाढी महा विपत्ती बन्दै ! उद्धार र राहत वितरण गर्दाको तमासालाई बुझौं !,https://www.youtube.com/watch?v=8AVNZen9lnk,भोटेकोशी बाढी,disaster,other,,
915c20050e26,कोशी को बाउ हो।भोटे कोशी आखिर किन खेलाची गर्चन जनता ले ह???,devanagari,youtube,comment,2026-08-28T00:51:48Z,https://www.youtube.com/watch?v=8moDJFX_06U&lc=UgyPX39p8OJ8rCeaj0V4AaABAg,अझै छ बाढीको डर ! आँसुमा डुबेको देश - सरकार सक्रिय || Rasuwa Flood Nepal || SIDHAKURA ||,https://www.youtube.com/watch?v=8moDJFX_06U,Rasuwa flood,disaster,other,,
dbb552c6e36c,त्यहाँ वरि भएका सबै जना सुरक्षात स्थानमा बनिदिनुहोला ।,devanagari,youtube,comment,2026-08-26T06:42:24Z,https://www.youtube.com/watch?v=4MhUbG_L2m0&lc=UgxmwR1xmu4N6n2Zy5d4AaABAg,"रसुवाबाढीमा हजारौँ बे&#39;पत्ता: इतिहासकै ठुलो बाढीले पुरै रसुवा बगायो, सबै तह&#39;सनहस पार्यो Rasuwa",https://www.youtube.com/watch?v=4MhUbG_L2m0,रसुवा बाढी,disaster,warning,,
6d58efd22dec,Rajniti ko kura nagaram patrakar jiu.....Asto dukhad ghadima 😢😢😢 ...... Papiharu Dherae vo Nepal ma,romanized_nepali,youtube,comment,2026-09-01T12:44:13Z,https://www.youtube.com/watch?v=c4FKIuzh-ew&lc=UgxokgvACVn0mFpSYXB4AaABAg,रसुवा बाढी : लासमाथि राजनीति? | NEPAL FLOOD,https://www.youtube.com/watch?v=c4FKIuzh-ew,रसुवा बाढी,disaster,other,,
e2aeedc377c1,"Pay close attention to the details, it's AI generated",english,youtube,reply,2026-09-01T20:45:38Z,https://www.youtube.com/watch?v=KoUq5bLMo5k&lc=UgyPtp3cm8sc0aN_rUt4AaABAg.AaE1gEa3b2eAaE39QNXD_N,Nepal&#39;s Flood Came From the Same Mountain That Buried a Village in 2015,https://www.youtube.com/watch?v=KoUq5bLMo5k,Nepal flood 2026,not_disaster,,,
fe4060a2272d,सन्सारमा कमै होला हाम्रो गृहमन्त्री जस्तो सहासी,devanagari,youtube,comment,2026-08-29T08:42:51Z,https://www.youtube.com/watch?v=shcQIucF5cY&lc=UgxOoCitFUM0_Chbmst4AaABAg,रसुवा बाढी: गृहमन्त्री सुदन राति &#39;त्रिशुली ३ ए&#39; सुरुङभित्र छिरेपछि | Rasuwa Flood,https://www.youtube.com/watch?v=shcQIucF5cY,रसुवा बाढी,disaster,other,,
2fbba0e67059,12 साल से तो मोडी भी अपनी मन की बात सुना रहे हैं😂,devanagari,youtube,reply,2026-08-27T17:48:36Z,https://www.youtube.com/watch?v=FXMZv1sOBUo&lc=UgzfT7Pk7O56FijQED94AaABAg.Aa0IsNe9q4FAa0rvQ4IFGV,Pt.1- Disaster Waiting To Happen? | Was The Nepal Flood Fury Preventable? | Akash Banerjee,https://www.youtube.com/watch?v=FXMZv1sOBUo,Nepal monsoon flood,not_disaster,,,
795a93ef3820,Ahile samm Kaha thiy E Aarmi bigtma Nepali lae jankari Thiyn,romanized_nepali,youtube,comment,2026-09-02T07:29:29Z,https://www.youtube.com/watch?v=Iq204O8qskw&lc=UgwDK9Bm3J9pDPtzS3Z4AaABAg,रसुवा बाढी प्रभावित क्षेत्रमा देखिएको गृनआर्मी के हो? कुन उदेश्यले संचालितछ ? यसरी बुझौ।।,https://www.youtube.com/watch?v=Iq204O8qskw,रसुवा बाढी,disaster,other,,
6d83c937cb58,"Ghar KO bhow vaye paxhi Kam garyo vanye bhacha harule Kam garxhan good job sar,",romanized_nepali,youtube,comment,2026-08-29T08:21:19Z,https://www.youtube.com/watch?v=shcQIucF5cY&lc=UgyrpeeuQSKFFvogM4l4AaABAg,रसुवा बाढी: गृहमन्त्री सुदन राति &#39;त्रिशुली ३ ए&#39; सुरुङभित्र छिरेपछि | Rasuwa Flood,https://www.youtube.com/watch?v=shcQIucF5cY,रसुवा बाढी,not_disaster,,REVIEW: Garbled text; meaning unclear,
474f4e7cf8ad,Yesto samaya ma pani rajnitik vaasa naboli basna sakdainan e chote raaja haru.. .timiharule jati sumadhur vaasa prayog gare pani abako sthaaniya chunaab ma timiharu pattasaaf ho,romanized_nepali,youtube,comment,2026-09-01T12:43:32Z,https://www.youtube.com/watch?v=c4FKIuzh-ew&lc=Ugxv-whpy_6BxhorMZF4AaABAg,रसुवा बाढी : लासमाथि राजनीति? | NEPAL FLOOD,https://www.youtube.com/watch?v=c4FKIuzh-ew,रसुवा बाढी,disaster,other,,
a20e2aa4e820,​​<USER>े भाई मानता हूं ये डैम नहीं है लेकिन चीन ने ब्रह्मपुत्र पर दुनिया का सबसे बड़ा बांध बनाया है और किसी दिन भूकंप से या चीन की इच्छा से ये टूटेगा उस दिन नॉर्थ ईस्ट भारत में क्या बचेगा ये बांध भूकंप सेंसेटिव जोन में ही है,mixed,youtube,reply,2026-08-27T01:50:23Z,https://www.youtube.com/watch?v=Ifyi4V68w70&lc=UgyDWy8aO-pufnZfchl4AaABAg.A_znWUz-PlcAa-9GHtH9oi,Nepal flash flood engulfs China border: Drone footage and more video shows widespread damage,https://www.youtube.com/watch?v=Ifyi4V68w70,Kathmandu flood 2024,not_disaster,,,
2f8b937cbe79,भगवान सबकी रक्षा करें,devanagari,youtube,comment,2026-08-28T14:15:13Z,https://www.youtube.com/watch?v=q_jkqMqzYI0&lc=UgwIjTxoa2MuT_6Sjad4AaABAg,Nepal Flood: Families Return To Find Entire Villages Wiped Out,https://www.youtube.com/watch?v=q_jkqMqzYI0,Nepal monsoon flood,not_disaster,,,
3f870d47c759,"पहिला बस्ती थियन, खेत वारि मात्रै थियो र सम्पुर्ण पानी यत्रतत्र खेतबारी भित्रै सोसियर तल जान्थ्यो तर आज सम्पूर्ण पानी ढल द्द्वारा बागमतीमै पसेर बेजोडको प्रेसर पर्छ र काठमाडौ तर्साउँछ !",devanagari,youtube,comment,2025-07-08T14:57:04Z,https://www.youtube.com/watch?v=LgW6Lu-MIMU&lc=UgwA8KnUTlCdE1SRr_54AaABAg,चाेभार गल्छी काण्ड and Flood -  Kathmandu Valley in Danger?,https://www.youtube.com/watch?v=LgW6Lu-MIMU,Kathmandu flood 2024,disaster,other,,
59e634946f79,Oh my goodness this is so horrible.. Prayers for all the Nepalese people... RIP all victims of this 'natural' floods..,english,youtube,comment,2026-08-27T15:41:26Z,https://www.youtube.com/watch?v=9ZvUQ7aoehw&lc=UgyflkVSz8XbdcAVEfd4AaABAg,Nepal’s Deadly Flash Flood: What Triggered It?,https://www.youtube.com/watch?v=9ZvUQ7aoehw,Nepal landslide,disaster,other,,
33d6322d549a,"सरकारको आकाशमा हेलिकप्टर बाहेक उच्च प्रविधि सहितको विज्ञ टोलीको परिचालनको ढिलासुस्ती देखियो, सम्वन्यमा कमजोर देखिन्छ सरकार ।",devanagari,youtube,comment,2026-08-31T00:22:52Z,https://www.youtube.com/watch?v=OX3qvyLoUck&lc=UgzGDrE9pu7dVe2x-r14AaABAg,Ground Report: घर र सपना बगाएको विपत्तिमा कसरी सहारा बन्यो &#39;अन्नपूर्णा अभियान&#39;? | SA News Nepal,https://www.youtube.com/watch?v=OX3qvyLoUck,बाढी पहिरो उद्धार,disaster,other,,
d965081ee716,बहुत दुःख हो रहा हैं भाई आपकी बात सुनकर 😢😢😢😢,devanagari,youtube,comment,2026-08-28T13:58:51Z,https://www.youtube.com/watch?v=q_jkqMqzYI0&lc=UgwTjuUQlpU1kjD-2CN4AaABAg,Nepal Flood: Families Return To Find Entire Villages Wiped Out,https://www.youtube.com/watch?v=q_jkqMqzYI0,Nepal monsoon flood,disaster,other,,
7f2aa8f2d614,साना साना YouTuber को को हुनू हुन्छ १००० नपुगेको एता हाजिर हुम त सबै मिलेर सपोट गरौ साथी हरु,mixed,youtube,comment,2025-07-05T19:28:59Z,https://www.youtube.com/watch?v=LgW6Lu-MIMU&lc=Ugw2AuIRD5w5G0K84Ht4AaABAg,चाेभार गल्छी काण्ड and Flood -  Kathmandu Valley in Danger?,https://www.youtube.com/watch?v=LgW6Lu-MIMU,Kathmandu flood 2024,not_disaster,,,
057f6248ac6b,China flooded Nepal like it did for India and killed thousands. No one can hold china accountable 😢,english,youtube,comment,2026-08-27T18:05:58Z,https://www.youtube.com/watch?v=Kf6CeSTrCqY&lc=UgxXgMbZH0gmk6SlhC94AaABAg,Nepal China Border Flood 2026,https://www.youtube.com/watch?v=Kf6CeSTrCqY,Nepal flood 2026,disaster,other,,
fd7d316784af,राष्ट्रवादी ब्यक्तित्व भरत दाहालको राम्रो बिश्लेषण,devanagari,youtube,comment,2026-09-02T13:41:46Z,https://www.youtube.com/watch?v=8AVNZen9lnk&lc=Ugy8GWtUM5iGJOVLK2N4AaABAg,भोटेकोशी बाढी महा विपत्ती बन्दै ! उद्धार र राहत वितरण गर्दाको तमासालाई बुझौं !,https://www.youtube.com/watch?v=8AVNZen9lnk,भोटेकोशी बाढी,disaster,other,,
af71f6fb39d4,"<USER> Basic news reporting involves basic related EVENT detail... and absolutely nothing more... News are not history or engineering feature length shows. They also don't have the time... they HAVE to dedicate multiple segments... as sorry to say... this incident is not deemed ""priority"" outside of the region. The functions of the structure, it's layout and how it functions is not the news (Or ""News"" at all)... it's not the event. What you are looking for will likely already be found on engineering channels here on YouTube and will no doubt be more of coming soon.",english,youtube,reply,2026-09-01T15:16:59Z,https://www.youtube.com/watch?v=5SiCIenyxos&lc=Ugz2Gx-utkQlcIEJ3_R4AaABAg.AaDJNuZv7qkAaDTYNadHW5,Nepal tunnel rescue: Geologist maps the deadly conditions,https://www.youtube.com/watch?v=5SiCIenyxos,Nepal flood rescue,disaster,other,,
6857053f9527,Surung vitra thuniyekale k khhanchan yetro din samma?,romanized_nepali,youtube,comment,2026-09-02T04:25:40Z,https://www.youtube.com/watch?v=KeM1GzYqlWU&lc=UgzjlNtaVQ7BbJIndm54AaABAg,"भोटेकोशी बाढी : सुरुङभित्रबाट LIVE, विश्वकै ध्यान तान्ने बालेनको तयारी, चीनको फोटो, फेरि बाढी ?",https://www.youtube.com/watch?v=KeM1GzYqlWU,बाढी,disaster,other,,
c7693661a96b,बिस्तारै बिस्तारै सबै ताल खोल्दिउ हो बरु।,devanagari,youtube,comment,2026-08-30T03:33:23Z,https://www.youtube.com/watch?v=7btVdvcrEzc&lc=UgxQ709Je2XP_v9VJxB4AaABAg,हिमताल विष्फोटनको सुनामी || Himalayan Tsunami Risk | Is the Rasuwa Flood a Warning of Cascade GLOFs?,https://www.youtube.com/watch?v=7btVdvcrEzc,Rasuwa flood,disaster,other,REVIEW: 'Slowly open all lakes' — unclear if disaster-related suggestion,
779ba27fbbd5,"There will be thousands missing, most will never be found..",english,youtube,reply,2026-08-31T16:41:30Z,https://www.youtube.com/watch?v=oSGumD31w-0&lc=Ugxkbw5gZeBUxdiB2kN4AaABAg.Aa64ZdRnK1iAaB2QSQNnTl,New Nepal flood fears loom as overflowing lake threatens another deadly surge,https://www.youtube.com/watch?v=oSGumD31w-0,Melamchi flood,disaster,damage,,
ec1568ac77ed,😂 aayo अर्को conspiracy theorists,mixed,youtube,reply,2026-09-02T01:52:29Z,https://www.youtube.com/watch?v=90iKYyq9HlU&lc=UgwoZmqsBpCZvOmOgi54AaABAg.AaE6NeL3oKzAaEbGtYJRoG,Ep:622 | What Caused the Rasuwa Flood? The Real Reason Behind the Disaster | Ramesh Bhushal,https://www.youtube.com/watch?v=90iKYyq9HlU,Rasuwa flood,disaster,other,,
4edb61f6c1a8,<USER> was that by fed ex?,english,youtube,reply,2026-08-26T23:04:40Z,https://www.youtube.com/watch?v=9ZvUQ7aoehw&lc=Ugz4vPXoCgRTO87EdEZ4AaABAg.A_zlaq71K94A_zrITa0fBL,Nepal’s Deadly Flash Flood: What Triggered It?,https://www.youtube.com/watch?v=9ZvUQ7aoehw,Nepal landslide,not_disaster,,,
06dd5ec39676,"This whole disaster is something you'd find in an action movie,mind shattering!",english,youtube,comment,2026-08-28T11:48:31Z,https://www.youtube.com/watch?v=ORPDEvHJZpA&lc=UgzXpaT9O_ibZ8CeMqV4AaABAg,Nepal flood disaster reconstructed minute by minute • FRANCE 24 English,https://www.youtube.com/watch?v=ORPDEvHJZpA,Nepal flood 2026,disaster,other,,
66f5792c999e,पार्टी कार्यालयमा राहत थुपारेकाे अहिले सम्म पनि देखेको थिएन सुशासनमा देखिदै छ।,devanagari,youtube,reply,2026-09-02T02:52:47Z,https://www.youtube.com/watch?v=c4FKIuzh-ew&lc=UgwwCd5zmFPzD9GHwzl4AaABAg.AaDHFoUDfc0AaEiA_3hvUE,रसुवा बाढी : लासमाथि राजनीति? | NEPAL FLOOD,https://www.youtube.com/watch?v=c4FKIuzh-ew,रसुवा बाढी,disaster,other,,
a4db02299652,हे भगवान के देख्न परेव रक्षा गरिदिनु भगवान्,devanagari,youtube,comment,2026-08-31T11:01:17Z,https://www.youtube.com/watch?v=AbLTmMuesxM&lc=UgxM0-tf8zZgpY8l25Z4AaABAg,Bhotekoshi Flood आफ्नै परिवारले नै बाढीमा फसेका ६ जनाको उद्धार यसरी गर्यो हेर्नुहोस | Nuwakot Nepal,https://www.youtube.com/watch?v=AbLTmMuesxM,Bhotekoshi flood,disaster,other,,
2f428e7485c4,If you can't handle the situation or prepare beforehand kindly resign from your post. please note that only educated youths can do these better preparations and take prompt steps not those corrupted guffadi politicians.. Switzerland banaunchu gas ko pipe ghar ghar ma...There is a huge difference between educated minister and guffadi corrupted minister.,romanized_nepali,youtube,comment,2024-10-05T00:41:18Z,https://www.youtube.com/watch?v=7dXU2Anlqlg&lc=UgwiZXpqa2b41ubX6LF4AaABAg,Nepal Flood Heaviest Rain in 24 Hour - Kathmandu Valley in Danger?,https://www.youtube.com/watch?v=7dXU2Anlqlg,Kathmandu flood 2024,disaster,other,,
2e63e0227983,Its very heart touching and very informative well don sujan vai subedhi😢😢😢😢🎉🎉🎉,english,youtube,comment,2026-08-29T15:47:28Z,https://www.youtube.com/watch?v=njBnqiiTeZo&lc=UgyMePezE0ln3iaJWKl4AaABAg,Nepal Flash Flood 2026,https://www.youtube.com/watch?v=njBnqiiTeZo,Nepal flood 2026,not_disaster,,,
c2b7db7315d0,तपाईंले खिचेको त्यसबेलाको भिडियोहरु यही मिडियाबाट राखि दिनु होला । अनि त्यो कुकुर लाई जसरी भए पनि खोजी गरि पाल्नु भई साथीको परिचय दिनुस् र कर्तव्य हो तपाईं को,devanagari,youtube,comment,2026-08-31T18:59:47Z,https://www.youtube.com/watch?v=_3pyMK8qqss&lc=Ugxgr5t17nFi6T7UqF94AaABAg,जसले म म*र्दैछु बुढी भनेर श्रीमतीलाई भिडियो पठाएका थिए... || RASUWA FLOOD VICTIM STATEMENT ||,https://www.youtube.com/watch?v=_3pyMK8qqss,Rasuwa flood,disaster,other,,
b3df265f685d,True. Ice doesn't melt that quickly. Water most probably came from those several water bodies or lakes which they have in china. It's just on opposite side of that landslide which they're talking about.,english,youtube,reply,2026-08-27T16:44:25Z,https://www.youtube.com/watch?v=dZJvV8OZsx8&lc=UgzMlw57_OyLJG5s2Uh4AaABAg.Aa0AyC4DdfNAa0k_JDdTKY,"Nepal Flash Flood: Not an Earthquake, But Glacier Collapse? | Rasuwa Flood Explained",https://www.youtube.com/watch?v=dZJvV8OZsx8,Rasuwa flood,disaster,other,,
5f0709045188,कति गारो है बाच्नु भो खुसी लागो,devanagari,youtube,comment,2026-09-01T14:47:17Z,https://www.youtube.com/watch?v=_3pyMK8qqss&lc=UgwhWO-mi0l7xhcUuVZ4AaABAg,जसले म म*र्दैछु बुढी भनेर श्रीमतीलाई भिडियो पठाएका थिए... || RASUWA FLOOD VICTIM STATEMENT ||,https://www.youtube.com/watch?v=_3pyMK8qqss,Rasuwa flood,disaster,other,,
e52e073b3934,हे भगवान ॐ शान्ति ॐ शान्ति ॐ शान्ति ॐ,devanagari,youtube,comment,2024-09-27T14:01:51Z,https://www.youtube.com/watch?v=lQfpCcYLK74&lc=UgxDgfZEOZPwjM9UHip4AaABAg,काठमान्डौमा बाढी । कलकी सहित अन्य एरिया ढुबानमा । Flood in Kathmandu!,https://www.youtube.com/watch?v=lQfpCcYLK74,काठमाडौं बाढी,not_disaster,,,
8ce2a70fa50d,Bhai ko kun camera ho ?,romanized_nepali,youtube,comment,2024-09-28T09:07:36Z,https://www.youtube.com/watch?v=lQfpCcYLK74&lc=UgwmVmbD3mq0OHTv2sh4AaABAg,काठमान्डौमा बाढी । कलकी सहित अन्य एरिया ढुबानमा । Flood in Kathmandu!,https://www.youtube.com/watch?v=lQfpCcYLK74,काठमाडौं बाढी,not_disaster,,,
68d653f908d4,ग्रीन आर्मी नामको क्यान्सरको विजारोपण नि भै सकेको रहिछ नेपालमा। दक्षिण एसिया नै खल्वल्याउने योजनामा रहिछ अमेरिका। ती ग्रिन आर्मीले कतावाट वुझ्छन् तलव रासन भत्ता र वन्दोवस्ती आवास खर्च? सरकारले खुलाउनु पर्यो,devanagari,youtube,comment,2026-09-02T13:28:17Z,https://www.youtube.com/watch?v=8AVNZen9lnk&lc=UgwQ44tGsXwXos1W3q94AaABAg,भोटेकोशी बाढी महा विपत्ती बन्दै ! उद्धार र राहत वितरण गर्दाको तमासालाई बुझौं !,https://www.youtube.com/watch?v=8AVNZen9lnk,भोटेकोशी बाढी,disaster,other,,
60ab935b079c,Daii amarica iran ko pani xitto banaunu paryo😢😢,romanized_nepali,youtube,comment,2026-08-29T18:30:39Z,https://www.youtube.com/watch?v=njBnqiiTeZo&lc=UgybRyonri1qzuLW1q54AaABAg,Nepal Flash Flood 2026,https://www.youtube.com/watch?v=njBnqiiTeZo,Nepal flood 2026,not_disaster,,,
da8924dbcf4a,"भिडियो हेरेरै मन थाम्न गाह्रो भयो। प्रकृतिसँग कसैको केही लाग्दैन, भगवानले सबैको रक्षा गरून्। घाइतेहरूको शीघ्र स्वास्थ्यलाभको कामना गर्दछु",devanagari,youtube,comment,2026-08-28T10:26:04Z,https://www.youtube.com/watch?v=vtVYqWRSIQw&lc=Ugwc-8ce8Yfa18Xie5l4AaABAg,अकस्मात बाढी आउँदा के भयो ? प्रत्यक्षदर्शीले सुनाए आँखैअगाडिको भयावह दृश्य | Flood Report,https://www.youtube.com/watch?v=vtVYqWRSIQw,बाढी,disaster,other,,
7722c173a79c,उदाहरणको काम सुरु गृहमन्त्री बाट,devanagari,youtube,comment,2026-08-29T07:29:21Z,https://www.youtube.com/watch?v=shcQIucF5cY&lc=UgxbIZwWE0Xeu2G4BUV4AaABAg,रसुवा बाढी: गृहमन्त्री सुदन राति &#39;त्रिशुली ३ ए&#39; सुरुङभित्र छिरेपछि | Rasuwa Flood,https://www.youtube.com/watch?v=shcQIucF5cY,रसुवा बाढी,disaster,other,,
accd15d31715,सतर्कता अपनाउनु होला,devanagari,youtube,comment,2026-08-31T08:04:08Z,https://www.youtube.com/watch?v=BqgJV-55YFM&lc=UgwrU_0are1dK0Sto5x4AaABAg,गोरखाको चुमनब्री गाउँपालिका ७ छेकम्पार चौरीखर्कमा पहिरो,https://www.youtube.com/watch?v=BqgJV-55YFM,पहिरो,disaster,warning,,
966ef38dd656,Bilkul sahi baat hai tab toh kisi ko nahi khabar hoti .. dua hai sab theek ho jayegi.. condolence for those nepalis peoples those who lost family' members God bless them. Rest in peace who lost their life in this flood..,romanized_nepali,youtube,reply,2026-08-31T14:34:13Z,https://www.youtube.com/watch?v=-uO3rnIXrA4&lc=Ugzn7JpfTljckwCIPHB4AaABAg.Aa5o0nOIeQ5AaAorAe_pKJ,नेपाल में जो हुआ... ये तो अभी शुरुआत है | Nepal Flood 2026,https://www.youtube.com/watch?v=-uO3rnIXrA4,Nepal flood 2026,disaster,other,,
48281290e862,Feri manjushree lai prarthana chha ki chhitai thuniyos ra bhavya taal bhayeko germa paiyos🙏,romanized_nepali,youtube,comment,2025-07-09T12:03:33Z,https://www.youtube.com/watch?v=LgW6Lu-MIMU&lc=UgzZo0y76JmsYdX6jnh4AaABAg,चाेभार गल्छी काण्ड and Flood -  Kathmandu Valley in Danger?,https://www.youtube.com/watch?v=LgW6Lu-MIMU,Kathmandu flood 2024,disaster,other,,
5e55f882d176,Population control by earth.,english,youtube,comment,2026-08-28T01:54:25Z,https://www.youtube.com/watch?v=RF5Nw4g7AxE&lc=UgxDP171ivrvuwBa1v14AaABAg,Nepal Flood Disaster 2026: Glacier Collapse,https://www.youtube.com/watch?v=RF5Nw4g7AxE,Nepal flood 2026,disaster,other,,
e74e8d129310,stop glazing over unsubstantiated claims,english,youtube,reply,2026-08-26T21:39:17Z,https://www.youtube.com/watch?v=9ZvUQ7aoehw&lc=UgyxKs2NTBmOxpUrN8d4AaABAg.A_zaOSRx7pPA_zhX5sVfCl,Nepal’s Deadly Flash Flood: What Triggered It?,https://www.youtube.com/watch?v=9ZvUQ7aoehw,Nepal landslide,not_disaster,,,
77d45c126034,Jasle j vane vanus... Baal vaina... Aanurodh cha sampurna Nepali lie yesto bipada ko bela ekjut vayera ek arka ko saath dim ra rastra nirman ma saath diu. Bideshi shakti haru le thulo chalkhel garna khojcha tei vayera sachet basum,romanized_nepali,youtube,comment,2026-08-31T15:49:49Z,https://www.youtube.com/watch?v=qHNX0jV1XTg&lc=UgzOrEgJHprrRMKq3lh4AaABAg,विश्वका मिडियाले भोटेकोशीको बाढी बारे के भने ? || Nepal Times,https://www.youtube.com/watch?v=qHNX0jV1XTg,बाढी,disaster,other,,
eea64088d9db,नेपाल सरकारले धेरै गर्न खोजेको हो र गरेको पनि हो तर अझै धेरैको उद्धार गरेर बाढी पीडितहरुलाई सकुशल बचाउन सकिन्थ्यो।,devanagari,youtube,comment,2026-08-31T07:59:35Z,https://www.youtube.com/watch?v=U8JI63ADNHw&lc=Ugy2iug4QNYCU1MElhN4AaABAg,भोटेकोशी बाढी पछि सरकारले के के गर्यो?|| Nepal Times,https://www.youtube.com/watch?v=U8JI63ADNHw,भोटेकोशी बाढी,disaster,other,,
1e67cc403111,जानकारि दिएकाे धेरै रामराे । अब खाेला काे किनारमा बसिति बसाउनु हुदैन । याे बिनासकारि घटना बाट पाठ सिकनु परछ। जसताे लागछ।,devanagari,youtube,comment,2026-08-29T08:10:14Z,https://www.youtube.com/watch?v=2Q9nqCljo3g&lc=UgzkGa-7IHACzezZdVt4AaABAg,रसुवामा भीषण बाढी किन आयो ? Dr. Nitesh Khadka सँग कुराकानी,https://www.youtube.com/watch?v=2Q9nqCljo3g,बाढी,disaster,other,,
7d583342c93a,"Nikai bidambana, 😢",english,youtube,comment,2024-09-30T08:58:33Z,https://www.youtube.com/watch?v=3dFCeGRHa_4&lc=UgzwH8mnE5rjajhJedB4AaABAg,Flooding in Kathmandu || काठमाडौँमा भयानक विनाशकारी बाढी ll Day - 2,https://www.youtube.com/watch?v=3dFCeGRHa_4,काठमाडौं बाढी,disaster,other,,
4214d4d821a8,साहब आप कह रहे हैं कि प्रकृति ने अन्याय किया है। जरा सोचिए कि हम(मानव समुदाय) प्रकृति के साथ कितना अन्याय कर रहे हैं बल्कि अपराध कर रहे हैं। क्या हमने पहाड़ को भी सुरक्षित छोड़ा है? क्या हम पहाड़ को विकास के नाम पर बर्बाद नहीं कर रहे हैं? 👉 प्रकृति कोई न्याय या अन्याय नहीं करती उसकी तो अपनी स्वाभाविक गति है साहब। ✅ यद्यपि नेपाल के लोगों का ग्लोबल वार्मिंग में नगण्य योगदान है। जो इसके जिम्मेवार है क्या वो मौज नहीं मना रहे हैं? ✅ क्या आप उनके खिलाफ एक भी शब्द बोल पाएंगे जो इस आपदा के जिम्मेवार हैं? ✅ आपकी सच्ची सहानुभूति ये होगी कि आप वैश्विक तापन पर शोध करें और लोगों को इसके प्रति जागरूक करें। ✅प्रकृति का दोष दे के हम अपनी जिम्मेवारी से कब तक भागते रहेंगे? ✅ इसलिए जागीए और लोगों को जगाइए। आप शिक्षक हैं ये आपका धर्म है। नमस्कार🙏,devanagari,youtube,comment,2026-09-01T10:44:14Z,https://www.youtube.com/watch?v=zTlJtMz5ESk&lc=UgyCbrjCCcpRkbqd3XZ4AaABAg,Nepal Flood 2026 | Real cause of Nepal floods? Flood Videos | Madhukar Kotawe #madhukarkotawe #upsc,https://www.youtube.com/watch?v=zTlJtMz5ESk,Nepal monsoon flood,disaster,other,,
d006b7ea3488,मानछेकालासहरु बाढिलेभारतसम्मापुरयायकोछ केसरकारलेसब भारतबाट नदिबाटनिकालेरल्याउने केहिब्यबस्थामिलाकोछकिनाप सोध्नाचाँहेमैले ।,devanagari,youtube,comment,2026-09-01T00:22:16Z,https://www.youtube.com/watch?v=8moDJFX_06U&lc=Ugx_zQWWvRhSa7i3B_p4AaABAg,अझै छ बाढीको डर ! आँसुमा डुबेको देश - सरकार सक्रिय || Rasuwa Flood Nepal || SIDHAKURA ||,https://www.youtube.com/watch?v=8moDJFX_06U,Rasuwa flood,disaster,other,,
a3e77aef9d7d,Salam X sudan jyu,english,youtube,comment,2026-08-29T09:32:43Z,https://www.youtube.com/watch?v=shcQIucF5cY&lc=UgxPC940SpJXo2GQrc94AaABAg,रसुवा बाढी: गृहमन्त्री सुदन राति &#39;त्रिशुली ३ ए&#39; सुरुङभित्र छिरेपछि | Rasuwa Flood,https://www.youtube.com/watch?v=shcQIucF5cY,रसुवा बाढी,disaster,other,,
914e853a7ea3,महान संतद्वारा संचालित महान कार्य 🙏🥲,devanagari,youtube,comment,2026-08-30T18:51:32Z,https://www.youtube.com/watch?v=OX3qvyLoUck&lc=Ugw6bmDWABAeX8hwTlB4AaABAg,Ground Report: घर र सपना बगाएको विपत्तिमा कसरी सहारा बन्यो &#39;अन्नपूर्णा अभियान&#39;? | SA News Nepal,https://www.youtube.com/watch?v=OX3qvyLoUck,बाढी पहिरो उद्धार,not_disaster,,,
b081c5b506db,मेरो मनको कुरा गर्नु भयो खोला छेउमा कम्तीमा ३० देखि ४० मितर दायाँ बायाँ छोडन लगाएर मात्र घर बनाउन दिनु पर्छ,devanagari,youtube,comment,2026-08-29T15:04:56Z,https://www.youtube.com/watch?v=7btVdvcrEzc&lc=Ugxv73cKEEGTrlCqIgt4AaABAg,हिमताल विष्फोटनको सुनामी || Himalayan Tsunami Risk | Is the Rasuwa Flood a Warning of Cascade GLOFs?,https://www.youtube.com/watch?v=7btVdvcrEzc,Rasuwa flood,disaster,other,,
0b941e06c90f,O my god Kati manxe paryo hola😥😥😥😥😥😥 Mero man sarai aatiyo,romanized_nepali,youtube,comment,2026-08-26T10:17:12Z,https://www.youtube.com/watch?v=4MhUbG_L2m0&lc=Ugzst4b2hPZYBcMipBp4AaABAg,"रसुवाबाढीमा हजारौँ बे&#39;पत्ता: इतिहासकै ठुलो बाढीले पुरै रसुवा बगायो, सबै तह&#39;सनहस पार्यो Rasuwa",https://www.youtube.com/watch?v=4MhUbG_L2m0,रसुवा बाढी,disaster,other,,
293601a0e9f4,Amazing news thank you C Pati Nepal thank you Sudan thank you Balen thank you Rabi thank you Nepal Army personnels thank you Nepal Police & Nepal Armed Police all of you deserves the Salute!!!,english,youtube,comment,2026-08-29T07:40:07Z,https://www.youtube.com/watch?v=shcQIucF5cY&lc=Ugwqi-HJuA20Nb_cxjZ4AaABAg,रसुवा बाढी: गृहमन्त्री सुदन राति &#39;त्रिशुली ३ ए&#39; सुरुङभित्र छिरेपछि | Rasuwa Flood,https://www.youtube.com/watch?v=shcQIucF5cY,रसुवा बाढी,disaster,other,,
3bf3589c37fe,राम राम रक्षा गर्नु भगवान,devanagari,youtube,comment,2026-08-26T15:20:34Z,https://www.youtube.com/watch?v=uuNq2nPw-yc&lc=Ugw9jGb6WGUQPOHr3Pd4AaABAg,रसुवागढी बाढी: Rasuwagadi badi update | nepali news | rasuwa badhi news today | badhi pahiro,https://www.youtube.com/watch?v=uuNq2nPw-yc,Nepal badhi pahiro,not_disaster,,,
59b36a023434,6:20 malekhu muglin ma badi ko speed 20 kmph ? bro are you kidding ? flood was in equal speed to the vehicle which was already travelling 80kmph .... i don't think flood was anything less than 180 kmph at rasuwa nuwakot way,romanized_nepali,youtube,comment,2026-08-31T14:58:04Z,https://www.youtube.com/watch?v=njBnqiiTeZo&lc=UgwXYVYAhQ7Yrp2bv-94AaABAg,Nepal Flash Flood 2026,https://www.youtube.com/watch?v=njBnqiiTeZo,Nepal flood 2026,disaster,other,,
6f7d8a743d86,From Taplejung thank you for news,english,youtube,comment,2026-09-02T12:40:03Z,https://www.youtube.com/watch?v=EjS0Q2SM7tc&lc=Ugz3QB0DXH5OttgE-TB4AaABAg,"Today news 🔴 nepali news | aaja ka mukhya samachar,nepali samachar live | bhadau 17 gate 2083.",https://www.youtube.com/watch?v=EjS0Q2SM7tc,Nepal badhi pahiro,not_disaster,,,
8a5544ca1c58,यो भाइको भिडियो हेरिदिए मैले आज बिहान मात्र सम्झिँदै यो भाइ बाँच्छु होला कि नबाचे अहिले यो सुन्न पाए धन्यवाद,devanagari,youtube,comment,2026-09-01T05:18:13Z,https://www.youtube.com/watch?v=_3pyMK8qqss&lc=Ugy8J2ulAg4zYk4cWlJ4AaABAg,जसले म म*र्दैछु बुढी भनेर श्रीमतीलाई भिडियो पठाएका थिए... || RASUWA FLOOD VICTIM STATEMENT ||,https://www.youtube.com/watch?v=_3pyMK8qqss,Rasuwa flood,disaster,other,,
29bc0bb628f3,भदौ १० गते आएको बाढीबाट जनताहरुको बसोबास र ज्यान ध्वस्त हुनु हामीहरुका लागि दु:खद हो । पीडितहरुको समस्याका बारेमा रिपोर्टिङ गर्नुभएकोमा अन्लाईन खबरका प्रधान सम्पादक आदरणीय उमेश सरलगायहरुमा कोटि कोटि नमस्कार ।,devanagari,youtube,comment,2026-09-02T14:45:19Z,https://www.youtube.com/watch?v=PPAsnD_Bhcs&lc=Ugw59Yhpl5GfTH-zFjp4AaABAg,त्रिशुलीको पल्लो किनारबाट देखिएको बाढीको अर्को कथा | Rasuwa Flood | Trishuli | Onlinekhabar,https://www.youtube.com/watch?v=PPAsnD_Bhcs,Rasuwa flood,disaster,other,,
c39afe759ed9,"थुक्क झोलेको बुद्दी, कुरा पिछे जय जयकार गर्न जरूरी छ ?",devanagari,youtube,reply,2026-08-26T11:56:24Z,https://www.youtube.com/watch?v=csH4Wydq4w8&lc=UgwVFEpOp6BDH4ZnknN4AaABAg.A_y__qt7XSHA_yeovCOR7T,Rasuwa Flood 1 PM Live Update: Massive Destruction Across Rasuwa | Rescue Operation Underway,https://www.youtube.com/watch?v=csH4Wydq4w8,Rasuwa flood,not_disaster,,,
a9b07952f88d,Thank you so much sahayogi man haru lai,romanized_nepali,youtube,comment,2026-08-31T01:36:39Z,https://www.youtube.com/watch?v=OX3qvyLoUck&lc=UgynTs6YEButDBvqMm94AaABAg,Ground Report: घर र सपना बगाएको विपत्तिमा कसरी सहारा बन्यो &#39;अन्नपूर्णा अभियान&#39;? | SA News Nepal,https://www.youtube.com/watch?v=OX3qvyLoUck,बाढी पहिरो उद्धार,disaster,other,,
13f9c3ac255e,भगवान ले सबै को रक्षा गरुन हामी सबै ३ करोड नेपाली जनता हरु मिलेर बाढि पीडित हरु लाई गाँस बास कपास दिन छिटोभन्दा छिटो सहयोग गरिदिन जरुरी छ पर्छ आज हाम्रो नेपाल आमा रोयकि छिन आमा को आँसु पुछ्ने सबै नेपाली जनता हरु जिम्मेवारी दाहित्व हो,devanagari,youtube,comment,2026-08-27T17:55:57Z,https://www.youtube.com/watch?v=V5dIZaqFlRA&lc=Ugz4LF8Ikm35cpeiIcB4AaABAg,तिब्बतमा भूकम्प नेपालमा बाढी ||The reason behind Rasuwa Flood || SIDHAKURA ||,https://www.youtube.com/watch?v=V5dIZaqFlRA,काठमाडौं बाढी,disaster,resource_available,,
3b89b929339e,We will Rise again🇳🇵 भूकम्प पीडित को लागि आएको विदेश सहयोग भ्रष्टचार गरेको जस्तो यो चोटी नहोस् पीडितहरु लाई आएको सहयोग पीडितले पाहोस। मलाई मेरो देश हाँसेको हेर्न मन छ। रोएको हेर्न मैले सक्दैन। 🇳🇵🫡,mixed,youtube,comment,2026-08-28T19:51:27Z,https://www.youtube.com/watch?v=njBnqiiTeZo&lc=UgxbpmXomKzMRIjgjP54AaABAg,Nepal Flash Flood 2026,https://www.youtube.com/watch?v=njBnqiiTeZo,Nepal flood 2026,disaster,other,,
544d4a8448c6,O my goodness is so heartbreaking ❤️‍🩹❤️‍🩹❤️‍🩹❤️‍🩹😱😨😰😥😭😭😭,english,youtube,comment,2026-08-29T13:20:27Z,https://www.youtube.com/watch?v=oabnh5Ads_I&lc=UgwfGqdaVFRZohJ7UW14AaABAg,Scene in Nuwakot District as poor weather hampers rescue efforts in Nepal,https://www.youtube.com/watch?v=oabnh5Ads_I,Melamchi flood,disaster,other,,
1be75578909c,एउटा सन्तले राज्यले गर्ने काम गनु भएको छ यो चान चुने कुरा होइन यो महान काम हो।,devanagari,youtube,comment,2026-08-31T11:29:47Z,https://www.youtube.com/watch?v=OX3qvyLoUck&lc=Ugw24h6iFK6SuPsffch4AaABAg,Ground Report: घर र सपना बगाएको विपत्तिमा कसरी सहारा बन्यो &#39;अन्नपूर्णा अभियान&#39;? | SA News Nepal,https://www.youtube.com/watch?v=OX3qvyLoUck,बाढी पहिरो उद्धार,disaster,other,,
9bb817158370,Hami paschim ko manxe bodes ma xau ra kati roye kaa xau jhan tapai haru ko akhae agadi testo bipatti huda kina runu bhayena Hola ra😢😢😢😢😢😢😢😢😢😢😢,romanized_nepali,youtube,comment,2026-08-30T19:15:10Z,https://www.youtube.com/watch?v=QOu8_yjxUJg&lc=UgxjOSRXfTDdP_APiC94AaABAg,जसले अहिले र १८ सालको बाढी देखे || १८ सालमा के भएको थियो ? || SIDHAKURA || TRISULI || BHOTEKOSHI ||,https://www.youtube.com/watch?v=QOu8_yjxUJg,बाढी,disaster,other,,
81793c64abdc,"Speaking of the effect downstream… since the glacier meltings will probably accelerate following the increased ( increasing ) temperature of the planet, the low lying areas in Nepal, Bhutan, India, & Bangladesh will foreseeably be inundated with increased volume of water . Probably an opportune time for China to obligate itself to better coordinate their early warning & monitoring systems with the affected countries. A lesson must be learned.",english,youtube,reply,2026-09-01T16:55:15Z,https://www.youtube.com/watch?v=x-_WGz3ydwY&lc=Ugw7QYwrhd0d-taZi7x4AaABAg.Aa4rqDnDsZYAaDdmvTufP-,Nepal–Tibet Mega Flood 2026: What Really Caused It?,https://www.youtube.com/watch?v=x-_WGz3ydwY,Nepal flood 2026,disaster,warning,,
e4e7ed1bf004,I can see there are countless birds flying over the runway area or lil’bit far from runway area but birds could shift anytime towards the runway area too!! So airport authorities must take this matter seriously to prevent the potentially fatal accidents🙏🙏🫡🫡,english,youtube,comment,2026-08-30T15:18:21Z,https://www.youtube.com/watch?v=6JlAQTEEyP0&lc=Ugxlmgy6zFCZfs2caHN4AaABAg,🇨🇳चीनका दुई भिषण जहाज काठमान्डुमा Two Chinese Y-20 Aircraft Bring 50 Tons of Flood Relief to Nepal✈️,https://www.youtube.com/watch?v=6JlAQTEEyP0,Melamchi flood,disaster,warning,,
8f95ced5ed91,विद्वानको बिचार राम्रो छ तर नसोचेको 30कि. मि.चाइना बाट घटना भएको सुन्नमा आएको थियो।,devanagari,youtube,comment,2026-08-28T03:13:16Z,https://www.youtube.com/watch?v=2Q9nqCljo3g&lc=UgxPQYC00jDfd1Jyusp4AaABAg,रसुवामा भीषण बाढी किन आयो ? Dr. Nitesh Khadka सँग कुराकानी,https://www.youtube.com/watch?v=2Q9nqCljo3g,बाढी,disaster,other,,
d9fe522b5498,Jai pasupati Nath rakxa garnu hoos sabai ko 🙏🙏🙏🙏🙏🙏🙏,romanized_nepali,youtube,comment,2026-08-28T01:14:27Z,https://www.youtube.com/watch?v=njBnqiiTeZo&lc=UgyeOIyhf_lX9JErlKB4AaABAg,Nepal Flash Flood 2026,https://www.youtube.com/watch?v=njBnqiiTeZo,Nepal flood 2026,not_disaster,,,
e2dcad2d5ef6,गृहमन्त्रि सुदनगुरुङतपाइलाइधन्याबद।,devanagari,youtube,comment,2026-08-29T12:49:40Z,https://www.youtube.com/watch?v=shcQIucF5cY&lc=UgzSUT1EFO9Y-vQMPZ14AaABAg,रसुवा बाढी: गृहमन्त्री सुदन राति &#39;त्रिशुली ३ ए&#39; सुरुङभित्र छिरेपछि | Rasuwa Flood,https://www.youtube.com/watch?v=shcQIucF5cY,रसुवा बाढी,disaster,other,,
3c7d894e9e32,"Tetro rahat ako xa , rastriya tatha antarastriya tarfa bata , ra poilo prathimikta sarkar la victim herli uchit khana ko byabastha melawosh , chauchau ra biscuit deyara na rakhosh , rahat ko nam ma binamra anurodh xa",romanized_nepali,youtube,comment,2026-09-02T06:12:44Z,https://www.youtube.com/watch?v=c4FKIuzh-ew&lc=UgwWpJ0xVDch1bfGhX14AaABAg,रसुवा बाढी : लासमाथि राजनीति? | NEPAL FLOOD,https://www.youtube.com/watch?v=c4FKIuzh-ew,रसुवा बाढी,disaster,other,,
7f33a4584771,नकरात्मक समाचार बाहेक केही बोल्दैनन्।आखिर 12 भाई त्यसै भनेको होइन।,devanagari,youtube,comment,2026-09-01T18:27:18Z,https://www.youtube.com/watch?v=G6L0zXYDtRo&lc=UgzglYVQGhpWsNLbj8l4AaABAg,"चीनको चेतावनी : छोचेन आसपास हिमनदी भत्किए ठूलो जोखिम, राहत र उद्धार जारी | Prime Time",https://www.youtube.com/watch?v=G6L0zXYDtRo,राहत उद्धार,disaster,other,,
af0076b34800,Khola michera ghar banaye paxi khola le aafno puranai bato khojeko matra ho,romanized_nepali,youtube,comment,2025-07-07T03:34:00Z,https://www.youtube.com/watch?v=LgW6Lu-MIMU&lc=UgyGND9ka9YYdFc3Y-V4AaABAg,चाेभार गल्छी काण्ड and Flood -  Kathmandu Valley in Danger?,https://www.youtube.com/watch?v=LgW6Lu-MIMU,Kathmandu flood 2024,disaster,other,,
4a6dcee720e3,Did he say survive the initial explosions?,english,youtube,comment,2026-09-01T18:10:09Z,https://www.youtube.com/watch?v=5SiCIenyxos&lc=UgzaxiAuDb9_JLDG01F4AaABAg,Nepal tunnel rescue: Geologist maps the deadly conditions,https://www.youtube.com/watch?v=5SiCIenyxos,Nepal flood rescue,disaster,other,REVIEW: Reply asking about 'initial explosions'; referent unclear,
f5b564525a40,"Ram , Ram prakirti ,,bhagawan risaunu bhayo ,Kali Lago , Sabi le Satya Kam garuo , gai Ra goru bachaunuparcha r tapai haru gandaki ki aas pass nabasnuhole , satarka rhanuhola 😢🙏🏼",romanized_nepali,youtube,comment,2026-08-31T07:35:41Z,https://www.youtube.com/watch?v=BqgJV-55YFM&lc=Ugwj9Kt2gvO0BF6Z2XR4AaABAg,गोरखाको चुमनब्री गाउँपालिका ७ छेकम्पार चौरीखर्कमा पहिरो,https://www.youtube.com/watch?v=BqgJV-55YFM,पहिरो,disaster,warning,,
8e9b8fc2b40f,Hoina abo yo dharti nai sakhap hunxa jasto xa katai badhi katai pahiro hey bhagawan,romanized_nepali,youtube,comment,2026-08-31T13:59:48Z,https://www.youtube.com/watch?v=5Rauna3WMdM&lc=UgwuqeTbgou84vsruk14AaABAg,गोरखाको चौरीखर्कस्थित छेकम्पारमा गएको पहिरो,https://www.youtube.com/watch?v=5Rauna3WMdM,पहिरो,disaster,other,,
43f484eb9bbb,Tei tw Vanya KO kasto pagal Sarkar ho hami aauxam vani uniharu aafai ley Vanda Pani nai chaidoina vanxa yrr Gaza khayara basyako xa Kya ho,romanized_nepali,youtube,reply,2026-08-31T05:42:51Z,https://www.youtube.com/watch?v=U8JI63ADNHw&lc=Ugw3Qqy7pisFE7GzyRB4AaABAg.Aa9pz1pSuh9Aa9s2KClSCM,भोटेकोशी बाढी पछि सरकारले के के गर्यो?|| Nepal Times,https://www.youtube.com/watch?v=U8JI63ADNHw,भोटेकोशी बाढी,disaster,other,,
ca86dfe913e2,Khusi Lage yo daila dekhera,english,youtube,comment,2026-09-01T02:49:48Z,https://www.youtube.com/watch?v=_3pyMK8qqss&lc=UgwLhnJdreZlNUuJ5ip4AaABAg,जसले म म*र्दैछु बुढी भनेर श्रीमतीलाई भिडियो पठाएका थिए... || RASUWA FLOOD VICTIM STATEMENT ||,https://www.youtube.com/watch?v=_3pyMK8qqss,Rasuwa flood,not_disaster,,,
7426bc7486ac,"""म हृदयदेखि नै प्रार्थना गर्छु कि सबै कुरा छिट्टै शान्त होस् र सबैजना सकुशल रहून। काश, सबै कुरा छिट्टै ठीक भइदिए हुन्थ्यो।""",devanagari,youtube,comment,2026-08-31T10:28:08Z,https://www.youtube.com/watch?v=Rx8LmvSW-DY&lc=UgxQEYDlC4GX38Cr95p4AaABAg,Nepal Flood Viral Video :बाढ़ के बाद तबाह हुआ पूरा नेपाल ! | N18S | Nepal Flood | Viral News | Nepal,https://www.youtube.com/watch?v=Rx8LmvSW-DY,Nepal monsoon flood,disaster,other,,
17daceb22e75,यस दुःखद घडीमा शोक सन्तप्त परिवार प्रति मेरो गहिरो सम्बद्ध प्रकट ग्रर्दछु अन्ते मा अरू मेरो कुनै सब्द नै छैन म निस्बद छु मेरो देश नेपाल आज दु:खद घडीमा छ सम्पूर्ण देश तथा विदेशबाट सहयोग प्रदान होस धन्यवाद 🙏😢😢😢😢😢😢😢,devanagari,youtube,comment,2026-08-27T17:59:25Z,https://www.youtube.com/watch?v=8moDJFX_06U&lc=UgwkzjvzoGd4LncRcgJ4AaABAg,अझै छ बाढीको डर ! आँसुमा डुबेको देश - सरकार सक्रिय || Rasuwa Flood Nepal || SIDHAKURA ||,https://www.youtube.com/watch?v=8moDJFX_06U,Rasuwa flood,disaster,other,,
21b56cf0880e,बच्ने भाग्य भएरै हो बाच्नु भयो । अरु सब घर हरु बगाउदा यो घर्ले सबैलाइ बचायो तेहि ठूलो कुरा हो,devanagari,youtube,comment,2026-08-31T00:40:40Z,https://www.youtube.com/watch?v=AbLTmMuesxM&lc=UgysSUNd8-sSLNwx-lZ4AaABAg,Bhotekoshi Flood आफ्नै परिवारले नै बाढीमा फसेका ६ जनाको उद्धार यसरी गर्यो हेर्नुहोस | Nuwakot Nepal,https://www.youtube.com/watch?v=AbLTmMuesxM,Bhotekoshi flood,disaster,other,,
c0de967c0085,इसलिए कहते हैं प्रकृति के साथ कोई छेड़छाड़ नहीं प्रकृति कुछ भी नहीं उधर रखती वह हमें वापस कर देते हैं,devanagari,youtube,comment,2026-08-31T16:56:10Z,https://www.youtube.com/watch?v=zTlJtMz5ESk&lc=Ugx4ZGP_guVutEGCaBt4AaABAg,Nepal Flood 2026 | Real cause of Nepal floods? Flood Videos | Madhukar Kotawe #madhukarkotawe #upsc,https://www.youtube.com/watch?v=zTlJtMz5ESk,Nepal monsoon flood,disaster,other,,
8e2a4fd373a3,😢😢😢 building off'ice in middle of river path how dumbest it cane be caused destruction and lost of lives 🙏 people should not build houses offices on the river channels,english,youtube,comment,2026-08-29T02:24:33Z,https://www.youtube.com/watch?v=Kf6CeSTrCqY&lc=Ugzv9OZvbe3bLeAviu94AaABAg,Nepal China Border Flood 2026,https://www.youtube.com/watch?v=Kf6CeSTrCqY,Nepal flood 2026,disaster,other,,
edca5ae82a70,लाटाको देश मा घोडा तन्नेरी,devanagari,youtube,comment,2026-09-02T00:56:19Z,https://www.youtube.com/watch?v=Iq204O8qskw&lc=Ugy5gi0s8zFnvMY2K6F4AaABAg,रसुवा बाढी प्रभावित क्षेत्रमा देखिएको गृनआर्मी के हो? कुन उदेश्यले संचालितछ ? यसरी बुझौ।।,https://www.youtube.com/watch?v=Iq204O8qskw,रसुवा बाढी,not_disaster,,,
4877b2c5fb84,God Is Great🙏🙏🌍️🌍️.!!,english,youtube,comment,2026-08-26T09:04:51Z,https://www.youtube.com/watch?v=csH4Wydq4w8&lc=UgyYyOvxKXmQnjo9sBJ4AaABAg,Rasuwa Flood 1 PM Live Update: Massive Destruction Across Rasuwa | Rescue Operation Underway,https://www.youtube.com/watch?v=csH4Wydq4w8,Rasuwa flood,not_disaster,,,
4901376a8e74,नेपाल क्षेत्रको भएको भनिएको हिम पहिरोको ड्रोन ईमेज किन पोस्ट नभएको होला!,devanagari,youtube,comment,2026-08-29T11:12:48Z,https://www.youtube.com/watch?v=2Q9nqCljo3g&lc=UgzFy7bCp53iOYfxPU54AaABAg,रसुवामा भीषण बाढी किन आयो ? Dr. Nitesh Khadka सँग कुराकानी,https://www.youtube.com/watch?v=2Q9nqCljo3g,बाढी,disaster,other,,
a24da275b041,​<USER>-c3b भुराजनिती हेर अन्धभक्त नभ सबै थाह पाउछस्,mixed,youtube,reply,2026-08-26T12:13:58Z,https://www.youtube.com/watch?v=csH4Wydq4w8&lc=UgwwrleNe1wIfY9-5jV4AaABAg.A_yWxQNIPYYA_ygpcsCn0S,Rasuwa Flood 1 PM Live Update: Massive Destruction Across Rasuwa | Rescue Operation Underway,https://www.youtube.com/watch?v=csH4Wydq4w8,Rasuwa flood,not_disaster,,,
5da7f9ae6977,छिमेकी पहिलो नीति लागू गर्न जरुरत छ। नेपाल जस्तो दुई शक्तिशाली देशको बिचमा भएको देशले।,devanagari,youtube,comment,2026-08-30T10:27:46Z,https://www.youtube.com/watch?v=6JlAQTEEyP0&lc=UgxyVhFDpJzP2eM8TAV4AaABAg,🇨🇳चीनका दुई भिषण जहाज काठमान्डुमा Two Chinese Y-20 Aircraft Bring 50 Tons of Flood Relief to Nepal✈️,https://www.youtube.com/watch?v=6JlAQTEEyP0,Melamchi flood,not_disaster,,,
d447df853afe,"पेड़ पौधों और जंगलों को काटोगे तो अंत निश्चित है,जागो लोगों जागो प्रकृति को बचाओ, पोंगा पंडितों से आजाद हो जाओ पाखंड अंधविश्वास से बाहर निकलो।",devanagari,youtube,comment,2026-09-01T07:55:45Z,https://www.youtube.com/watch?v=zTlJtMz5ESk&lc=UgySECThSCuDuR3d9yh4AaABAg,Nepal Flood 2026 | Real cause of Nepal floods? Flood Videos | Madhukar Kotawe #madhukarkotawe #upsc,https://www.youtube.com/watch?v=zTlJtMz5ESk,Nepal monsoon flood,disaster,other,,
8f6ce86bda50,Sbse jyda jimmedar insan kud h.usne nature ko barbad kr diya.aur JB nature kuch krti h tb smjh ata h ki nature insan se bhut shkatishali h..aap nature ko nast kroge to nature b kisiko ni choregi...insan ne animals ke jungle ktm kr diye unka awas chin liya...pahar kat kr ghr bna liye nadiya ktm kr di...sb to insan ktm krne me lga h pr nature JB aapna asli rup dikhati h to fir kisiko ni chorti .,romanized_nepali,youtube,comment,2026-09-01T06:50:41Z,https://www.youtube.com/watch?v=zTlJtMz5ESk&lc=UgzzYUfPTGwhy9yzRpx4AaABAg,Nepal Flood 2026 | Real cause of Nepal floods? Flood Videos | Madhukar Kotawe #madhukarkotawe #upsc,https://www.youtube.com/watch?v=zTlJtMz5ESk,Nepal monsoon flood,disaster,other,,
ac9ad7858cdf,यो परमेश्वरको आक्रोश बढेकोले हो।महांपाप कूर्लिएको हो।,devanagari,youtube,comment,2024-10-01T03:51:19Z,https://www.youtube.com/watch?v=7dXU2Anlqlg&lc=UgyaQVy7p6GGFPHct_Z4AaABAg,Nepal Flood Heaviest Rain in 24 Hour - Kathmandu Valley in Danger?,https://www.youtube.com/watch?v=7dXU2Anlqlg,Kathmandu flood 2024,disaster,other,,
047b2fe95dc1,"Its Tibetan , Not chinese side losses..CCP never care about their losses...So its a deliberate...conspiracy",english,youtube,comment,2026-08-30T10:54:32Z,https://www.youtube.com/watch?v=g99veFdSpOU&lc=UgzaazdpKbEgxLnB21R4AaABAg,Nepal Landslide: What Really Happened - and Is Balen Shah Out of His Depth?,https://www.youtube.com/watch?v=g99veFdSpOU,Nepal landslide,disaster,other,,
e7976f09a585,अमेरिका को लागी एकैदिनमा विश्लेषण गर्ने ले आफ्नै जन्म भूमिको लागि ३ दिन लाग्छ बलराम जी,devanagari,youtube,comment,2026-08-29T17:11:27Z,https://www.youtube.com/watch?v=7btVdvcrEzc&lc=UgyCx9G-xARsAKFArjV4AaABAg,हिमताल विष्फोटनको सुनामी || Himalayan Tsunami Risk | Is the Rasuwa Flood a Warning of Cascade GLOFs?,https://www.youtube.com/watch?v=7btVdvcrEzc,Rasuwa flood,disaster,other,,
b0e5df129c02,All countries gov take decision will ban home or construction in hills and near river and near sea immediate evacuate peoples immediately in future only travelling place,english,youtube,comment,2026-08-28T13:50:35Z,https://www.youtube.com/watch?v=q_jkqMqzYI0&lc=Ugwxdo842OmkFWonkDB4AaABAg,Nepal Flood: Families Return To Find Entire Villages Wiped Out,https://www.youtube.com/watch?v=q_jkqMqzYI0,Nepal monsoon flood,disaster,other,,
f670abb9911b,ALLAHUAKBAR 2X... ALLAH TELAH MENUNJUKKAN MURKANYA KEPADA ORANG ORANG YANG MENDZOLIMI ISLAM... APALAGI BERANI MEMBAKAR MASJID DAN KITAB SUCI ALQUR'AN... ALLAH YANG AKAN BERGERAK DENGAN CARANYA... SEKARANG NEPAL UDAH TAHU JAWABANNYA... ASTAGHFIRULLAH HALLADZIM YA ALLAH... AMPUNILAH KAMI YANG UDAH BANYAK DOSA INI..MATIKANLAH KAMI DALAM KEADAAN BERIMAN DAN BERTAQWA KEPADA MU YA ALLAH... BUKAN AZAB SEPERTI NEPAL...,english,youtube,comment,2026-09-01T06:57:08Z,https://www.youtube.com/watch?v=x-_WGz3ydwY&lc=Ugykq-5KMJxNhkfXknZ4AaABAg,Nepal–Tibet Mega Flood 2026: What Really Caused It?,https://www.youtube.com/watch?v=x-_WGz3ydwY,Nepal flood 2026,not_disaster,,,
00b80e8bfb6d,नेपाल की इस पवित्र धरती पर आज प्रकृति की एक भयानक त्रासदी ने अनगिनत परिवारों को गहरे दुख में डुबो दिया है।”,devanagari,youtube,comment,2026-08-27T14:18:22Z,https://www.youtube.com/watch?v=RqjtDeg4fWk&lc=Ugy-M7XIIXCg_G1FApB4AaABAg,"China, Tibet &amp; Nepal Flood Mystery | What Really Triggered The Disaster? 105 Indians Missing !",https://www.youtube.com/watch?v=RqjtDeg4fWk,Nepal monsoon flood,disaster,other,,
a6f5e9ab96fc,बर्सेनि we will rise again भन्दै नेपाल अघि बढ्न खोज्दै गर्दाकाे मूल्य मानिसले आफ्नो ज्यान गुमाएर नै चुकाउनु पार्ने हो? हे दैव कति निष्ठुरी हौ,mixed,youtube,comment,2026-08-28T06:42:41Z,https://www.youtube.com/watch?v=njBnqiiTeZo&lc=UgwieKpqPySGa4nUt-B4AaABAg,Nepal Flash Flood 2026,https://www.youtube.com/watch?v=njBnqiiTeZo,Nepal flood 2026,disaster,other,,
8531e6825e37,परमात्मा को दयाले संकटको बेला राहत,devanagari,youtube,comment,2026-08-30T14:31:47Z,https://www.youtube.com/watch?v=OX3qvyLoUck&lc=UgytodqCmvXATRGt6VV4AaABAg,Ground Report: घर र सपना बगाएको विपत्तिमा कसरी सहारा बन्यो &#39;अन्नपूर्णा अभियान&#39;? | SA News Nepal,https://www.youtube.com/watch?v=OX3qvyLoUck,बाढी पहिरो उद्धार,disaster,other,,
8565061a9c26,"j vo aba vaisako, aba Govt. lae nadi , khola chew chew ma ghar banauna dinu vaena. Yasto Natural Disaster huna saknae cases lai research garera matra basti basauna allow garnu parca. Bato banuda ni dherai kura yaad garnu parxa. Landslide ko jokhim ni dherai ca Nepal ma.",romanized_nepali,youtube,comment,2026-09-02T07:00:43Z,https://www.youtube.com/watch?v=90iKYyq9HlU&lc=UgxcIzemWpmVbCWcYlZ4AaABAg,Ep:622 | What Caused the Rasuwa Flood? The Real Reason Behind the Disaster | Ramesh Bhushal,https://www.youtube.com/watch?v=90iKYyq9HlU,Rasuwa flood,disaster,other,,
7cd0fa299a35,"Nepal ke kaam jaha भ्रष्टाचार , अन्याय र हिंसा हुन्छ",mixed,youtube,reply,2026-08-29T17:31:22Z,https://www.youtube.com/watch?v=7btVdvcrEzc&lc=UgyCx9G-xARsAKFArjV4AaABAg.Aa5xG7gd2-MAa5zXxx3BG0,हिमताल विष्फोटनको सुनामी || Himalayan Tsunami Risk | Is the Rasuwa Flood a Warning of Cascade GLOFs?,https://www.youtube.com/watch?v=7btVdvcrEzc,Rasuwa flood,not_disaster,,,
b353a4093dad,पृथ्वी के विनाश का कारण केवल मनुष्य प्रजाति😢😢😢,devanagari,youtube,comment,2026-09-01T08:48:24Z,https://www.youtube.com/watch?v=zTlJtMz5ESk&lc=UgwreavYvqGm_7VYuNl4AaABAg,Nepal Flood 2026 | Real cause of Nepal floods? Flood Videos | Madhukar Kotawe #madhukarkotawe #upsc,https://www.youtube.com/watch?v=zTlJtMz5ESk,Nepal monsoon flood,disaster,other,,
6a36f9429a7d,साह्रै उत्तम कार्य सन्त रामपाल जी महाराज को,devanagari,youtube,comment,2026-09-02T01:18:25Z,https://www.youtube.com/watch?v=OX3qvyLoUck&lc=UgzgtWpMLra-KZ6lwON4AaABAg,Ground Report: घर र सपना बगाएको विपत्तिमा कसरी सहारा बन्यो &#39;अन्नपूर्णा अभियान&#39;? | SA News Nepal,https://www.youtube.com/watch?v=OX3qvyLoUck,बाढी पहिरो उद्धार,not_disaster,,,
e6fe2c965d5d,"The sludge is solidifying,Only God knows how many people who got buried in it will never ever be recovered",english,youtube,comment,2026-08-28T02:19:15Z,https://www.youtube.com/watch?v=FXMZv1sOBUo&lc=UgwC_mudqTiviy6ZEf94AaABAg,Pt.1- Disaster Waiting To Happen? | Was The Nepal Flood Fury Preventable? | Akash Banerjee,https://www.youtube.com/watch?v=FXMZv1sOBUo,Nepal monsoon flood,disaster,damage,,
ee46773a43fe,"धेरै डर छेरुवा जस्तो लाग्यो,यत्ती सारो डराउनु हुदैन हो,बिपत्ति त बिपत्ति नै हो पानी नखाएनी त्यो जाडो ठाउँमा 2/4 दिन बच्न सकिन्छ,घटना ले आत्तिनु भयो,जे हो जे होस बाच्न सफल हुनुभएको त्यही नै ठूलो कुरा हो ।",devanagari,youtube,comment,2026-08-31T17:06:15Z,https://www.youtube.com/watch?v=_3pyMK8qqss&lc=Ugw9GPPFkvZyNliEtVZ4AaABAg,जसले म म*र्दैछु बुढी भनेर श्रीमतीलाई भिडियो पठाएका थिए... || RASUWA FLOOD VICTIM STATEMENT ||,https://www.youtube.com/watch?v=_3pyMK8qqss,Rasuwa flood,disaster,other,,
b35fe982b13d,IDS la Kati sayag garyo garyo Vanya Kura ho,romanized_nepali,youtube,comment,2026-08-28T16:13:56Z,https://www.youtube.com/watch?v=njBnqiiTeZo&lc=UgxMXDDSHRfdr-wtfWN4AaABAg,Nepal Flash Flood 2026,https://www.youtube.com/watch?v=njBnqiiTeZo,Nepal flood 2026,disaster,other,,
b7d5161b6c73,Salut sadan jyu,english,youtube,comment,2026-08-30T10:05:26Z,https://www.youtube.com/watch?v=shcQIucF5cY&lc=UgzhFuLBVfbD4DsCq0R4AaABAg,रसुवा बाढी: गृहमन्त्री सुदन राति &#39;त्रिशुली ३ ए&#39; सुरुङभित्र छिरेपछि | Rasuwa Flood,https://www.youtube.com/watch?v=shcQIucF5cY,रसुवा बाढी,disaster,other,,
528abed6b0ab,4 जील्ला मा टोटल्ली १० हजार जती मरेको बीपतो सबै जना अन्दाजी पुग्यौ होला ? 😭😭😭😭😭😭,devanagari,youtube,comment,2026-08-31T10:29:05Z,https://www.youtube.com/watch?v=InH2rlVf6pI&lc=UgzPtcUhUGeOrTF1q9V4AaABAg,Bhotekoshi Flood Update | अब त बगरमा मान्छेका लास मात्र होलान ! हराएका  मान्छे खोज्नेको घुइचो लाग्यो,https://www.youtube.com/watch?v=InH2rlVf6pI,Bhotekoshi flood,disaster,damage,,
c70bd04add70,​<USER> CO pretty safe lol,english,youtube,reply,2026-09-02T04:39:35Z,https://www.youtube.com/watch?v=KoUq5bLMo5k&lc=UgzkrM97bsGKDEStd9V4AaABAg.AaE1T9lOEQUAaEuOnnSHht,Nepal&#39;s Flood Came From the Same Mountain That Buried a Village in 2015,https://www.youtube.com/watch?v=KoUq5bLMo5k,Nepal flood 2026,not_disaster,,,
0f88979fada8,Climate change is the reason And we are responsible for this,english,youtube,comment,2026-08-31T15:08:45Z,https://www.youtube.com/watch?v=zTlJtMz5ESk&lc=UgzaEVC55QTL6AWGz2d4AaABAg,Nepal Flood 2026 | Real cause of Nepal floods? Flood Videos | Madhukar Kotawe #madhukarkotawe #upsc,https://www.youtube.com/watch?v=zTlJtMz5ESk,Nepal monsoon flood,disaster,other,,
80d3fb2cc167,म्युझिक बंद करो पागल है क्या दुख मे मजा ले रहा क्या,devanagari,youtube,comment,2026-08-28T14:12:29Z,https://www.youtube.com/watch?v=q_jkqMqzYI0&lc=UgwOxNpbfmnbSxc8ZsZ4AaABAg,Nepal Flood: Families Return To Find Entire Villages Wiped Out,https://www.youtube.com/watch?v=q_jkqMqzYI0,Nepal monsoon flood,disaster,other,,
0500ce391f68,​<USER> religion wali behes nahi hai ye so please apna religion apne tak rakho prakartik apda mai or mai kisi ko maanta hi nahi hu so please bhookamp mai kitne masjid or dargaha girti hai ibaadat ki hi jaga hai na to upar wala kyu nahi dekhta kitni baar hua hai esa Or konsa upar wala sacha sabko apne sacche lagte hai doosro ki kamiya dikhate hai sab apni nahi dekhte,romanized_nepali,youtube,reply,2026-08-26T13:05:45Z,https://www.youtube.com/watch?v=6Lj7GumgvIQ&lc=UgxmC-mV8s3ivxDlY654AaABAg.A_yX5xK54flA_ymkvfqyUp,Nepal Flash Flood Disaster Causes Damage: Heavy Casualties Feared | WION Breaking,https://www.youtube.com/watch?v=6Lj7GumgvIQ,Kathmandu flood 2024,not_disaster,,,
fd811af23610,More than 100000 people would be dead,english,youtube,reply,2026-08-31T10:38:43Z,https://www.youtube.com/watch?v=-uO3rnIXrA4&lc=Ugzn7JpfTljckwCIPHB4AaABAg.Aa5o0nOIeQ5AaAOuNdW0LZ,नेपाल में जो हुआ... ये तो अभी शुरुआत है | Nepal Flood 2026,https://www.youtube.com/watch?v=-uO3rnIXrA4,Nepal flood 2026,disaster,damage,,
5364bf031e18,Leave out the intrusive distracting music noise din ffs. I'm here for information not that,english,youtube,comment,2026-08-29T19:52:15Z,https://www.youtube.com/watch?v=oSGumD31w-0&lc=Ugxl5S2qYlWD_08cFfh4AaABAg,New Nepal flood fears loom as overflowing lake threatens another deadly surge,https://www.youtube.com/watch?v=oSGumD31w-0,Melamchi flood,not_disaster,,,
694db3e2694f,mata rani सबकी रक्षा करो,mixed,youtube,reply,2026-09-01T19:04:55Z,https://www.youtube.com/watch?v=y2WA4DqSU4c&lc=UgxWIDk3-SwikG-Atc14AaABAg.AaD62hgzB-JAaDscnbyh9h,Nepal Flood LIVE 2026 | Massive Destruction &amp; Shocking Scenes,https://www.youtube.com/watch?v=y2WA4DqSU4c,Nepal flood 2026,not_disaster,,,
050676b6c75a,सरकारले यो समाचार हेर्दै गर्दा छिटोभन्दा छिटो जनतालाई राहात सामाग्री उपलब्ध गराई दिए धेरै राम्रो हुने थियो. धन्यवाद,devanagari,youtube,comment,2026-09-01T03:07:46Z,https://www.youtube.com/watch?v=Aqu5lPLHUPU&lc=UgzwBdMY1FjfDV1g5Kh4AaABAg,"बाढीपछि बिल्लबाठ बेत्रावती, चहलपहलको बजार ‘अकल्पनीय बाढी’ले बन्यो भग्नावशेष | Deshsanchar",https://www.youtube.com/watch?v=Aqu5lPLHUPU,काठमाडौं बाढी,disaster,other,,
f9a93e25d258,एक दिन भोकै भएर कोही मर्छर,devanagari,youtube,comment,2026-09-01T16:15:28Z,https://www.youtube.com/watch?v=_3pyMK8qqss&lc=Ugy_mn3gJZwBQSil0N14AaABAg,जसले म म*र्दैछु बुढी भनेर श्रीमतीलाई भिडियो पठाएका थिए... || RASUWA FLOOD VICTIM STATEMENT ||,https://www.youtube.com/watch?v=_3pyMK8qqss,Rasuwa flood,disaster,other,,
a73ff79d27f0,salam cha sabai rescue team lai... after disaster every sec counts but timi haruko ego le garda 4/5 din late vayo..ajha dherai manche harulai chitai rescue garna sakinthyo but timi haruko egoo,romanized_nepali,youtube,comment,2026-09-02T10:13:29Z,https://www.youtube.com/watch?v=VJryE1DqJUw&lc=UgyZ2G7P3JOD73ywIKJ4AaABAg,"संसद्मा प्रधानमन्त्रीः बाढीपछिको खोज, उद्धार र राहत बारे दिए यस्तो जानकारी || Nepal Times",https://www.youtube.com/watch?v=VJryE1DqJUw,राहत उद्धार,disaster,other,,
3d18dbce634e,Hello Nepal ma vugol 2046b.s. padai hudaina tesai le Nepali khola kinarramro ghar ma thulo ki ta thulo .Himal bata bagne nadika kinar basna hunxa tara chin ma gara hera natra khola kinar jasko ghar xa ab kina becha hudaina.,romanized_nepali,youtube,comment,2026-09-02T11:34:27Z,https://www.youtube.com/watch?v=KeM1GzYqlWU&lc=Ugy3WoyrAilCwt5vaXV4AaABAg,"भोटेकोशी बाढी : सुरुङभित्रबाट LIVE, विश्वकै ध्यान तान्ने बालेनको तयारी, चीनको फोटो, फेरि बाढी ?",https://www.youtube.com/watch?v=KeM1GzYqlWU,बाढी,disaster,other,,
d984b67ebf4a,येति सम्मगर्दानिकुनैदला लिमापल्केकाले चोरहरुले अजैपनि सर्कारमाथिसङ्कागर्दैछन्,devanagari,youtube,comment,2026-08-29T08:23:51Z,https://www.youtube.com/watch?v=shcQIucF5cY&lc=UgwhklBaPOif7Hdci4l4AaABAg,रसुवा बाढी: गृहमन्त्री सुदन राति &#39;त्रिशुली ३ ए&#39; सुरुङभित्र छिरेपछि | Rasuwa Flood,https://www.youtube.com/watch?v=shcQIucF5cY,रसुवा बाढी,disaster,other,,
f0e6615c3d04,संकटको घडीमा सन्तराम पालजी महाराजजीको अन्नपूर्ण मोहिम बन्यो सहारा,devanagari,youtube,comment,2026-08-30T14:39:10Z,https://www.youtube.com/watch?v=OX3qvyLoUck&lc=UgwQMw4R_dCZupRBJwN4AaABAg,Ground Report: घर र सपना बगाएको विपत्तिमा कसरी सहारा बन्यो &#39;अन्नपूर्णा अभियान&#39;? | SA News Nepal,https://www.youtube.com/watch?v=OX3qvyLoUck,बाढी पहिरो उद्धार,disaster,resource_available,,
7f3071c13d6b,Rabi jasto neta le garda urja aaucha esto paristithima,romanized_nepali,youtube,comment,2026-08-28T06:58:42Z,https://www.youtube.com/watch?v=8moDJFX_06U&lc=Ugwnx-oJliE7-KQHt7p4AaABAg,अझै छ बाढीको डर ! आँसुमा डुबेको देश - सरकार सक्रिय || Rasuwa Flood Nepal || SIDHAKURA ||,https://www.youtube.com/watch?v=8moDJFX_06U,Rasuwa flood,disaster,other,,
92544a209f26,"ये प्राकृतिक आपदाएं जब से दुनिया बनी है, तब से लगातार कुछ समय के अंतराल में होती रही हैं और होती रहेंगी, इसके लिए जलवायु परिवर्तन नाम बेहतर है. और इसमें मानव जाति कुछ भी नहीं कर सकती, बस बचे हुए लोगों की मदद के सिवाय कुछ भी इंसान नहीं कर सकता. Jai hind sir ji",mixed,youtube,comment,2026-09-01T09:24:21Z,https://www.youtube.com/watch?v=zTlJtMz5ESk&lc=UgztTEVWp8MHitJ8Ikh4AaABAg,Nepal Flood 2026 | Real cause of Nepal floods? Flood Videos | Madhukar Kotawe #madhukarkotawe #upsc,https://www.youtube.com/watch?v=zTlJtMz5ESk,Nepal monsoon flood,disaster,other,,
b7461da7ba92,Ramro hune xa.. Capital city sarna parni ho,romanized_nepali,youtube,comment,2025-07-08T03:51:59Z,https://www.youtube.com/watch?v=LgW6Lu-MIMU&lc=UgxR78fvrSd9S1GSV1F4AaABAg,चाेभार गल्छी काण्ड and Flood -  Kathmandu Valley in Danger?,https://www.youtube.com/watch?v=LgW6Lu-MIMU,Kathmandu flood 2024,disaster,other,,
306f85b40bf6,हड्डीया जलगया जो लकडी केस जलगया घाँस कन्चन जैसा काया शरीर जलगा कोही नआया पास! कहे कबिर सुनो धर्म दास!!!! सत्य नाम सप्रेम साहेब बंदगी!!,devanagari,youtube,comment,2026-08-30T22:39:19Z,https://www.youtube.com/watch?v=OX3qvyLoUck&lc=UgxOhAVWDI0U2RTzsHl4AaABAg,Ground Report: घर र सपना बगाएको विपत्तिमा कसरी सहारा बन्यो &#39;अन्नपूर्णा अभियान&#39;? | SA News Nepal,https://www.youtube.com/watch?v=OX3qvyLoUck,बाढी पहिरो उद्धार,not_disaster,,,
6a5b605a9a53,Which place should be the captial?,english,youtube,reply,2025-07-05T16:24:36Z,https://www.youtube.com/watch?v=LgW6Lu-MIMU&lc=Ugxvi2mtv-OxT4jsGdZ4AaABAg.AKC8ap6KS5mAKCP1UH88HC,चाेभार गल्छी काण्ड and Flood -  Kathmandu Valley in Danger?,https://www.youtube.com/watch?v=LgW6Lu-MIMU,Kathmandu flood 2024,not_disaster,,,
a8fa4bf9bee1,Excellent talk 😮,english,youtube,comment,2026-08-27T10:31:25Z,https://www.youtube.com/watch?v=2Q9nqCljo3g&lc=UgwpCNCHUzabTUGEFCx4AaABAg,रसुवामा भीषण बाढी किन आयो ? Dr. Nitesh Khadka सँग कुराकानी,https://www.youtube.com/watch?v=2Q9nqCljo3g,बाढी,not_disaster,,,
6b3d19cdb47b,इस पत्थर को धुंडो,devanagari,youtube,comment,2026-08-28T09:38:36Z,https://www.youtube.com/watch?v=jMifz5l3NZw&lc=UgxrGRBWBCPXV6sBiJN4AaABAg,2 massive boulders displaced by powerful flash flood in Nepal,https://www.youtube.com/watch?v=jMifz5l3NZw,Kathmandu flood 2024,not_disaster,,,
7b2301cfcd2d,Ta mg lai Bolna audyna,romanized_nepali,youtube,comment,2026-08-26T14:29:30Z,https://www.youtube.com/watch?v=dc7VSPoZUNE&lc=UgzLifZl9acpQqhyQpt4AaABAg,"RASUWA FLOOD LIVE: 4 PM LATEST UPDATE | Trishuli on HIGH ALERT, Massive Rescue Operation Underway",https://www.youtube.com/watch?v=dc7VSPoZUNE,Rasuwa flood,not_disaster,,,
1a16615996e4,Of course we will .... we have loving people from east to west,english,youtube,reply,2026-08-26T20:38:39Z,https://www.youtube.com/watch?v=Ifyi4V68w70&lc=UgycRRF8dd73QVvwUD14AaABAg.A_z_AJT6Gq_A_za_zn2fQ2,Nepal flash flood engulfs China border: Drone footage and more video shows widespread damage,https://www.youtube.com/watch?v=Ifyi4V68w70,Kathmandu flood 2024,not_disaster,,,
87b2be7a2144,७२ को भुकम्प बाट बल्लतल्ल उठ्यै। फेरि ८२ मा आन्दोलनले ठूलो जनघनको क्षेती भयो। कसरी उठ्ने भन्ने डरले कति दिन निन्द्रा परेन फेरि अहिले अर्को विपद। कति मेरो देशलाई मात्र यस्तो अवस्था आइ पर्छ। देशको बारेम चासो र जानकारी राख्नु पनि आफुलाइ पीडा थप्नु मात्र रहेछ 😭😭,devanagari,youtube,comment,2026-08-27T16:00:38Z,https://www.youtube.com/watch?v=V5dIZaqFlRA&lc=UgzEVqPoSdMcUwuM-e14AaABAg,तिब्बतमा भूकम्प नेपालमा बाढी ||The reason behind Rasuwa Flood || SIDHAKURA ||,https://www.youtube.com/watch?v=V5dIZaqFlRA,काठमाडौं बाढी,disaster,other,,
faf7d3567cea,खोलाको किनारमा घर बनाउने हरूले भगवान किन पुकार्नु पर्याे र ।,devanagari,youtube,comment,2026-08-30T15:25:26Z,https://www.youtube.com/watch?v=AbLTmMuesxM&lc=UgxXdxGeEynpoZY0o694AaABAg,Bhotekoshi Flood आफ्नै परिवारले नै बाढीमा फसेका ६ जनाको उद्धार यसरी गर्यो हेर्नुहोस | Nuwakot Nepal,https://www.youtube.com/watch?v=AbLTmMuesxM,Bhotekoshi flood,disaster,other,,
04b796b3bd69,so fastest growing economy in the world is bankrupt according to you where on earth did you get these facts from Andrew tate?,english,youtube,reply,2026-08-28T17:19:16Z,https://www.youtube.com/watch?v=53yBWAoiGtY&lc=UgzlACfJXjdTDSRYTxZ4AaABAg.Aa3KeLUh5F9Aa3OMQ9d_bq,Rescuers Pull Survivor From Mud In Hydropower Tunnel | Nepal Floods,https://www.youtube.com/watch?v=53yBWAoiGtY,Nepal flood rescue,not_disaster,,,
9c6acdfbc3f6,Ohh okayy dhanywaad reply ko lagi,romanized_nepali,youtube,reply,2026-08-30T15:46:49Z,https://www.youtube.com/watch?v=6JlAQTEEyP0&lc=Ugx3YZaMsEMWuIVeRRl4AaABAg.Aa82lYlfqE4Aa8NN6IXBdE,🇨🇳चीनका दुई भिषण जहाज काठमान्डुमा Two Chinese Y-20 Aircraft Bring 50 Tons of Flood Relief to Nepal✈️,https://www.youtube.com/watch?v=6JlAQTEEyP0,Melamchi flood,not_disaster,,,
6c76e860bc03,"हिन्दू धर्मको आडमा कोटी होमको नाममा कोटी कोटी देबी देउताको नाममा भ्रष्टचोरी कमिसनचोरी ठगिचोरी गरि पाखण्ड काम घरि घरि गर्ने गरिएको हुँदा कोटी कोटी देबी देउताहरु आफूहरु मानिसहरुबाट ठगिएको महसुस गरेर रिस उठी उनीहरु पनि संगठित भई संयुक्त बल लगाएर मानिसहरु उपर बिद्रोह गरेपछि यसरी सोच्नै नसकिने गरिकन यस्ता सामुद्रिकबाडी, ८ रेक्टर भुइकम्पा, दसकौं बर्षे खरेडी, अकालमा सोरसार पारि मार्ने कोरोना महामारी समेत प्रकोपहरु घटी रहन्छ।",devanagari,youtube,comment,2024-09-30T12:58:00Z,https://www.youtube.com/watch?v=3dFCeGRHa_4&lc=UgzUWucTBsbwdBWPfpN4AaABAg,Flooding in Kathmandu || काठमाडौँमा भयानक विनाशकारी बाढी ll Day - 2,https://www.youtube.com/watch?v=3dFCeGRHa_4,काठमाडौं बाढी,disaster,other,,
d512666992f7,Yai badi india bta ako vai hamro janta la india le agadi suchana kina na deko vanara bato ma julus ani murda badd hunthyo,romanized_nepali,youtube,comment,2026-08-27T17:46:11Z,https://www.youtube.com/watch?v=dc7VSPoZUNE&lc=Ugx2wrFTE-liNgd_TjF4AaABAg,"RASUWA FLOOD LIVE: 4 PM LATEST UPDATE | Trishuli on HIGH ALERT, Massive Rescue Operation Underway",https://www.youtube.com/watch?v=dc7VSPoZUNE,Rasuwa flood,disaster,other,,
8f8736b755da,धेरै दु:खद खबर यो दु:खद घडीमा सबै नेपाली एक भएर अगाडि बढौ जय नेपाल्🇳🇵,devanagari,youtube,comment,2026-08-27T12:33:04Z,https://www.youtube.com/watch?v=V5dIZaqFlRA&lc=Ugx6oxBGH-gsaisimGJ4AaABAg,तिब्बतमा भूकम्प नेपालमा बाढी ||The reason behind Rasuwa Flood || SIDHAKURA ||,https://www.youtube.com/watch?v=V5dIZaqFlRA,काठमाडौं बाढी,disaster,other,,
8782a33cdd1a,"ग्लोबल warming ले अब सम्पूर्ण हिमाल देखि बग्ने खोला सुरक्षित छैनन् ,संसार ले गरेको गल्ती को सजायँ नेपाल ले भोग्नु पर्ने भयो",mixed,youtube,comment,2026-08-30T12:45:52Z,https://www.youtube.com/watch?v=QOu8_yjxUJg&lc=UgzOdaAK-8jF2DLntxN4AaABAg,जसले अहिले र १८ सालको बाढी देखे || १८ सालमा के भएको थियो ? || SIDHAKURA || TRISULI || BHOTEKOSHI ||,https://www.youtube.com/watch?v=QOu8_yjxUJg,बाढी,disaster,other,,
05145d1dba6a,Bipat ko samye ma parmatma ko dya le nai rahat hunxa,romanized_nepali,youtube,comment,2026-08-31T08:30:54Z,https://www.youtube.com/watch?v=OX3qvyLoUck&lc=UgxqB37axiFCIcD4B3x4AaABAg,Ground Report: घर र सपना बगाएको विपत्तिमा कसरी सहारा बन्यो &#39;अन्नपूर्णा अभियान&#39;? | SA News Nepal,https://www.youtube.com/watch?v=OX3qvyLoUck,बाढी पहिरो उद्धार,disaster,other,,
f920813ce133,"Great video! I’m trying to keep myself curious and this was excellent. Really sad event, my hopes and wishes to all those affected.",english,youtube,comment,2026-08-27T08:52:07Z,https://www.youtube.com/watch?v=9ZvUQ7aoehw&lc=UgxwFWgojGxs3im-gX54AaABAg,Nepal’s Deadly Flash Flood: What Triggered It?,https://www.youtube.com/watch?v=9ZvUQ7aoehw,Nepal landslide,disaster,other,,
81635caad496,तो सर आप ये कहना चाहते कि वहां जो अमीरो ने विकास के नाम पर जो किया वह सही है आपके विचारों में परिवर्तन कहा होना चाहिए और मदद सरकार ही क्यों करे आप और हम क्यों नहीं सर,devanagari,youtube,comment,2026-09-01T05:00:17Z,https://www.youtube.com/watch?v=zTlJtMz5ESk&lc=Ugz75ltxHlyLQ_z3k8B4AaABAg,Nepal Flood 2026 | Real cause of Nepal floods? Flood Videos | Madhukar Kotawe #madhukarkotawe #upsc,https://www.youtube.com/watch?v=zTlJtMz5ESk,Nepal monsoon flood,disaster,other,,
d5af4cddc2a5,You're welcome 😊,english,youtube,reply,2026-08-31T14:57:55Z,https://www.youtube.com/watch?v=6JlAQTEEyP0&lc=Ugw5871Utsar2VDn_gh4AaABAg.AaAdlNz2UYNAaArZlqz8QT,🇨🇳चीनका दुई भिषण जहाज काठमान्डुमा Two Chinese Y-20 Aircraft Bring 50 Tons of Flood Relief to Nepal✈️,https://www.youtube.com/watch?v=6JlAQTEEyP0,Melamchi flood,not_disaster,,,
6a9b30fa78be,"20 minutes - 27/08 : Selon l’Institut d’études géologiques des Etats-Unis (USGS), la crue a été provoquée par un effondrement de glacier, d’une violence telle qu’il a généré un séisme de magnitude 5,2 et des glissements de terrain. La topographie extrême de l’Himalaya a aggravé les risques. Plus tôt, le ministre des Affaires étrangères du Népal Shishir Khanal avait déjà avancé qu’un tremblement de terre avait probablement provoqué un glissement de terrain, ce qui a bouché le lit d’une rivière, provoquant cette crue dévastatrice en aval. « Nous pensons qu’une avalanche de roches et de glace s’est produite au Népal, bloquant la rivière Lhende et causant la crue », a pour sa part expliqué Sarthak Shrestha, analyste en télédétection et géoinformation au Centre international pour le développement intégré de la montagne (ICIMOD) basé à Katmandou.",romanized_nepali,youtube,reply,2026-08-28T11:17:11Z,https://www.youtube.com/watch?v=ORPDEvHJZpA&lc=Ugz8mp2K3Nju-jSp4Fp4AaABAg.Aa2iOlMwBrtAa2jvQzPC1M,Nepal flood disaster reconstructed minute by minute • FRANCE 24 English,https://www.youtube.com/watch?v=ORPDEvHJZpA,Nepal flood 2026,disaster,other,,
420f37977d34,नेपालमा जन्म लिनु नै अभिसाप रैछ्😥,devanagari,youtube,comment,2026-08-29T15:30:41Z,https://www.youtube.com/watch?v=7btVdvcrEzc&lc=UgwEmlZgJXr23iF69c14AaABAg,हिमताल विष्फोटनको सुनामी || Himalayan Tsunami Risk | Is the Rasuwa Flood a Warning of Cascade GLOFs?,https://www.youtube.com/watch?v=7btVdvcrEzc,Rasuwa flood,disaster,other,,
b605834e10f4,यस्तो त्रासदीमा ज्यान गुमाउने परिवारहरूमाथि ईश्वरले कृपा गरून्। 🙏🙏🙏,devanagari,youtube,comment,2026-08-27T08:49:10Z,https://www.youtube.com/watch?v=Ifyi4V68w70&lc=UgzuUGv5TwhUyNJBXo54AaABAg,Nepal flash flood engulfs China border: Drone footage and more video shows widespread damage,https://www.youtube.com/watch?v=Ifyi4V68w70,Kathmandu flood 2024,disaster,other,,
8ccb8b001ba6,"You people are the problem, very sick comments while people are suffering 🙏🏽",english,youtube,reply,2026-08-31T21:08:00Z,https://www.youtube.com/watch?v=SwSDRJvI2wI&lc=UgzK5NARHgeimbh964J4AaABAg.AaBWITXkFPXAaBWvO4S5_3,&#39;Tough reality setting in&#39; on Nepal flood rescue efforts,https://www.youtube.com/watch?v=SwSDRJvI2wI,Nepal flood rescue,disaster,other,,
c31ffe7d09de,Because that will help😂,english,youtube,reply,2026-08-27T00:51:04Z,https://www.youtube.com/watch?v=6Lj7GumgvIQ&lc=Ugxbg_24kJGWhYJnScx4AaABAg.A_ztiISS3OAAa-2TlhzJA4,Nepal Flash Flood Disaster Causes Damage: Heavy Casualties Feared | WION Breaking,https://www.youtube.com/watch?v=6Lj7GumgvIQ,Kathmandu flood 2024,not_disaster,,,
666a34b6f554,"Sat Saheb, Satguru Dev bandhi chhod ki jai ho ❤Guru ko daya lay sabai prit pariwar lai annanapurna Mohim ko sewa lab hosh. Satsaheb 🙏",romanized_nepali,youtube,comment,2026-08-31T04:29:06Z,https://www.youtube.com/watch?v=OX3qvyLoUck&lc=UgxQMe5FfwagWI1JCjl4AaABAg,Ground Report: घर र सपना बगाएको विपत्तिमा कसरी सहारा बन्यो &#39;अन्नपूर्णा अभियान&#39;? | SA News Nepal,https://www.youtube.com/watch?v=OX3qvyLoUck,बाढी पहिरो उद्धार,disaster,other,,
9cd5bc9d7322,Bhai maine aapki new subscriber hun please aap aise hi news dete rahiyega har roj ki Kya bihar me khatra badhta jaa raha h,romanized_nepali,youtube,comment,2026-08-30T07:45:48Z,https://www.youtube.com/watch?v=-uO3rnIXrA4&lc=UgzumcttCtb1ggCYzEh4AaABAg,नेपाल में जो हुआ... ये तो अभी शुरुआत है | Nepal Flood 2026,https://www.youtube.com/watch?v=-uO3rnIXrA4,Nepal flood 2026,disaster,other,,
2d4abb3cffee,Informative video,english,youtube,comment,2026-08-27T12:41:43Z,https://www.youtube.com/watch?v=2Q9nqCljo3g&lc=UgyTkYjoA6ANkWtF9rx4AaABAg,रसुवामा भीषण बाढी किन आयो ? Dr. Nitesh Khadka सँग कुराकानी,https://www.youtube.com/watch?v=2Q9nqCljo3g,बाढी,not_disaster,,,
781ef2eb4b32,216 hydro trisuli ma rescue team pugeko chaina ajhai pani 48 hours vaisakyo tya vitra tunnel ma kamdar haru chan ids ko manche le haldinu paryo,romanized_nepali,youtube,comment,2026-08-28T05:47:56Z,https://www.youtube.com/watch?v=njBnqiiTeZo&lc=UgwMJ88cHbEA96uCrap4AaABAg,Nepal Flash Flood 2026,https://www.youtube.com/watch?v=njBnqiiTeZo,Nepal flood 2026,disaster,rescue_needed,,
a54bf55830f8,मृतकहरुकाे प्रति हार्दिक श्रद्वाञ्जली 🙏🙏🙏🙏🙏🇳🇵🇳🇵🇳🇵🔔🔔❤️❤️❤️❤️,devanagari,youtube,comment,2026-08-27T01:52:25Z,https://www.youtube.com/watch?v=uuNq2nPw-yc&lc=UgxC4Vad7AG4DsN3MZ54AaABAg,रसुवागढी बाढी: Rasuwagadi badi update | nepali news | rasuwa badhi news today | badhi pahiro,https://www.youtube.com/watch?v=uuNq2nPw-yc,Nepal badhi pahiro,disaster,other,,
a70cc5068281,Should have run faster,english,youtube,reply,2026-08-28T11:22:13Z,https://www.youtube.com/watch?v=ORPDEvHJZpA&lc=UgwkbjZHL2KIyaYt_MF4AaABAg.Aa2iDoxaLmIAa2kVJFFjVG,Nepal flood disaster reconstructed minute by minute • FRANCE 24 English,https://www.youtube.com/watch?v=ORPDEvHJZpA,Nepal flood 2026,disaster,other,,
56a9688de971,अल्लाह बाहेक अरू कुनै ईश्वर छैनन् _Allah bahek aru kunai ishwar chainan_ There is no god but Allah,mixed,youtube,comment,2026-08-31T03:52:48Z,https://www.youtube.com/watch?v=BUlRARj-l_U&lc=UgxgR6_ycRVSzhfRIYV4AaABAg,"Nepal Flood Horror: 567 Dead, Nearly 2,000 Missing | Rasuwa Villages Devastated | News18",https://www.youtube.com/watch?v=BUlRARj-l_U,Nepal landslide,not_disaster,,,
aa70d337bf54,"Khola ko jagga ma ghar banaune ani ghar ma khola pasyo bhanne? Baru army lagayera khola ma banayeko ghar bhatkaunu,",romanized_nepali,youtube,comment,2025-07-07T18:20:09Z,https://www.youtube.com/watch?v=LgW6Lu-MIMU&lc=UgyYJTptNW9wo2NRq3V4AaABAg,चाेभार गल्छी काण्ड and Flood -  Kathmandu Valley in Danger?,https://www.youtube.com/watch?v=LgW6Lu-MIMU,Kathmandu flood 2024,disaster,other,,
5a5757e7ad67,विपक्षीहरूले चाहिँ राजनीति चाहिँ नबनाउनु नि यो यस्तो बाढी पीडित पुगेर यी विपक्षीहरुलाई त सबै खोरमा जति,devanagari,youtube,comment,2026-09-02T05:41:00Z,https://www.youtube.com/watch?v=tDcffCEhAqI&lc=UgxPRp1ZKYmUpSHzbvh4AaABAg,रसुवा बाढी : आठौँ दिन कति क्षति ? सरकार के गर्दैछ ? संसदमा आज सवाल–जवाफ - NEWS24 TV,https://www.youtube.com/watch?v=tDcffCEhAqI,रसुवा बाढी,disaster,other,,
c2487e367e3a,हे भगवान लेख्ने शब्द नै छैन छिटो भेट होस्,devanagari,youtube,comment,2026-08-29T09:44:05Z,https://www.youtube.com/watch?v=shcQIucF5cY&lc=UgxEXhTvXtHROcn13954AaABAg,रसुवा बाढी: गृहमन्त्री सुदन राति &#39;त्रिशुली ३ ए&#39; सुरुङभित्र छिरेपछि | Rasuwa Flood,https://www.youtube.com/watch?v=shcQIucF5cY,रसुवा बाढी,disaster,other,,
3b3db4720cf0,"बाढी र पहिरोको पछाडि भारतको हात रहेको पाइयो। चीनले 'उनीहरूले पूर्वसूचना प्रणाली निर्माण गर्नेछन्' भन्ने प्रस्ताव गरेको थियो, तर भारत र सम्भवतः अमेरिकाले नेपाललाई त्यो प्रस्ताव स्वीकार नगर्न बाध्य पारेको थियो। भारतको हातमा रगत।",devanagari,youtube,comment,2026-08-29T15:23:07Z,https://www.youtube.com/watch?v=7btVdvcrEzc&lc=UgzXiek9L07Azz7nJ1p4AaABAg,हिमताल विष्फोटनको सुनामी || Himalayan Tsunami Risk | Is the Rasuwa Flood a Warning of Cascade GLOFs?,https://www.youtube.com/watch?v=7btVdvcrEzc,Rasuwa flood,disaster,other,,
4656044305cc,Poor Animals! Pray,english,youtube,comment,2024-09-30T07:53:12Z,https://www.youtube.com/watch?v=jwAp8X-kQwM&lc=UgyPyJaD5jU6dwEGzkd4AaABAg,At least 140 dead after Nepal floods,https://www.youtube.com/watch?v=jwAp8X-kQwM,Kathmandu flood 2024,disaster,other,,
e18c762b2030,Misericórdia Senhor Jesus Amado desse irmãos e receba os que partiram em sua Glória 🙏 Céu 🙌😢,english,youtube,comment,2026-09-01T20:41:19Z,https://www.youtube.com/watch?v=q_jkqMqzYI0&lc=UgwbcnRiyiy-HLJOI_l4AaABAg,Nepal Flood: Families Return To Find Entire Villages Wiped Out,https://www.youtube.com/watch?v=q_jkqMqzYI0,Nepal monsoon flood,not_disaster,,,
d567cddeed38,Yo satay ho chovar ko dada lai katnu nai percha,romanized_nepali,youtube,comment,2025-07-05T21:07:26Z,https://www.youtube.com/watch?v=LgW6Lu-MIMU&lc=Ugzq0B4r5PT6105d-ad4AaABAg,चाेभार गल्छी काण्ड and Flood -  Kathmandu Valley in Danger?,https://www.youtube.com/watch?v=LgW6Lu-MIMU,Kathmandu flood 2024,not_disaster,,,
abef59cf030a,❤❤❤❤ ८ बजे होईन र आउने किन ढिलो हो bbc सुन्नु पर्छ,mixed,youtube,comment,2026-08-29T14:46:24Z,https://www.youtube.com/watch?v=7btVdvcrEzc&lc=UgwzC7_6ugEJaJT6fyB4AaABAg,हिमताल विष्फोटनको सुनामी || Himalayan Tsunami Risk | Is the Rasuwa Flood a Warning of Cascade GLOFs?,https://www.youtube.com/watch?v=7btVdvcrEzc,Rasuwa flood,not_disaster,,,
0ac1d24747ec,exactly aba 911 Jasto euta matra emergency number hunu parxa.....call center 24 hour full manpower sahit.....ani compulsory emrgency siren in every village......,romanized_nepali,youtube,comment,2026-09-02T15:21:51Z,https://www.youtube.com/watch?v=90iKYyq9HlU&lc=UgzqsmwZP-rq1iPtrK94AaABAg,Ep:622 | What Caused the Rasuwa Flood? The Real Reason Behind the Disaster | Ramesh Bhushal,https://www.youtube.com/watch?v=90iKYyq9HlU,Rasuwa flood,disaster,other,,
e53936ca451c,Dherai dherai ramro raheycha video taraa naramro kura bhayeko raheycha,english,youtube,comment,2025-07-05T14:47:12Z,https://www.youtube.com/watch?v=LgW6Lu-MIMU&lc=UgySvfjR9h1eTDBlJZl4AaABAg,चाेभार गल्छी काण्ड and Flood -  Kathmandu Valley in Danger?,https://www.youtube.com/watch?v=LgW6Lu-MIMU,Kathmandu flood 2024,disaster,other,,
3725213ec968,Regular watching from Nepal Birgunj 🙏🙏🙏,english,youtube,comment,2026-09-02T11:34:26Z,https://www.youtube.com/watch?v=k1shEabhGR0&lc=Ugy0nFpYBkeuzcfGvOp4AaABAg,Today news🔴Nepali news | aaja ka mukhya samachar | nepali samachar live | nepali khabar,https://www.youtube.com/watch?v=k1shEabhGR0,Nepal badhi pahiro,not_disaster,,,
edd370af7c3c,🙏🙏कति दुख़ पर्यो बिचार सरकार नागरिक सबै ले दुख़ पाउनु भयो भगवान रक्षा गर् सबै को 😥😥🙏🙏प्रिय रबि दाई नआत्तिनु है 😔,devanagari,youtube,comment,2026-08-27T18:20:12Z,https://www.youtube.com/watch?v=8moDJFX_06U&lc=UgzjfVbKnTSHHKxGdGl4AaABAg,अझै छ बाढीको डर ! आँसुमा डुबेको देश - सरकार सक्रिय || Rasuwa Flood Nepal || SIDHAKURA ||,https://www.youtube.com/watch?v=8moDJFX_06U,Rasuwa flood,disaster,other,,
342ad599be10,महान कार्य सन्तरामपाली महाराजको,devanagari,youtube,comment,2026-08-30T16:14:08Z,https://www.youtube.com/watch?v=OX3qvyLoUck&lc=UgwmVgMdH8uleTg4y2F4AaABAg,Ground Report: घर र सपना बगाएको विपत्तिमा कसरी सहारा बन्यो &#39;अन्नपूर्णा अभियान&#39;? | SA News Nepal,https://www.youtube.com/watch?v=OX3qvyLoUck,बाढी पहिरो उद्धार,disaster,other,,
e2517fd170b9,"लेकिन जो जैसा है उसके साथ वैसा ही होगा, कुदरत की इस नीति का भी हमको अभिमान है, इसलिए तो कुदरत को हम नमन करते है, तेरे कर्म तेरा पीछा नही छोड़ेंगे आज नही तो कल लौट ही आयेंगे 😊😊",devanagari,youtube,comment,2026-08-30T04:50:18Z,https://www.youtube.com/watch?v=FXMZv1sOBUo&lc=UgzvU6wC5ffiAlxOR4d4AaABAg,Pt.1- Disaster Waiting To Happen? | Was The Nepal Flood Fury Preventable? | Akash Banerjee,https://www.youtube.com/watch?v=FXMZv1sOBUo,Nepal monsoon flood,disaster,other,,
4911e618c058,Aba las tw tetikai kuiyera durganda failine nai xa bidambana .. arko tira bacheka manxe haru pani marxan aba uddar napayera 😢😢😢😢,romanized_nepali,youtube,comment,2026-08-31T14:16:37Z,https://www.youtube.com/watch?v=InH2rlVf6pI&lc=UgxKF8Gg-94qLU3VO0x4AaABAg,Bhotekoshi Flood Update | अब त बगरमा मान्छेका लास मात्र होलान ! हराएका  मान्छे खोज्नेको घुइचो लाग्यो,https://www.youtube.com/watch?v=InH2rlVf6pI,Bhotekoshi flood,disaster,other,,
683114e05901,जय श्री जल बिनायक गणेश की जय होसियार साबधान चोभार को गल्छी काट्न पाउन्दैन् साबधान होशियार,devanagari,youtube,comment,2025-07-05T13:53:22Z,https://www.youtube.com/watch?v=LgW6Lu-MIMU&lc=UgwnSkUfLKB0vDjd5zV4AaABAg,चाेभार गल्छी काण्ड and Flood -  Kathmandu Valley in Danger?,https://www.youtube.com/watch?v=LgW6Lu-MIMU,Kathmandu flood 2024,disaster,warning,,
88e4e34c41e2,It shocks me how they are just ignoring the warnings ( referring to the govt in power) . Maybe we need to fix the infrastructure we already have before expanding!,english,youtube,comment,2026-08-31T00:35:56Z,https://www.youtube.com/watch?v=xqzg5qPBmPE&lc=UgyiJ7q2uIJ8LDPZgmN4AaABAg,NEW Flash Flood Hits Nepal — TIME RUNNING OUT for 900 TRAPPED in Mountain Tunnels,https://www.youtube.com/watch?v=xqzg5qPBmPE,Melamchi flood,disaster,other,,
7ef6a6b12043,"<USER> *YAAD KARO??* Nepal ne Quran ko jalaya 🔥🔥tha Masjid aur Madrasay toodey 🧨thay Aur Allah SWT ka Wadaa Pura huva قَدْ مَكَرَ الَّذِينَ مِن قَبْلِهِمْ فَأَتَى اللَّهُ بُنْيَانَهُم مِّنَ الْقَوَاعِدِ فَخَرَّ عَلَيْهِمُ السَّقْفُ مِن فَوْقِهِمْ وَأَتَاهُمُ الْعَذَابُ مِنْ حَيْثُ لَا يَشْعُرُونَ ‎﴿النحل: ٢٦﴾‏ *Those who plotted against Islam before, but Allah destroyed their building from the foundations 🌊* *so the roof fell upon them from above them🌊, and the punishment came to them from where they did not perceive. 16;26*",romanized_nepali,youtube,reply,2026-08-29T19:23:30Z,https://www.youtube.com/watch?v=oSGumD31w-0&lc=UgzMQKwttctUzqq40BV4AaABAg.Aa5xBYZwVnuAa6BNATyT0R,New Nepal flood fears loom as overflowing lake threatens another deadly surge,https://www.youtube.com/watch?v=oSGumD31w-0,Melamchi flood,not_disaster,,,
31d438f26b53,"Bahira ko desh haruma jastai 5,6 hour agadi nai alert sabaiko message ma pugnu paryo ghanti bajya jstai gari ani speaker batw sunaudai hinnu paryo 1,2 din agadinai purba tayari hunu paryo",romanized_nepali,youtube,comment,2024-09-29T16:26:33Z,https://www.youtube.com/watch?v=7dXU2Anlqlg&lc=UgxGAyxFPtdTStFPEuZ4AaABAg,Nepal Flood Heaviest Rain in 24 Hour - Kathmandu Valley in Danger?,https://www.youtube.com/watch?v=7dXU2Anlqlg,Kathmandu flood 2024,disaster,other,,
7bbcc4b36f55,Thank you for keeping us updated. They cannot survive with no food or water for all those days !!!! I am so worried for them all.,english,youtube,comment,2026-08-31T17:02:09Z,https://www.youtube.com/watch?v=xqzg5qPBmPE&lc=UgzePd8ZDkzoast6oU14AaABAg,NEW Flash Flood Hits Nepal — TIME RUNNING OUT for 900 TRAPPED in Mountain Tunnels,https://www.youtube.com/watch?v=xqzg5qPBmPE,Melamchi flood,disaster,other,,
b9d36e188f58,"It's so sad that the tragedy happened in split seconds. Nepal authorities said more than 3,000 missing and China is silent how many of their citizens are perished or missing. If those missing were buried under the mud, the chance of survival is slim 😭😭😭",english,youtube,comment,2026-08-31T05:35:43Z,https://www.youtube.com/watch?v=2mwo0EKqfJ0&lc=UgylaPrrBKKgSDPwME54AaABAg,Nepal floods: Race to rescue survivors trapped underground | Today Show Australia,https://www.youtube.com/watch?v=2mwo0EKqfJ0,Nepal flood rescue,disaster,damage,,
d977136a796e,पार्टी को आधार मा राहत बाँड्ने चलन छ नेपाल मा।सत्य कुरा यो हो भोट हालेको आधार मा राहत बाँड्ने काम गर्छ नेपाल मा। स्वतन्त्र नागरिक ले पीडित पर्दा कहिले राहत पाउँदैन यी अधर्मी नेपाली समाज मा।,devanagari,youtube,comment,2026-09-01T12:55:36Z,https://www.youtube.com/watch?v=c4FKIuzh-ew&lc=Ugznn2kQSFfRPm9cRGd4AaABAg,रसुवा बाढी : लासमाथि राजनीति? | NEPAL FLOOD,https://www.youtube.com/watch?v=c4FKIuzh-ew,रसुवा बाढी,disaster,other,,
03eb4705d765,देशमा दु:खद बिपद😭😭😭😭,devanagari,youtube,comment,2026-08-27T15:16:00Z,https://www.youtube.com/watch?v=V5dIZaqFlRA&lc=UgxlfyuTYXOclsU-5OB4AaABAg,तिब्बतमा भूकम्प नेपालमा बाढी ||The reason behind Rasuwa Flood || SIDHAKURA ||,https://www.youtube.com/watch?v=V5dIZaqFlRA,काठमाडौं बाढी,disaster,other,,
8efa59a09ec8,"India 🇮🇳 को Donation इकट्ठा करना चाहिए, Nepal 🇳🇵 के लिए l🙏🙏🙏💔💔💔",mixed,youtube,comment,2026-08-31T19:06:00Z,https://www.youtube.com/watch?v=9pUjRIPxQQM&lc=UgxffXqOiO71wqg95F94AaABAg,"&#39;Deserted Markets, Grieving Families&#39;: Nepal Flood Devastation Deepens | Ground Report",https://www.youtube.com/watch?v=9pUjRIPxQQM,Melamchi flood,disaster,resource_available,,
a07985e8a9c3,यो घटना सबै चिन का कारण ले भए को हो एसको जिम्मा चिन ले दिनु पर्छ ।। सबै छेतिपुर्ती चिन ले दिनु पर्छ ।। कारण चिन ले नेपाल लाई समय मै जानकारी गराएन तेस कारण ले नेपाल मा धेरै को ज्यान गयो धनजनको छेती भयो ।।,devanagari,youtube,comment,2026-08-26T10:38:55Z,https://www.youtube.com/watch?v=csH4Wydq4w8&lc=UgwwrleNe1wIfY9-5jV4AaABAg,Rasuwa Flood 1 PM Live Update: Massive Destruction Across Rasuwa | Rescue Operation Underway,https://www.youtube.com/watch?v=csH4Wydq4w8,Rasuwa flood,disaster,other,,
2bc84c8cb9e7,"Rose 9 meters in 30 minutes? However,actual videos indicate 10 to 30 meters in 3 to 30 seconds. But, hey, why be accurate?",english,youtube,comment,2026-08-29T13:59:51Z,https://www.youtube.com/watch?v=RF5Nw4g7AxE&lc=UgyenTs-Ej8B6ncHTpl4AaABAg,Nepal Flood Disaster 2026: Glacier Collapse,https://www.youtube.com/watch?v=RF5Nw4g7AxE,Nepal flood 2026,disaster,other,,
57dcac323970,"I don’t know how to help,them",english,youtube,comment,2026-08-30T14:55:11Z,https://www.youtube.com/watch?v=9pUjRIPxQQM&lc=Ugy3ajwYMq8WsB_gDWd4AaABAg,"&#39;Deserted Markets, Grieving Families&#39;: Nepal Flood Devastation Deepens | Ground Report",https://www.youtube.com/watch?v=9pUjRIPxQQM,Melamchi flood,disaster,other,,
cdc0aea934cf,Halo Rajendra Ji. Please fix the focus of your lens. This issue is since the last couple of your videos.,english,youtube,comment,2026-09-01T10:09:24Z,https://www.youtube.com/watch?v=c4FKIuzh-ew&lc=UgxdDW-8zuSq3q18Jop4AaABAg,रसुवा बाढी : लासमाथि राजनीति? | NEPAL FLOOD,https://www.youtube.com/watch?v=c4FKIuzh-ew,रसुवा बाढी,not_disaster,,,
24a8d5e75e26,Bhagwan Nepal Me Sabhi Logo Ko Surakshit Kare 🔱🚩,romanized_nepali,youtube,comment,2026-08-28T07:23:46Z,https://www.youtube.com/watch?v=FXMZv1sOBUo&lc=UgxsXmuGn1cEuuYHt2x4AaABAg,Pt.1- Disaster Waiting To Happen? | Was The Nepal Flood Fury Preventable? | Akash Banerjee,https://www.youtube.com/watch?v=FXMZv1sOBUo,Nepal monsoon flood,disaster,other,,
f724944aef9d,"Anyone who risks their life—and spends a fortune—just to stand atop the highest mountain (Everest and others in that area), all while making poor Nepalis break their backs hauling the gear up there, can now show just how much of a hero they really are.",english,youtube,comment,2026-08-27T04:32:05Z,https://www.youtube.com/watch?v=9ZvUQ7aoehw&lc=UgxEXxeljyt6_4gYCeB4AaABAg,Nepal’s Deadly Flash Flood: What Triggered It?,https://www.youtube.com/watch?v=9ZvUQ7aoehw,Nepal landslide,not_disaster,,,
0f40526e80de,आचार्य प्रशांत इस सब पर पिछले 10 वर्षों से से हमको चेता रहे है पर हम अच्छे लोगो को सुनते कहाँ है 😢,devanagari,youtube,comment,2026-08-27T12:33:37Z,https://www.youtube.com/watch?v=FXMZv1sOBUo&lc=UgzfT7Pk7O56FijQED94AaABAg,Pt.1- Disaster Waiting To Happen? | Was The Nepal Flood Fury Preventable? | Akash Banerjee,https://www.youtube.com/watch?v=FXMZv1sOBUo,Nepal monsoon flood,disaster,other,,
7cb964c299bc,This is natural disaster not a god message,english,youtube,reply,2024-10-08T04:12:47Z,https://www.youtube.com/watch?v=jwAp8X-kQwM&lc=UgxnkSGoOJriIz0CpDd4AaABAg.A9-T3OYzQFdA9JreBgyBct,At least 140 dead after Nepal floods,https://www.youtube.com/watch?v=jwAp8X-kQwM,Kathmandu flood 2024,disaster,other,,
6de86f66f802,"Acharya Prashant Ji 😢 पहले से बता दिए थे , नेताओं के लालच के कारण हो रहा है ज्यादा जंगल बर्बाद करके शहर बना रहे हैं , पर्यावरण और प्रकृति को बर्बाद कर दिए हैं 😢 आज बुरा समय आ गया है",mixed,youtube,comment,2026-08-27T18:01:30Z,https://www.youtube.com/watch?v=FXMZv1sOBUo&lc=UgwAIQH9y3x4hRkA5mV4AaABAg,Pt.1- Disaster Waiting To Happen? | Was The Nepal Flood Fury Preventable? | Akash Banerjee,https://www.youtube.com/watch?v=FXMZv1sOBUo,Nepal monsoon flood,disaster,other,,
623ff83ef072,कसैको लाश लाइ बेवस्था गर्ने अपराधी हरु सुन लुटन गएको देख्दा धिकार छ तेस्ता पिपासु हरुलाइ पिलिज जस्ले जति सकिन्छ सकेको सहयोग गरौ😢😢😢😢,devanagari,youtube,comment,2026-08-27T20:22:23Z,https://www.youtube.com/watch?v=8moDJFX_06U&lc=UgwLmKVnv2aS4C2Ha5p4AaABAg,अझै छ बाढीको डर ! आँसुमा डुबेको देश - सरकार सक्रिय || Rasuwa Flood Nepal || SIDHAKURA ||,https://www.youtube.com/watch?v=8moDJFX_06U,Rasuwa flood,disaster,other,,
c00b55262834,राज्यले गर्नु पर्ने कुरा पहिलो नम्बरमा टिकटक भन्दा गर्नु पर्छ टिकटको ले गर्दा धेरै को मृत्यु भयो एति टिकटक नभाको भए अलि कम को मृत्यु हुन्थ्यो होला सबै जनाले भिडियो भनाउँदा धेरै को मृत्यु भयो,devanagari,youtube,comment,2026-08-31T01:33:33Z,https://www.youtube.com/watch?v=QOu8_yjxUJg&lc=UgzyhZ7XN_j6cxLnprJ4AaABAg,जसले अहिले र १८ सालको बाढी देखे || १८ सालमा के भएको थियो ? || SIDHAKURA || TRISULI || BHOTEKOSHI ||,https://www.youtube.com/watch?v=QOu8_yjxUJg,बाढी,disaster,other,,
8f7d7ee91c72,ईश्वर हमारे हिंदू भाई बहनों की रक्षा करें l🕉️🚩🙏,mixed,youtube,reply,2026-08-26T18:38:15Z,https://www.youtube.com/watch?v=RqjtDeg4fWk&lc=UgycMdSUsFhu9H0E3xd4AaABAg.A_zAjgnafKaA_zNoCoXH1z,"China, Tibet &amp; Nepal Flood Mystery | What Really Triggered The Disaster? 105 Indians Missing !",https://www.youtube.com/watch?v=RqjtDeg4fWk,Nepal monsoon flood,not_disaster,,,
b167498255e8,Eng ma nai bolda hunxa ta muji haru style nai badi,romanized_nepali,youtube,comment,2026-09-02T03:26:25Z,https://www.youtube.com/watch?v=90iKYyq9HlU&lc=UgzrQpfh8gy4CDQssNJ4AaABAg,Ep:622 | What Caused the Rasuwa Flood? The Real Reason Behind the Disaster | Ramesh Bhushal,https://www.youtube.com/watch?v=90iKYyq9HlU,Rasuwa flood,not_disaster,,,
a4d78558fb6a,एकदम सहि सत्य बास्तबिक सुन्दर video प्रस्तुत गर्नुभएकोमा biswo घट्ना famly अनि बलराम सर sir लाई धेरै धेरै धन्यवाद तेसै मलाई मन परेको हैन biswo घट्ना youtube च्यानल एकदम सहि सत्य बास्तिब बिश्लेषण,mixed,youtube,comment,2026-08-30T16:48:18Z,https://www.youtube.com/watch?v=7btVdvcrEzc&lc=UgzwXVhWwKhpgj30XVx4AaABAg,हिमताल विष्फोटनको सुनामी || Himalayan Tsunami Risk | Is the Rasuwa Flood a Warning of Cascade GLOFs?,https://www.youtube.com/watch?v=7btVdvcrEzc,Rasuwa flood,disaster,other,,
bd50c4ca17d0,Nepali jati sabai tamase hun bhanna atiukti nahola ! Ajako yo achakli laagdo dina samet charitartha huna puge !,romanized_nepali,youtube,comment,2026-08-28T04:58:44Z,https://www.youtube.com/watch?v=vtVYqWRSIQw&lc=UgxaZTmECJOq1SEAfrh4AaABAg,अकस्मात बाढी आउँदा के भयो ? प्रत्यक्षदर्शीले सुनाए आँखैअगाडिको भयावह दृश्य | Flood Report,https://www.youtube.com/watch?v=vtVYqWRSIQw,बाढी,not_disaster,,,
5b835e2c4385,नेपाली बुद्धी । तार्किक वहस गर्ने क्षमता छैन ?,devanagari,youtube,reply,2026-09-02T01:39:03Z,https://www.youtube.com/watch?v=Iq204O8qskw&lc=UgxQFjNNW4JrV5VLEOB4AaABAg.AaEWwiC15JgAaE_jQmmnXd,रसुवा बाढी प्रभावित क्षेत्रमा देखिएको गृनआर्मी के हो? कुन उदेश्यले संचालितछ ? यसरी बुझौ।।,https://www.youtube.com/watch?v=Iq204O8qskw,रसुवा बाढी,not_disaster,,,
950ad409899d,"GLOBAL WARMING & DISASTERS - Due to global climate change; the glaciers on the mountenous regions are becoming susceptical to flash floods, causing sudden iretriavle casualties of living beings & destructions of infrastructures etc, by playing havoc on the earth. From the recent past we shouldn't forget the disastrous agony of 2013 - Kedarnath disaster, 2025, Dharali, Uttarkashi disaster and a very recent past unfortunate Chamoli disasters in 2021 & Aug 2026 where unaccountable casualties & destructions occurred. There are many more tsunamis not listed here. Most of our Uttrakhand districts are on the hit list of such tsunamis, though Himanchal alone cannot be ignored in isolation from these natural disasters/earth quakes/clouds out burst every year causing human casualties & damages in the State. The present glacier out burst in Tibet/Nepal during last week of August 2026, where more than lacs of living beings; washed away & all houses/infrastructures etc abandoned by the natural calamities/glacier bursts/flash floods, extending it to proximity nearby areas of Bihar & NE districts as well. However, the malafide intentions of China cannot be ruled out for obvious reasons. All governmental bodies must focus on global warming mitigation, stopping heavy minings, constructions of dams/hydel power plants/roads/tunnels etc keeping in mind the sustainability strength of mountains. Also the mountaineers/climbers should keep the environment neat & clean to avoid any pollutions during their trekking time by throwing used food packets, tins, polythene bags etc; which may add to global warming, glaciers bursting & other natural calamities. The Government is requested to install Early Warning Systems at all vulnerable points to get timely alarms of such tsunamis in the regions for precautionary measures on emergency basis.",english,youtube,comment,2026-09-01T12:18:29Z,https://www.youtube.com/watch?v=2mwo0EKqfJ0&lc=UgzfmEHNFDwyIQHnZsV4AaABAg,Nepal floods: Race to rescue survivors trapped underground | Today Show Australia,https://www.youtube.com/watch?v=2mwo0EKqfJ0,Nepal flood rescue,disaster,other,,
85166a52acad,कुरा शुन्दा सरै मन भावुक भयो र बाच्नुभयो खुसि लाग्यो,devanagari,youtube,comment,2026-09-01T14:08:48Z,https://www.youtube.com/watch?v=_3pyMK8qqss&lc=UgzFfKtWU0DqeUjLKWh4AaABAg,जसले म म*र्दैछु बुढी भनेर श्रीमतीलाई भिडियो पठाएका थिए... || RASUWA FLOOD VICTIM STATEMENT ||,https://www.youtube.com/watch?v=_3pyMK8qqss,Rasuwa flood,disaster,other,,
c328904fce89,८२ सालको हो कि ८३ सालको हो बाडी,devanagari,youtube,comment,2026-08-26T06:25:20Z,https://www.youtube.com/watch?v=OIWtWN3YEa4&lc=UgyhOkvSQXbOd4Hxa7J4AaABAg,"रसुवामा अहिलेसम्मकै भीषण बाढी, यसरी उर्लिएर आएको थियो बाढी ! Rasuwa Latest Badhi",https://www.youtube.com/watch?v=OIWtWN3YEa4,रसुवा बाढी,disaster,other,,
17e6fcfa2d68,"Bhagwan, rakshya garnus🙏,, aaja tha vayo ki budapaka kina lek ma basera besi ma kheti garthe vanne😢😢😢,,",romanized_nepali,youtube,comment,2026-08-26T10:39:29Z,https://www.youtube.com/watch?v=uuNq2nPw-yc&lc=UgzYG2RzckkEgrFSnoJ4AaABAg,रसुवागढी बाढी: Rasuwagadi badi update | nepali news | rasuwa badhi news today | badhi pahiro,https://www.youtube.com/watch?v=uuNq2nPw-yc,Nepal badhi pahiro,disaster,other,,
5f06a3eccabf,Yo abastha ma kunai pani dal harule yakata badda vayara Kam garu,romanized_nepali,youtube,comment,2026-08-27T23:17:09Z,https://www.youtube.com/watch?v=8moDJFX_06U&lc=Ugx1WBodHP3OApjXfRV4AaABAg,अझै छ बाढीको डर ! आँसुमा डुबेको देश - सरकार सक्रिय || Rasuwa Flood Nepal || SIDHAKURA ||,https://www.youtube.com/watch?v=8moDJFX_06U,Rasuwa flood,disaster,other,,
b0375b20a548,Seeing this makes the idea of Tartaria seem really plausible. It's as if nothing was ever there!,english,youtube,comment,2026-08-31T03:18:53Z,https://www.youtube.com/watch?v=lTnopssAKk4&lc=Ugw0ZNXdWA-OOgZArKt4AaABAg,Before And After Satellite Photos Capture Destruction Left by Flash Flood in Nepal #shorts,https://www.youtube.com/watch?v=lTnopssAKk4,Nepal monsoon flood,disaster,other,,
73855ddb8b8b,हे भगवान यस्ताे भयाे। नेपालमा❤❤,devanagari,youtube,comment,2026-08-26T14:57:37Z,https://www.youtube.com/watch?v=uuNq2nPw-yc&lc=Ugy-FegjrZ3SaFRSTpd4AaABAg,रसुवागढी बाढी: Rasuwagadi badi update | nepali news | rasuwa badhi news today | badhi pahiro,https://www.youtube.com/watch?v=uuNq2nPw-yc,Nepal badhi pahiro,disaster,other,,
e04e1fafefec,yesto bela ma pani rajniti garne ko rajniti jiwan sakyo vanda hunxa hami sabai kura yaad rakhxau yeti bela sabai sath ma uthna parxa,romanized_nepali,youtube,comment,2026-08-26T14:29:12Z,https://www.youtube.com/watch?v=dc7VSPoZUNE&lc=UgzpkyiIwMS6bBPX8DR4AaABAg,"RASUWA FLOOD LIVE: 4 PM LATEST UPDATE | Trishuli on HIGH ALERT, Massive Rescue Operation Underway",https://www.youtube.com/watch?v=dc7VSPoZUNE,Rasuwa flood,disaster,other,,
a554f7276e5f,"Aghi aghi topai ko gola pachhi pachhi marsyandi salala geet ma bhane jastai aghi aghi green army ( western force ) pachhi pachhi balen sudan swarnim ra nepal army sahit , nepal sidhyaune mission , paschima le kehi missile blast garera him nadi tal fodeko jasto chha",romanized_nepali,youtube,comment,2026-09-02T12:54:19Z,https://www.youtube.com/watch?v=Iq204O8qskw&lc=UgzGy9y4mqjdc4GyKXp4AaABAg,रसुवा बाढी प्रभावित क्षेत्रमा देखिएको गृनआर्मी के हो? कुन उदेश्यले संचालितछ ? यसरी बुझौ।।,https://www.youtube.com/watch?v=Iq204O8qskw,रसुवा बाढी,disaster,other,,
68add455e492,like the After pictures over POPULATION,english,youtube,comment,2026-08-30T18:17:03Z,https://www.youtube.com/watch?v=lTnopssAKk4&lc=UgwkIozJjdzOJq6nybJ4AaABAg,Before And After Satellite Photos Capture Destruction Left by Flash Flood in Nepal #shorts,https://www.youtube.com/watch?v=lTnopssAKk4,Nepal monsoon flood,disaster,other,,
f992f67b3bdb,"Natures Revenge 🔥, population control and corruption zero should be the motto of Nepal and World 🔥",english,youtube,comment,2026-08-27T13:51:34Z,https://www.youtube.com/watch?v=dZJvV8OZsx8&lc=UgxmLK_kBVGBNepfrYJ4AaABAg,"Nepal Flash Flood: Not an Earthquake, But Glacier Collapse? | Rasuwa Flood Explained",https://www.youtube.com/watch?v=dZJvV8OZsx8,Rasuwa flood,disaster,other,,
d78872945a2e,No you dope for the infrastructure did you not read the comment?,english,youtube,reply,2026-08-27T18:47:15Z,https://www.youtube.com/watch?v=PgBlCEcMuss&lc=UgxsBiYh09KIPq-An_J4AaABAg.Aa05fZjOIUwAa0yd0X92-8,Video shows catastrophic flash flood in Nepal caused by glacier collapse,https://www.youtube.com/watch?v=PgBlCEcMuss,Nepal landslide,not_disaster,,,
82ebcbec6c1f,माथी बाट फोन गरेर खबर गर्ने ले कसरी खबर गर्यो सुन्ने ले के बुझ्यो जे भए पनि अटेर गरेरै मानबिय क्ष्यती भएछ,devanagari,youtube,comment,2026-08-28T09:51:20Z,https://www.youtube.com/watch?v=vtVYqWRSIQw&lc=UgzhCySAMCN7MT9mDMJ4AaABAg,अकस्मात बाढी आउँदा के भयो ? प्रत्यक्षदर्शीले सुनाए आँखैअगाडिको भयावह दृश्य | Flood Report,https://www.youtube.com/watch?v=vtVYqWRSIQw,बाढी,disaster,other,,
72be7ca45411,"Thank you, Silki ❤",english,youtube,comment,2026-08-31T01:35:20Z,https://www.youtube.com/watch?v=xqzg5qPBmPE&lc=UgyT3CWRyHViD84iWGR4AaABAg,NEW Flash Flood Hits Nepal — TIME RUNNING OUT for 900 TRAPPED in Mountain Tunnels,https://www.youtube.com/watch?v=xqzg5qPBmPE,Melamchi flood,not_disaster,,,
050ef3e5378e,भगवान सबैलाई रक्षायगरनु ।🙏🙏,devanagari,youtube,comment,2026-08-26T08:05:09Z,https://www.youtube.com/watch?v=4MhUbG_L2m0&lc=UgwjbzMMnvrWSAs-gxR4AaABAg,"रसुवाबाढीमा हजारौँ बे&#39;पत्ता: इतिहासकै ठुलो बाढीले पुरै रसुवा बगायो, सबै तह&#39;सनहस पार्यो Rasuwa",https://www.youtube.com/watch?v=4MhUbG_L2m0,रसुवा बाढी,not_disaster,,,
8056ecc2339e,God always bless you new life. Bichara tyo kukur 😭,english,youtube,comment,2026-09-02T03:33:50Z,https://www.youtube.com/watch?v=_3pyMK8qqss&lc=Ugw-UuB4BhCHdeXarWB4AaABAg,जसले म म*र्दैछु बुढी भनेर श्रीमतीलाई भिडियो पठाएका थिए... || RASUWA FLOOD VICTIM STATEMENT ||,https://www.youtube.com/watch?v=_3pyMK8qqss,Rasuwa flood,disaster,other,,
a494197f552d,हे भगवान पशुपतिनाथ राक्षा गर्नुहाेस 😭😭,devanagari,youtube,comment,2026-08-26T11:34:43Z,https://www.youtube.com/watch?v=uuNq2nPw-yc&lc=UgzxUxBXxoeqMRX00f14AaABAg,रसुवागढी बाढी: Rasuwagadi badi update | nepali news | rasuwa badhi news today | badhi pahiro,https://www.youtube.com/watch?v=uuNq2nPw-yc,Nepal badhi pahiro,not_disaster,,,
6cb1fc19e143,दाहिजो र बलबिवाह को पनि 😢😢😢😢😢,devanagari,youtube,comment,2024-08-22T12:17:02Z,https://www.youtube.com/watch?v=yJ0e4damF8A&lc=UgwBKE14vU7iLLunxIJ4AaABAg,बाढी पहिरो । बाढी पहिरो रोक थामका उपायहरु । About Flood and Landslide in Nepali,https://www.youtube.com/watch?v=yJ0e4damF8A,बाढी पहिरो उद्धार,not_disaster,,,
07e3edaa2d90,wow.. water can force that big stone. Subahanallah.,english,youtube,comment,2026-08-28T14:50:36Z,https://www.youtube.com/watch?v=jMifz5l3NZw&lc=Ugy9D-MAjWWFUJM1b1d4AaABAg,2 massive boulders displaced by powerful flash flood in Nepal,https://www.youtube.com/watch?v=jMifz5l3NZw,Kathmandu flood 2024,disaster,other,,
5b412ac5e27e,AI voiceover a corporate channel. India really is bankrupt.,english,youtube,comment,2026-08-28T16:46:54Z,https://www.youtube.com/watch?v=53yBWAoiGtY&lc=UgzlACfJXjdTDSRYTxZ4AaABAg,Rescuers Pull Survivor From Mud In Hydropower Tunnel | Nepal Floods,https://www.youtube.com/watch?v=53yBWAoiGtY,Nepal flood rescue,not_disaster,,,
e005fc7d8e39,August 26-2026 हैन 2083 भदौ 10 भन्ने गर मुजि,mixed,youtube,comment,2026-08-28T07:35:44Z,https://www.youtube.com/watch?v=njBnqiiTeZo&lc=UgzkEAkA8L-veqLZM9t4AaABAg,Nepal Flash Flood 2026,https://www.youtube.com/watch?v=njBnqiiTeZo,Nepal flood 2026,disaster,other,,
f8fb92498817,ईश्वर कहाँ जाउ?,devanagari,youtube,comment,2026-08-27T17:19:35Z,https://www.youtube.com/watch?v=8moDJFX_06U&lc=Ugw-7SheyO5Vrc5sG-J4AaABAg,अझै छ बाढीको डर ! आँसुमा डुबेको देश - सरकार सक्रिय || Rasuwa Flood Nepal || SIDHAKURA ||,https://www.youtube.com/watch?v=8moDJFX_06U,Rasuwa flood,disaster,other,,
8b54d32303e0,Udar fari bachekoma Khusi lageyo,english,youtube,comment,2026-09-02T05:46:54Z,https://www.youtube.com/watch?v=_3pyMK8qqss&lc=UgzHloRTpnmSzr42btR4AaABAg,जसले म म*र्दैछु बुढी भनेर श्रीमतीलाई भिडियो पठाएका थिए... || RASUWA FLOOD VICTIM STATEMENT ||,https://www.youtube.com/watch?v=_3pyMK8qqss,Rasuwa flood,disaster,other,,
8d37895ae46f,"The provided news article from República reports on an incident where an irate group vandalized the house and attacked Kumar Fudong, a retired Major General and former UCPN (Maoist Center) lawmaker, in Itahari Sub Metropolitan City. Key Details of the Incident: The Cause: Locals targeted Fudong after 24-year-old Sujata Shahi Thakuri was found dead in a fish pond located in his garden. The crowd staged a demonstration and attacked because they felt he failed to provide a satisfactory explanation regarding her death. The Attack: Demonstrators gathered at his property and hurled stones, causing Fudong to suffer a deep cut to his head. He was subsequently hospitalized and treated at the BP Koirala Institute of Health Sciences. Background Context: Sujata and her husband had previously worked at a resort formerly operated on Fudong's land. She had arrived at Fudong’s house on a Monday morning and was discovered dead just an hour and a half later. The local police have launched an active investigation into the circumstances surrounding her death.",english,youtube,comment,2026-09-02T02:00:23Z,https://www.youtube.com/watch?v=Iq204O8qskw&lc=UgylfQ_VQdpRmWoi_NJ4AaABAg,रसुवा बाढी प्रभावित क्षेत्रमा देखिएको गृनआर्मी के हो? कुन उदेश्यले संचालितछ ? यसरी बुझौ।।,https://www.youtube.com/watch?v=Iq204O8qskw,रसुवा बाढी,not_disaster,,,
6bbdb6eb8847,Day 1 देखि बिदेशी बिज्ञलाई किन खटाइएन???,mixed,youtube,comment,2026-08-31T06:21:11Z,https://www.youtube.com/watch?v=U8JI63ADNHw&lc=Ugw0pE12aFxQKXb95Px4AaABAg,भोटेकोशी बाढी पछि सरकारले के के गर्यो?|| Nepal Times,https://www.youtube.com/watch?v=U8JI63ADNHw,भोटेकोशी बाढी,disaster,other,,
dd4b65a395b8,That would be terrifying!!!,english,youtube,comment,2026-08-27T08:56:13Z,https://www.youtube.com/watch?v=PgBlCEcMuss&lc=UgzTG51R9khJoVsmva14AaABAg,Video shows catastrophic flash flood in Nepal caused by glacier collapse,https://www.youtube.com/watch?v=PgBlCEcMuss,Nepal landslide,disaster,other,,
5cb8dcc57f45,नेपाली सेनाको पनि ज्यान हाे याद राख्नुहोस् सरकार समान केही छैन राम्रो समान काे उपलब्ध गराउनुपर्छ।,devanagari,youtube,comment,2026-08-26T13:28:50Z,https://www.youtube.com/watch?v=A6GSnstgsJk&lc=Ugx6bZdjPmOetriyXf14AaABAg,भोटेकोशी बाढी प्रभावित क्षेत्र ३ महिनासम्म ‘संकटग्रस्त’ घोषणा !- NEWS24 TV,https://www.youtube.com/watch?v=A6GSnstgsJk,भोटेकोशी बाढी,disaster,other,,
e521bd07d554,जब विदेशी संचार यति राम्रो लेख्नुहुन्छ। नेपालको विषयमा भन्नु पर्दा जहिले पनि राम्रो काम गर्नेलाई खेदो खानुहुन्छ यति धेरै लास उद्धारमा कसले गर्योइ सलाम गर्नुपर्ने आर्मी टोली उद्धर टोलीलाई,devanagari,youtube,comment,2026-09-02T14:57:21Z,https://www.youtube.com/watch?v=8AVNZen9lnk&lc=Ugz1g2TCxxPbLFndYsF4AaABAg,भोटेकोशी बाढी महा विपत्ती बन्दै ! उद्धार र राहत वितरण गर्दाको तमासालाई बुझौं !,https://www.youtube.com/watch?v=8AVNZen9lnk,भोटेकोशी बाढी,disaster,other,,
0758d610b1c6,No words to say God bless you,english,youtube,comment,2026-09-01T20:48:12Z,https://www.youtube.com/watch?v=jc67BCj79qY&lc=Ugyaf2TqO557xdRhAWp4AaABAg,"Nepal Teacher Saves 1,600 Children From Landslide#HeroTeacher #Nepal #Landslide #SaveTheChildren",https://www.youtube.com/watch?v=jc67BCj79qY,Nepal landslide,disaster,other,,
97c281c144bb,Amir logo ki karni he jo Garib ko zelni padti he,romanized_nepali,youtube,comment,2026-08-31T17:50:15Z,https://www.youtube.com/watch?v=zTlJtMz5ESk&lc=Ugz4Oh7_mcQ-7jMu9Nt4AaABAg,Nepal Flood 2026 | Real cause of Nepal floods? Flood Videos | Madhukar Kotawe #madhukarkotawe #upsc,https://www.youtube.com/watch?v=zTlJtMz5ESk,Nepal monsoon flood,not_disaster,,,
93fd7e382d2b,"यो भिडियोबाट जति पनि आम्दानी हुन्छ, सम्भव भए सबै PMO Nepal मार्फत बाढीपीडितहरूको सहयोगका लागि राखिदिनुहोला। 🙏🇳🇵😔",mixed,youtube,comment,2026-08-27T15:07:25Z,https://www.youtube.com/watch?v=V5dIZaqFlRA&lc=UgwJo3weKwcUQ1CQEah4AaABAg,तिब्बतमा भूकम्प नेपालमा बाढी ||The reason behind Rasuwa Flood || SIDHAKURA ||,https://www.youtube.com/watch?v=V5dIZaqFlRA,काठमाडौं बाढी,disaster,resource_available,,
c3858aa5d94a,Allah hamare Nepali bhaiyo bahanon ki hifajat Kare 🤲🏻🤲🏻🤲🏻,romanized_nepali,youtube,comment,2026-08-27T12:28:23Z,https://www.youtube.com/watch?v=FXMZv1sOBUo&lc=Ugx9f8C__oq104Y3XH14AaABAg,Pt.1- Disaster Waiting To Happen? | Was The Nepal Flood Fury Preventable? | Akash Banerjee,https://www.youtube.com/watch?v=FXMZv1sOBUo,Nepal monsoon flood,disaster,other,,
dc09d3feecf9,Not really. Makes sense,english,youtube,reply,2026-08-30T03:18:09Z,https://www.youtube.com/watch?v=lTnopssAKk4&lc=UgyboZZDYAzbCGueTHt4AaABAg.Aa6lN8aWozLAa71gfQLhDh,Before And After Satellite Photos Capture Destruction Left by Flash Flood in Nepal #shorts,https://www.youtube.com/watch?v=lTnopssAKk4,Nepal monsoon flood,not_disaster,,,
5d93943951dd,Gurung ho ni t hikmat hardaina good luck for all teams ❤❤❤,english,youtube,comment,2026-08-29T06:14:58Z,https://www.youtube.com/watch?v=shcQIucF5cY&lc=UgyAO68oV8GpNt64E7l4AaABAg,रसुवा बाढी: गृहमन्त्री सुदन राति &#39;त्रिशुली ३ ए&#39; सुरुङभित्र छिरेपछि | Rasuwa Flood,https://www.youtube.com/watch?v=shcQIucF5cY,रसुवा बाढी,disaster,other,,
94526c496282,Hopefully everyone stays safe 🙏❤,english,youtube,comment,2026-08-31T04:07:12Z,https://www.youtube.com/watch?v=xqzg5qPBmPE&lc=UgyinSZHocK2rAD6__J4AaABAg,NEW Flash Flood Hits Nepal — TIME RUNNING OUT for 900 TRAPPED in Mountain Tunnels,https://www.youtube.com/watch?v=xqzg5qPBmPE,Melamchi flood,disaster,other,,
c9fc004919dd,❤ यथार्थ परक र मार्मिक तथा लुकेका रहस्य उजागर ❤,devanagari,youtube,comment,2026-09-02T01:50:35Z,https://www.youtube.com/watch?v=Iq204O8qskw&lc=UgzurewuOIXAtHcMEiF4AaABAg,रसुवा बाढी प्रभावित क्षेत्रमा देखिएको गृनआर्मी के हो? कुन उदेश्यले संचालितछ ? यसरी बुझौ।।,https://www.youtube.com/watch?v=Iq204O8qskw,रसुवा बाढी,disaster,other,,
a1881e069e3e,Timure bajar ko satellite image ma 2 ota badi aauna aagadi theyana aaya paxi ko image ma 2 ota image badi xa .aali purano image vayara ho ke k ho.,romanized_nepali,youtube,comment,2026-09-02T01:39:42Z,https://www.youtube.com/watch?v=LOGBtLlurxY&lc=Ugwug1rv5PD8pyxStwF4AaABAg,बुलेट ट्रेनको स्पीडमा यसरी आयो बाढी । The Bhotekoshi Flood’s Origin,https://www.youtube.com/watch?v=LOGBtLlurxY,Bhotekoshi flood,disaster,other,,
ba5ae69253ae,Good reporting👍️👍️👍️👍️,english,youtube,comment,2026-09-02T07:26:19Z,https://www.youtube.com/watch?v=KeM1GzYqlWU&lc=UgwRtQtaWz3dmKyEQjt4AaABAg,"भोटेकोशी बाढी : सुरुङभित्रबाट LIVE, विश्वकै ध्यान तान्ने बालेनको तयारी, चीनको फोटो, फेरि बाढी ?",https://www.youtube.com/watch?v=KeM1GzYqlWU,बाढी,not_disaster,,,
e2c010ffa912,Belive in Jesus christ,english,youtube,reply,2026-08-26T16:53:59Z,https://www.youtube.com/watch?v=JiKk3HbqbYc&lc=UgyKCh5jxz-iIYko1bJ4AaABAg.A8wWBOtyq9PA_zBsYgk-Xh,Severe Floods In Nepal’s Capital Kathmandu Kills At Least 32 | Subscribe to Firstpost,https://www.youtube.com/watch?v=JiKk3HbqbYc,Kathmandu flood 2024,not_disaster,,,
32faf7d7de0f,सुधीर जी तपाईंको प्रश्न र वहाँ ले भन्नुभएको जवाफबाट अलिक स्पष्ट भएन हिमताल फुटेको भन्दापनि त्यो हिमपहिरो ले माथिबाट आउने खोला धेरै समयसम्म थुनेर लाखौं करोडौं क्यूबिक पानी एकैपटक फुटेर आएको अनुमान गरिएको अनुमान छ किनकि त्यो लेन्दी खोलाको चौडाइ कम स्पेस र दुई तिर को उचाइ चाहिँ करिब चार पाँच किलो मिटर हाइट छ चौबिस घंटा थुनिन्दापनि नभरिने भयंकर खोलसा छ सुधीर जी।🇳🇵🇳🇵🇳🇵👍️👍️👍️,devanagari,youtube,comment,2026-08-30T01:20:02Z,https://www.youtube.com/watch?v=2Q9nqCljo3g&lc=UgwQrehpIcymARmDzM14AaABAg,रसुवामा भीषण बाढी किन आयो ? Dr. Nitesh Khadka सँग कुराकानी,https://www.youtube.com/watch?v=2Q9nqCljo3g,बाढी,disaster,other,,
77b189a7a2c7,Glad the number rescued is higher than the numbers lost or missing.,english,youtube,comment,2026-08-29T18:24:02Z,https://www.youtube.com/watch?v=oSGumD31w-0&lc=Ugxkbw5gZeBUxdiB2kN4AaABAg,New Nepal flood fears loom as overflowing lake threatens another deadly surge,https://www.youtube.com/watch?v=oSGumD31w-0,Melamchi flood,disaster,other,,
fe374f7debda,acharya prashant jiu le lagvag two decade dekhi climate change ko baaremaa alert garairakhnu vako xa ahile pani hamro eye khuleko xain😢 sabai vanda derai effect climate change ko hami maathi nai parne bala xa ani suru vaisakeko xa,romanized_nepali,youtube,comment,2026-08-30T06:04:38Z,https://www.youtube.com/watch?v=njBnqiiTeZo&lc=UgwhO7wFW4NpP9OErhB4AaABAg,Nepal Flash Flood 2026,https://www.youtube.com/watch?v=njBnqiiTeZo,Nepal flood 2026,disaster,other,,
55905cc40d2b,Xeti tw vako xa tara 72 ko vukampa vanda double chai navaneni hunii k khalko samachar sunauxa sunauxa,romanized_nepali,youtube,comment,2026-08-26T15:25:47Z,https://www.youtube.com/watch?v=uuNq2nPw-yc&lc=Ugwi-fV-2UxiwAkkdR14AaABAg,रसुवागढी बाढी: Rasuwagadi badi update | nepali news | rasuwa badhi news today | badhi pahiro,https://www.youtube.com/watch?v=uuNq2nPw-yc,Nepal badhi pahiro,disaster,other,,
b7f0dc195ee7,its better to take safety measures,english,youtube,comment,2025-07-05T13:01:05Z,https://www.youtube.com/watch?v=LgW6Lu-MIMU&lc=UgyY-Gy2g1wlInZuuYl4AaABAg,चाेभार गल्छी काण्ड and Flood -  Kathmandu Valley in Danger?,https://www.youtube.com/watch?v=LgW6Lu-MIMU,Kathmandu flood 2024,disaster,warning,,
e83723dc17e1,Moh lai lagxa katai na katai thulo desh haru ko hath huna sakxa hami le secret agent 🕵️ detective lagauna parxa jasto xa Kehi na kehi clue hola ni 😢😢😢😢,romanized_nepali,youtube,comment,2026-08-30T18:51:11Z,https://www.youtube.com/watch?v=njBnqiiTeZo&lc=UgyinwgLiwJIBSEsuB54AaABAg,Nepal Flash Flood 2026,https://www.youtube.com/watch?v=njBnqiiTeZo,Nepal flood 2026,disaster,other,,
2f22ae3432d1,Pilot who work in or out of Nepal had very extraordinary skill flying between narrow valleys . Cpt Priya s great 👍 Nepali rescue procedure is great,romanized_nepali,youtube,comment,2026-09-01T05:44:04Z,https://www.youtube.com/watch?v=mWJLn39EQRY&lc=Ugyr_imKH0Oe98W-t3N4AaABAg,Nepal rescue pilot interview &amp; where &#39;body after body&#39; is turning up,https://www.youtube.com/watch?v=mWJLn39EQRY,Nepal flood rescue,disaster,other,,
9566e8cf36ab,मानिसले Early warning awareness दिएको पत्याएनन र धेरै ठूलो मानविय खति भएछ/ अझै खतरा कायम रहेछ/ सरकारले सुरक्झित ब्यबस्ता गरेस जुन गरिराखेको देखिन्छ/,mixed,youtube,comment,2026-08-27T13:56:14Z,https://www.youtube.com/watch?v=V5dIZaqFlRA&lc=UgzmsjrsoRQy_LHeDgN4AaABAg,तिब्बतमा भूकम्प नेपालमा बाढी ||The reason behind Rasuwa Flood || SIDHAKURA ||,https://www.youtube.com/watch?v=V5dIZaqFlRA,काठमाडौं बाढी,disaster,other,,
452201c8d044,It’s it just Nepal it’s just beginning India USA Russia all suffer read भविष्य मलिका it’s time god is giving back what we gave them pain,mixed,youtube,reply,2026-08-27T19:09:38Z,https://www.youtube.com/watch?v=RqjtDeg4fWk&lc=Ugz-_LjJTirt7NrwPrp4AaABAg.A_zFjudMBsEAa10ByX0E5e,"China, Tibet &amp; Nepal Flood Mystery | What Really Triggered The Disaster? 105 Indians Missing !",https://www.youtube.com/watch?v=RqjtDeg4fWk,Nepal monsoon flood,disaster,other,,
0257a2f926e1,"यो दिदिलाई मेरो पनि ढोग छ ,, नमरे बाँचे भेट्न पक्कै आउँछु दिदी हजुरलाई ❤❤❤🙏🙏🙏🙏🙏",devanagari,youtube,comment,2026-08-31T01:30:32Z,https://www.youtube.com/watch?v=AbLTmMuesxM&lc=Ugxr_Z_DYv56WXNrJrt4AaABAg,Bhotekoshi Flood आफ्नै परिवारले नै बाढीमा फसेका ६ जनाको उद्धार यसरी गर्यो हेर्नुहोस | Nuwakot Nepal,https://www.youtube.com/watch?v=AbLTmMuesxM,Bhotekoshi flood,disaster,other,,
323c08352792,❤ कुरा एकदम सही लाग्यो ❤ विश्लेषण बहस भनाई एकदमै राम्रो लाग्यो ❤ हिमताल सम्बन्धित बहस राम्रो लाग्यो ❤ धन्यवाद सरहरूलाई ❤ बेंसीमा र खोलाको किनारामा घर बनाएर बस्नु खतरा भएको जानकारी दिनुभएकोमा धन्यवाद 🙏🙏,devanagari,youtube,comment,2026-08-27T23:43:49Z,https://www.youtube.com/watch?v=2Q9nqCljo3g&lc=UgxBxLut2xpnmBjB8H54AaABAg,रसुवामा भीषण बाढी किन आयो ? Dr. Nitesh Khadka सँग कुराकानी,https://www.youtube.com/watch?v=2Q9nqCljo3g,बाढी,disaster,other,,
29813251f36f,Large scale ma resettlement garnu पर्ने vayo nepal ma... river basin kunai pani safe xaina nepal ma...,mixed,youtube,comment,2026-08-30T03:09:27Z,https://www.youtube.com/watch?v=2Q9nqCljo3g&lc=UgxGIoE7HQra1eNCxCx4AaABAg,रसुवामा भीषण बाढी किन आयो ? Dr. Nitesh Khadka सँग कुराकानी,https://www.youtube.com/watch?v=2Q9nqCljo3g,बाढी,disaster,other,,
817e3587dbbe,Terrifying event. Praying for all those people. Tragic 😢,english,youtube,comment,2026-08-26T23:30:16Z,https://www.youtube.com/watch?v=9ZvUQ7aoehw&lc=UgyYHjzl5MQwo-t-tHt4AaABAg,Nepal’s Deadly Flash Flood: What Triggered It?,https://www.youtube.com/watch?v=9ZvUQ7aoehw,Nepal landslide,disaster,other,,
b8680cd3ebba,Yo kura jhut ho,romanized_nepali,youtube,reply,2026-09-02T05:54:04Z,https://www.youtube.com/watch?v=KeM1GzYqlWU&lc=UgzTHrETvY3UNXm6OtN4AaABAg.AaEr5pvTwY_AaF1vJamKVp,"भोटेकोशी बाढी : सुरुङभित्रबाट LIVE, विश्वकै ध्यान तान्ने बालेनको तयारी, चीनको फोटो, फेरि बाढी ?",https://www.youtube.com/watch?v=KeM1GzYqlWU,बाढी,disaster,other,,
ef34cdc874af,भगवान् काे मर्जी भएँ असम्भव के हि छैन घरमा मन्दिर रहेछ ❤,devanagari,youtube,comment,2026-08-31T05:50:47Z,https://www.youtube.com/watch?v=AbLTmMuesxM&lc=Ugyc6Nj3ce7b9vZJKKp4AaABAg,Bhotekoshi Flood आफ्नै परिवारले नै बाढीमा फसेका ६ जनाको उद्धार यसरी गर्यो हेर्नुहोस | Nuwakot Nepal,https://www.youtube.com/watch?v=AbLTmMuesxM,Bhotekoshi flood,disaster,other,,
be4786c927e9,Tapaiharu jasto expert harule Aba k hernu paryo vane east ma kanchenjunga xa 3rd highest mountain.. tya bata everest hudai west samma yesto possibility vayeko area haru herera study garna sakyo vane warning ra tyo anusar prepare garna sakinxa,romanized_nepali,youtube,comment,2026-09-01T20:24:13Z,https://www.youtube.com/watch?v=90iKYyq9HlU&lc=UgzmBVeWD07phq1wjQB4AaABAg,Ep:622 | What Caused the Rasuwa Flood? The Real Reason Behind the Disaster | Ramesh Bhushal,https://www.youtube.com/watch?v=90iKYyq9HlU,Rasuwa flood,disaster,other,,
f3672f531fa1,हे भगवान् के गर्नु भयो यसतो?😥😥😥😥😥😥😥,devanagari,youtube,comment,2026-08-26T11:00:57Z,https://www.youtube.com/watch?v=uuNq2nPw-yc&lc=Ugxn3nC5VtUlAZSZipB4AaABAg,रसुवागढी बाढी: Rasuwagadi badi update | nepali news | rasuwa badhi news today | badhi pahiro,https://www.youtube.com/watch?v=uuNq2nPw-yc,Nepal badhi pahiro,disaster,other,,
1bc5f1cea68e,"Good point about the Sun driving climate, glacier melt and the water cycle. One important distinction, though: the Himalayas were uplifted mainly by the collision of the Indian and Eurasian tectonic plates. For this disaster, the key question is how gravity, unstable rock and ice, and water combined to turn that stored elevation into such a destructive flow.",english,youtube,reply,2026-08-31T14:35:18Z,https://www.youtube.com/watch?v=x-_WGz3ydwY&lc=UgyHTmXmVo5fa00a6CZ4AaABAg.AaAatA_P7muAaAozAC57jh,Nepal–Tibet Mega Flood 2026: What Really Caused It?,https://www.youtube.com/watch?v=x-_WGz3ydwY,Nepal flood 2026,disaster,other,,
b0dd4297d6cb,गृहमंत्री ज्यू हजुरको यस्तो साहस कहिले कमी नहोस र भगवान हजुरसँग सधै साथ रहने छ हजरको हिम्मत कहिले कमी हुने छैन jehz भनेको यसरी हिम्मत नहारी जति पनि कठोरभन्दा कठोर स्थानमा जानुभएर आफै अनुभब गर्नु भएको छ मानवता छ भने आफुपनि महसुस गरेर हेर्नु पर्छ गाऱ्हो दुख भनेको के हो भन्ने कुरा थाह पाउछ र अनि आतपा मा आशु आउछ,mixed,youtube,comment,2026-08-29T11:36:17Z,https://www.youtube.com/watch?v=shcQIucF5cY&lc=UgwW1j8O85yZ_TKgphR4AaABAg,रसुवा बाढी: गृहमन्त्री सुदन राति &#39;त्रिशुली ३ ए&#39; सुरुङभित्र छिरेपछि | Rasuwa Flood,https://www.youtube.com/watch?v=shcQIucF5cY,रसुवा बाढी,disaster,other,,
1088204ac14e,Green army कस्ले बनायो के हो यो आर्मी को उदेश्य? यश बारेमा हजुर को विश्लेषण के छ,mixed,youtube,comment,2026-09-02T12:18:58Z,https://www.youtube.com/watch?v=8AVNZen9lnk&lc=Ugy_2RrvfmQxIchZgTN4AaABAg,भोटेकोशी बाढी महा विपत्ती बन्दै ! उद्धार र राहत वितरण गर्दाको तमासालाई बुझौं !,https://www.youtube.com/watch?v=8AVNZen9lnk,भोटेकोशी बाढी,disaster,other,,
027818f8f480,हजुर को जस्तै अरुकोपनी उद्दार भएको देख्न पाउ❤❤मत सुन्न सकिन😢😢😢 मुटु फुट्लाजस्तो भयो😢😢😢😢,devanagari,youtube,comment,2026-09-01T14:42:24Z,https://www.youtube.com/watch?v=_3pyMK8qqss&lc=UgwKcBCN3PI0Ov-Jrax4AaABAg,जसले म म*र्दैछु बुढी भनेर श्रीमतीलाई भिडियो पठाएका थिए... || RASUWA FLOOD VICTIM STATEMENT ||,https://www.youtube.com/watch?v=_3pyMK8qqss,Rasuwa flood,disaster,other,,
8101bda39cfe,"Need to change the search approach for the missing person. Time is running out, I hope my thoughts and ideas are helpful. 1. Tunnel sideways, not straight down like oil drilling! (Drill quickly toward the tunnel entrance before the soil hardens! Drilling will be easy!) 2. Then we'll be able to know if the survivor is alive. 3. Then we can check for survivors with a camera, communicate with them, and supply them with oxygen, water, and food.",english,youtube,comment,2026-09-02T13:48:52Z,https://www.youtube.com/watch?v=D0O-wIUc0RI&lc=Ugx3N1LvDlPtfCV0u_J4AaABAg,"Nepal Flood Rescue: India, China Join Efforts to Rescue Workers Trapped in Hydropower Tunnels",https://www.youtube.com/watch?v=D0O-wIUc0RI,Nepal flood rescue,disaster,rescue_needed,,
b82cde03a4f3,अस्ति आन्दोलनमा आगो लगाउने टीम इनै होला अहिले बलेन aayasi निस्कियो जनता र देस माथि खतरा छ,mixed,youtube,comment,2026-09-02T06:53:37Z,https://www.youtube.com/watch?v=Iq204O8qskw&lc=Ugxi9cTnCRipATmBsAJ4AaABAg,रसुवा बाढी प्रभावित क्षेत्रमा देखिएको गृनआर्मी के हो? कुन उदेश्यले संचालितछ ? यसरी बुझौ।।,https://www.youtube.com/watch?v=Iq204O8qskw,रसुवा बाढी,not_disaster,,,
887f489decfa,"नेपाली जनतालाई देशको यथार्थपरक राजनीतिक सचेतना जो पस्किनुभो चित्तबुझ्दो र निर्भिक लाग्यो , अर्जुनजी !",devanagari,youtube,comment,2026-09-02T01:54:15Z,https://www.youtube.com/watch?v=Iq204O8qskw&lc=UgyLs498gShGPpHgPG54AaABAg,रसुवा बाढी प्रभावित क्षेत्रमा देखिएको गृनआर्मी के हो? कुन उदेश्यले संचालितछ ? यसरी बुझौ।।,https://www.youtube.com/watch?v=Iq204O8qskw,रसुवा बाढी,not_disaster,,,
bf37a2ead26a,मेरो देश राम्रो काधमा छ । हामी जनताहरूलाई दुख पर्दा म छु है भन्ने सरकार पाइएको छ। हामी ढुक्क छौँ यो काँधमा सिर राख्यो भने चोट लागेको घाउमा मलहम लगाउनुहुन्छ भनेर। जय नेपाल🇳🇵🙏🇳🇵जय बालेन सरकार ।,devanagari,youtube,comment,2026-09-02T10:56:59Z,https://www.youtube.com/watch?v=VJryE1DqJUw&lc=UgzGAR3HXg8CvsJNgP14AaABAg,"संसद्मा प्रधानमन्त्रीः बाढीपछिको खोज, उद्धार र राहत बारे दिए यस्तो जानकारी || Nepal Times",https://www.youtube.com/watch?v=VJryE1DqJUw,राहत उद्धार,disaster,other,,
be6734bfb7cd,सहिलाइ समसन र गलतलाइ सजायदिएनभनेकेकोछ कानुन सहि र गलत छुट्याउन सकि मुर्ति पुजक गरेपछियसतइहो हजुर,devanagari,youtube,comment,2026-08-30T15:18:34Z,https://www.youtube.com/watch?v=0PJT8KN7wuM&lc=UgzF8io3FiIUFbsNJ0R4AaABAg,"बाढी प्रभावित क्षेत्रहरूमा राहत वितरण, खोज तथा उद्धारमा #नेपालीसेना....#BhoteKoshiFlood #nepaliarmy",https://www.youtube.com/watch?v=0PJT8KN7wuM,बाढी,not_disaster,,REVIEW: Garbled text; meaning unclear,
fd5af73786c3,अरे यार गरेको नै त छ सकेको त गरेकै छनि हो यार,devanagari,youtube,comment,2026-09-02T14:22:01Z,https://www.youtube.com/watch?v=GOvNIozyDRc&lc=Ugy34wcUR1_ll0x3KRh4AaABAg,"सास होइन, लासको पनि आश मरेपछि... कुशको शव बनाएर अन्त्येष्टि! | Bhotekoshi Flood Heartbreaking Story",https://www.youtube.com/watch?v=GOvNIozyDRc,Bhotekoshi flood,disaster,other,,
c4ac37d90fd7,खोला नदी किनारमा बस्ती विस्तार भएकाले ठूलो विपत् मा परेको हो।,devanagari,youtube,comment,2026-08-31T16:54:55Z,https://www.youtube.com/watch?v=qHNX0jV1XTg&lc=UgzMq4NHdPhrwfu3EJl4AaABAg,विश्वका मिडियाले भोटेकोशीको बाढी बारे के भने ? || Nepal Times,https://www.youtube.com/watch?v=qHNX0jV1XTg,बाढी,disaster,other,,
809d0b375e63,जुन ठाउँमा सन्त रामपाल जी महाराज ले सेवा पुर्याउनु भयो त्यो ठाउँ सार्है नै पीडा मा थियो पीडित हरुलाई खाना खाना को ठूलो समस्या थियो किन को सबै तिर का बाटो को सञ्जाल बन्द थियो यस्तो अवस्थामा सेवा पुर्याउनु भएको मा कोटी कोटी प्रणाम गुरू जी लाई,devanagari,youtube,comment,2026-09-02T01:38:29Z,https://www.youtube.com/watch?v=OX3qvyLoUck&lc=UgwisBncaJhJgEMWeuF4AaABAg,Ground Report: घर र सपना बगाएको विपत्तिमा कसरी सहारा बन्यो &#39;अन्नपूर्णा अभियान&#39;? | SA News Nepal,https://www.youtube.com/watch?v=OX3qvyLoUck,बाढी पहिरो उद्धार,disaster,resource_available,,
d54fc6c5c308,Sir tapaile vannu vyo ko kura har Nepali le bujheo vani ni yesto bipad bhognu pardaina !,romanized_nepali,youtube,comment,2026-09-01T21:59:09Z,https://www.youtube.com/watch?v=90iKYyq9HlU&lc=UgxPyIERwrGcWApZudh4AaABAg,Ep:622 | What Caused the Rasuwa Flood? The Real Reason Behind the Disaster | Ramesh Bhushal,https://www.youtube.com/watch?v=90iKYyq9HlU,Rasuwa flood,disaster,other,,
6674da665d08,Vidiyo banaunu vanda ho tesari vagne ani sarkarlai guharne udder garna milx ki xitto garnuna aatiye ma ta,romanized_nepali,youtube,comment,2026-08-26T06:16:25Z,https://www.youtube.com/watch?v=4MhUbG_L2m0&lc=UgzwnHR9cwbI2RIsWm54AaABAg,"रसुवाबाढीमा हजारौँ बे&#39;पत्ता: इतिहासकै ठुलो बाढीले पुरै रसुवा बगायो, सबै तह&#39;सनहस पार्यो Rasuwa",https://www.youtube.com/watch?v=4MhUbG_L2m0,रसुवा बाढी,disaster,other,,
58b2112e77ff,भ्रम पार्टी ले पारदर्शी को कुरा गर्छ,devanagari,youtube,comment,2026-08-28T04:29:52Z,https://www.youtube.com/watch?v=8moDJFX_06U&lc=Ugy3toHBNNG2TeAT8994AaABAg,अझै छ बाढीको डर ! आँसुमा डुबेको देश - सरकार सक्रिय || Rasuwa Flood Nepal || SIDHAKURA ||,https://www.youtube.com/watch?v=8moDJFX_06U,Rasuwa flood,disaster,other,,
c6b64ae9b019,नालायक दास लास साइवर कुत्ता तेराे दाजु भाइ पर्या भा बुझथिस । कति भुक्छस।,devanagari,youtube,reply,2026-09-02T12:35:28Z,https://www.youtube.com/watch?v=KeM1GzYqlWU&lc=UgzTHrETvY3UNXm6OtN4AaABAg.AaEr5pvTwY_AaFkrF6dCf1,"भोटेकोशी बाढी : सुरुङभित्रबाट LIVE, विश्वकै ध्यान तान्ने बालेनको तयारी, चीनको फोटो, फेरि बाढी ?",https://www.youtube.com/watch?v=KeM1GzYqlWU,बाढी,not_disaster,,,
0f25cade10e1,Prayers for those affected by this disaster & so sudden. It's really devastating. My heart goes out to them.,english,youtube,comment,2026-08-31T14:56:05Z,https://www.youtube.com/watch?v=Vp3qdElGTco&lc=Ugxqp3sUtL5hR5hRSA54AaABAg,Tourist filming scenery accidentally captures Nepal landslide on camera,https://www.youtube.com/watch?v=Vp3qdElGTco,Nepal landslide,disaster,other,,
b34687b84155,Very good News ramro vayo kusi ko khabar ho 😂😂😂 bhek mangnay desh Nepal 😅😅 watching from India Sikkim,romanized_nepali,youtube,comment,2024-09-30T10:23:38Z,https://www.youtube.com/watch?v=7dXU2Anlqlg&lc=UgyVKnQjVino_yQ8z8N4AaABAg,Nepal Flood Heaviest Rain in 24 Hour - Kathmandu Valley in Danger?,https://www.youtube.com/watch?v=7dXU2Anlqlg,Kathmandu flood 2024,disaster,other,,
aa7009e0fe98,Badhi pidit haru lai rajniti ko duschakra ma phasaunu galat hune ra rahat ko lagi sabai milera agadi badnu Parne dekhinchha.,romanized_nepali,youtube,comment,2026-09-01T11:56:31Z,https://www.youtube.com/watch?v=c4FKIuzh-ew&lc=UgzyvzHB-jSeWy7Btup4AaABAg,रसुवा बाढी : लासमाथि राजनीति? | NEPAL FLOOD,https://www.youtube.com/watch?v=c4FKIuzh-ew,रसुवा बाढी,disaster,other,,
b0639eb74e5a,रक्षा गर्नुस् भगवान,devanagari,youtube,comment,2026-08-26T05:54:25Z,https://www.youtube.com/watch?v=4MhUbG_L2m0&lc=UgxeG2-5KbyVHb6AMp14AaABAg,"रसुवाबाढीमा हजारौँ बे&#39;पत्ता: इतिहासकै ठुलो बाढीले पुरै रसुवा बगायो, सबै तह&#39;सनहस पार्यो Rasuwa",https://www.youtube.com/watch?v=4MhUbG_L2m0,रसुवा बाढी,not_disaster,,,
ad7a883a30ed,"The landslide caused the Earthquake, not that earthquake caused the landslide & flood afterwards. In Short form it is also called LDOF (Landslide Dam Outburst Flood). Landslide occurred at 8:37 am in the morning. Coordinates of the landslide start: 28.292148, 85.517571 Land debris/ Ice debris fell down from 5200m elevation to 2800m elevation and blocked the river at the confluence of two rivers at this place (28.331608, 85.485585). Water got accumulated at that place for 15 minutes or so and then it burst out from that moraine dam and took everything away on its path downstream. It's mudslide because of that mixture of water and moraine dam debris. If that landslide was identified immediately and the river's blockage was identified at that time via drone inspection and other measures; Many lives would have been saved. People could have evacuated immediately in the span of 20 minutes and climbed nearby hills to elevation higher than HFL. The people who survived mostly anticipated LDOF might occur and evacuated earlier, but the ones who didn't and waited to see the flood rush just to activate their adrenaline & evacuate went missing in many places. The major miss in technological & early warning system was negligence of LDOF occurrence, it should have been inspected immediately & information should've been relayed immediately. Within minutes is what we should have be capable of responding; at least from the Tibetan side. I've researched on similar cases related with TSHO-Rolpa GLOF possibilities & it's wayyy more massive than this.",english,youtube,comment,2026-08-27T14:04:47Z,https://www.youtube.com/watch?v=V5dIZaqFlRA&lc=UgwI4IDZTIQhoso-m614AaABAg,तिब्बतमा भूकम्प नेपालमा बाढी ||The reason behind Rasuwa Flood || SIDHAKURA ||,https://www.youtube.com/watch?v=V5dIZaqFlRA,काठमाडौं बाढी,disaster,other,,
c5b6cef57944,अब नदिका किनारामा बस्ती बसाल्नु हुँदैन नेपालमा प्रायजस्तो रोडहरु नदि किनारामा छन् नदिको नजिक रोड बनाउनु भएन र यस्ता बिपत्ति आउँदा तटबन्ध क्षेत्रमा ठुलो साउन्डको अलट राख्नु पर्छ र आपत्ति आउदा पहाडको भित्तामा भाग्नलाई ठाउँठाउँमा बाटो खोल्नु पर्छ,devanagari,youtube,comment,2026-08-27T14:03:50Z,https://www.youtube.com/watch?v=2Q9nqCljo3g&lc=Ugz2P0RRpvXOJE3QF3p4AaABAg,रसुवामा भीषण बाढी किन आयो ? Dr. Nitesh Khadka सँग कुराकानी,https://www.youtube.com/watch?v=2Q9nqCljo3g,बाढी,disaster,other,,
b9a8428b1085,Timure Nepal school Pani bagako ho sir,romanized_nepali,youtube,comment,2026-08-26T07:46:11Z,https://www.youtube.com/watch?v=OIWtWN3YEa4&lc=UgwLKb5mGw0zO60pg6F4AaABAg,"रसुवामा अहिलेसम्मकै भीषण बाढी, यसरी उर्लिएर आएको थियो बाढी ! Rasuwa Latest Badhi",https://www.youtube.com/watch?v=OIWtWN3YEa4,रसुवा बाढी,disaster,damage,,
b7d7c50e1b4d,1:25 i think that video is ai generated,english,youtube,comment,2026-08-26T22:05:31Z,https://www.youtube.com/watch?v=Ifyi4V68w70&lc=Ugz1a9di7Gy_ViGX8sF4AaABAg,Nepal flash flood engulfs China border: Drone footage and more video shows widespread damage,https://www.youtube.com/watch?v=Ifyi4V68w70,Kathmandu flood 2024,not_disaster,,,
5337cd579a7f,रक्षा गर पशुपतिनाथ,devanagari,youtube,comment,2026-08-26T12:34:36Z,https://www.youtube.com/watch?v=uuNq2nPw-yc&lc=Ugwm8WCF210jCoOPvFp4AaABAg,रसुवागढी बाढी: Rasuwagadi badi update | nepali news | rasuwa badhi news today | badhi pahiro,https://www.youtube.com/watch?v=uuNq2nPw-yc,Nepal badhi pahiro,not_disaster,,,
a2d88f061a04,दुख है इस तबाही के मंजर को देखकर रुह काप गई सोचने पर मजबूर की विकास के नाम पर हमने खुद के लिये ही ऐसी घटनाओं को आमंत्रित किये है वक्त अभी भी है हमने सम्भलजाना चाहिए वरना इससे भी भंयकर मंजर हमे देखने मिलेंगे समझेंगे तो सम्भलेंगे जो लोग इस घटना मे अपनो को खोया निसर्ग उन्हें हिम्मत दे इस दुख को सहन करने,devanagari,youtube,comment,2026-08-27T17:42:05Z,https://www.youtube.com/watch?v=RqjtDeg4fWk&lc=UgwA_X4xXHEKMS23fsJ4AaABAg,"China, Tibet &amp; Nepal Flood Mystery | What Really Triggered The Disaster? 105 Indians Missing !",https://www.youtube.com/watch?v=RqjtDeg4fWk,Nepal monsoon flood,disaster,other,,
3ed7b959bf99,"ॐ शान्ति ,शान्ति ,शान्ति 🕉️🕉️🕉️🇳🇵🇳🇵🇳🇵🙏🙏🙏",devanagari,youtube,comment,2026-09-02T15:16:27Z,https://www.youtube.com/watch?v=7W0ihtNniUs&lc=UgwfwYl7sa8GjQhIZQt4AaABAg,भोटेकोशी बाढी अपडेटः ११ सयको श*व भेटिदा ९५ जनाको मात्रै पहिचान  || Nepal Times,https://www.youtube.com/watch?v=7W0ihtNniUs,भोटेकोशी बाढी,not_disaster,,,
f13a5526acd2,Welcome to live in,english,youtube,comment,2026-09-01T22:05:10Z,https://www.youtube.com/watch?v=qGNc7lY1V30&lc=UgwiCjn9btlNT6gwE3R4AaABAg,6 Saal Ka Bhai Bana Rakshak | Rasuwa Nepal Flood 2026,https://www.youtube.com/watch?v=qGNc7lY1V30,Nepal flood 2026,not_disaster,,,
21bb8bd64445,Thank you for admitting you dont know how many people are missing. It is way more than 4k,english,youtube,comment,2026-09-02T03:45:28Z,https://www.youtube.com/watch?v=mWJLn39EQRY&lc=Ugzow4oUMUs7dXV07XB4AaABAg,Nepal rescue pilot interview &amp; where &#39;body after body&#39; is turning up,https://www.youtube.com/watch?v=mWJLn39EQRY,Nepal flood rescue,disaster,damage,,
46de1feab563,"ठूलो हिमताल छैन,, ice काे पहाड झरो होला भन्नु हुन्छ, आवाज र कम्पन भएको केही बेरमै त्यति टाढाबाट कसरी आयो,, Ice पग्लिन टाइम लाग्छ, नदी थुनिएपनी पनि जम्न टाइम लाग्छ,, कि हिमताल फुटेको हुनुपर्छ,, हैन भने , दालमे कुछ कला है,,😢😢😢",mixed,youtube,comment,2026-08-29T01:11:47Z,https://www.youtube.com/watch?v=2Q9nqCljo3g&lc=UgyUIj7DuzTNj8QKBZ94AaABAg,रसुवामा भीषण बाढी किन आयो ? Dr. Nitesh Khadka सँग कुराकानी,https://www.youtube.com/watch?v=2Q9nqCljo3g,बाढी,disaster,other,,
d58447a26dda,त्यसो हो भने अब भोट कस्लाइ दिने त ?,devanagari,youtube,comment,2026-09-02T13:37:24Z,https://www.youtube.com/watch?v=8AVNZen9lnk&lc=UgwLuPgCkmowBSF0AFR4AaABAg,भोटेकोशी बाढी महा विपत्ती बन्दै ! उद्धार र राहत वितरण गर्दाको तमासालाई बुझौं !,https://www.youtube.com/watch?v=8AVNZen9lnk,भोटेकोशी बाढी,not_disaster,,,
ffa7693f4d09,Des bidesilai dier sab American vako ahile behal vae6 ? Ab America jane holani ?,romanized_nepali,youtube,comment,2026-08-27T18:54:48Z,https://www.youtube.com/watch?v=V5dIZaqFlRA&lc=Ugzu06Hihdg_C6kdaUZ4AaABAg,तिब्बतमा भूकम्प नेपालमा बाढी ||The reason behind Rasuwa Flood || SIDHAKURA ||,https://www.youtube.com/watch?v=V5dIZaqFlRA,काठमाडौं बाढी,disaster,other,,
de09358d7bc7,From Kashmir POJK feeling Nepali people pain. 😢,english,youtube,comment,2026-08-28T12:08:39Z,https://www.youtube.com/watch?v=dc7VSPoZUNE&lc=Ugzc5aIM96b-AvVM4G14AaABAg,"RASUWA FLOOD LIVE: 4 PM LATEST UPDATE | Trishuli on HIGH ALERT, Massive Rescue Operation Underway",https://www.youtube.com/watch?v=dc7VSPoZUNE,Rasuwa flood,disaster,other,,
b14fe45ccd4e,यस्तो फटाह कुरा नगर भाइ बचेको मान्छे किन हिलोमा दुब्न जान्थिस र इमोसनल गफाडी फटाह।,devanagari,youtube,comment,2026-08-31T17:19:23Z,https://www.youtube.com/watch?v=_3pyMK8qqss&lc=UgzpLACvRIqG1csdDMN4AaABAg,जसले म म*र्दैछु बुढी भनेर श्रीमतीलाई भिडियो पठाएका थिए... || RASUWA FLOOD VICTIM STATEMENT ||,https://www.youtube.com/watch?v=_3pyMK8qqss,Rasuwa flood,disaster,other,,
f400c14f5125,​<USER>-s4vनेपाली मा भन्नू English बुझेन ❤। could u explain what u said in Nepali?❤,mixed,youtube,reply,2026-08-28T12:37:12Z,https://www.youtube.com/watch?v=njBnqiiTeZo&lc=Ugz5tsK2NSuLc-pxfOR4AaABAg.Aa1i51fV2MMAa2t4Un56lP,Nepal Flash Flood 2026,https://www.youtube.com/watch?v=njBnqiiTeZo,Nepal flood 2026,not_disaster,,,
33b338aeb077,How can one forget Thianamin square।,mixed,youtube,comment,2026-08-29T15:51:34Z,https://www.youtube.com/watch?v=g99veFdSpOU&lc=UgwfERPCrwZaOudGf714AaABAg,Nepal Landslide: What Really Happened - and Is Balen Shah Out of His Depth?,https://www.youtube.com/watch?v=g99veFdSpOU,Nepal landslide,not_disaster,,,
7b9b157c2d60,​<USER> umm positive ta hola tara yeso samjhim ta genz andolan ko bela bhatbateni lutne haru k tyo bela chai khana shortage thiyo ra tyo bela chai kina chornu😢 Tei ni yesto flood ma bagayera liyako cylinder ma pakauda padkiyo fire lago vane kati pheri manxe marxan😢😢😢,romanized_nepali,youtube,reply,2026-08-28T06:02:03Z,https://www.youtube.com/watch?v=njBnqiiTeZo&lc=UgzAwixZMDMooDehIGR4AaABAg.Aa1xpL6Bt9CAa2ArO1VaeV,Nepal Flash Flood 2026,https://www.youtube.com/watch?v=njBnqiiTeZo,Nepal flood 2026,disaster,other,,
0ab9857472a1,"विपतको बेला विपक्षी दलहरू ,बुद्धि जीबी , नागरिक जस्ले जहाँ बाट जसरी सहयोग गर्न सक्छौं नेपाल सरकारलाई सहयोग गरौं ।",devanagari,youtube,comment,2026-08-26T12:00:11Z,https://www.youtube.com/watch?v=dc7VSPoZUNE&lc=UgyTLfgMNb_yksxbadp4AaABAg,"RASUWA FLOOD LIVE: 4 PM LATEST UPDATE | Trishuli on HIGH ALERT, Massive Rescue Operation Underway",https://www.youtube.com/watch?v=dc7VSPoZUNE,Rasuwa flood,disaster,resource_available,,
817c443c53ef,"That location has been been intensively flooded in the past many times, making it totally unusable, not a good location for high traffic through the mountains. They shouldn't have put so much infrastructure there, I hope they are not thinking of rebuilding at that place again.",english,youtube,reply,2026-08-29T18:28:06Z,https://www.youtube.com/watch?v=oSGumD31w-0&lc=UgxAaF-mBB9w_B6CUSx4AaABAg.Aa5vLGqN6spAa651X0YLb3,New Nepal flood fears loom as overflowing lake threatens another deadly surge,https://www.youtube.com/watch?v=oSGumD31w-0,Melamchi flood,disaster,other,,
d9394209ec3b,"no, ALL the ice will have melted LONG before this moment.",english,youtube,reply,2026-08-30T19:48:15Z,https://www.youtube.com/watch?v=jMifz5l3NZw&lc=Ugz91qCOZWI3grciJcJ4AaABAg.Aa2bqhM_fg1Aa8o-SQXz-A,2 massive boulders displaced by powerful flash flood in Nepal,https://www.youtube.com/watch?v=jMifz5l3NZw,Kathmandu flood 2024,disaster,other,,
dd75da9cb64b,क्या ग्लेशियर कॉलेप्स होने का पता किसी को भी नहीं चला आखिर इतना भारी पानी इकट्ठा हुआ है नदी में काफी दिन लगे होंगे ईतना पानी इकट्ठा होने में तो क्या ईसका किसी को भी पता नहीं चला,devanagari,youtube,comment,2026-09-02T12:58:34Z,https://www.youtube.com/watch?v=zTlJtMz5ESk&lc=UgwEGd3gE-AdejwPoTx4AaABAg,Nepal Flood 2026 | Real cause of Nepal floods? Flood Videos | Madhukar Kotawe #madhukarkotawe #upsc,https://www.youtube.com/watch?v=zTlJtMz5ESk,Nepal monsoon flood,disaster,other,,
ccdf69853267,"Allah Hifazat kre apka desh ko ,,, lkin apke desh k log v rss ki trh kfi nfrti h ...avi kch smye hi dkh chuke h ....😢😢",romanized_nepali,youtube,reply,2026-08-26T17:45:40Z,https://www.youtube.com/watch?v=RqjtDeg4fWk&lc=UgxqKBJ5cGc8sD5wv4d4AaABAg.A_zAImVpVC2A_zHn7IK1Cv,"China, Tibet &amp; Nepal Flood Mystery | What Really Triggered The Disaster? 105 Indians Missing !",https://www.youtube.com/watch?v=RqjtDeg4fWk,Nepal monsoon flood,not_disaster,,,
e51db0208f3c,वालेनको लामो चुसुवा,devanagari,youtube,reply,2026-08-31T05:41:00Z,https://www.youtube.com/watch?v=liBq4Cq6RyU&lc=UgzwFD5yXp7ffj_5Gyd4AaABAg.Aa82brLOtONAa9rpqLWviX,"त्रिवि अस्पतालको शवगृह भरिँदै, रविसँग बाढी प्रभावित क्षेत्रका जनप्रतिनिधिले पोखे गुनासो",https://www.youtube.com/watch?v=liBq4Cq6RyU,काठमाडौं बाढी,not_disaster,,,
4ad228791df3,"Army ra private count garera Balla 38-40 helicopter Nepal ma rahecha, tyahan 20-25 helicopter hola Ani congested re😂",romanized_nepali,youtube,comment,2026-09-02T04:05:47Z,https://www.youtube.com/watch?v=KeM1GzYqlWU&lc=UgyFiMBnj6sPEjL-AJJ4AaABAg,"भोटेकोशी बाढी : सुरुङभित्रबाट LIVE, विश्वकै ध्यान तान्ने बालेनको तयारी, चीनको फोटो, फेरि बाढी ?",https://www.youtube.com/watch?v=KeM1GzYqlWU,बाढी,disaster,other,,
0111ec4c4305,Isilye ki wo am public sote hai apne gharo me jab unko protest karna chhaiye but jab kuch bura na hojaye tab tak kha am admi ko kuch parwa hai,romanized_nepali,youtube,reply,2026-08-28T03:09:04Z,https://www.youtube.com/watch?v=FXMZv1sOBUo&lc=UgzQ0wSCZVoA46t6LI14AaABAg.Aa0c64dmSwaAa1s3Nm63KK,Pt.1- Disaster Waiting To Happen? | Was The Nepal Flood Fury Preventable? | Akash Banerjee,https://www.youtube.com/watch?v=FXMZv1sOBUo,Nepal monsoon flood,not_disaster,,,
882f7d200cf4,"Tyo kukur lai hajur lai bachayo please tyo kukur lai khojnu hos, tyo kukur bagawan Angel ko rup ma ako theyo. Hajur le naya jeewan paunu vako cha. 🙏🙏🙏",romanized_nepali,youtube,comment,2026-09-01T20:15:50Z,https://www.youtube.com/watch?v=_3pyMK8qqss&lc=Ugws-aTfA3-Lw3HvWyJ4AaABAg,जसले म म*र्दैछु बुढी भनेर श्रीमतीलाई भिडियो पठाएका थिए... || RASUWA FLOOD VICTIM STATEMENT ||,https://www.youtube.com/watch?v=_3pyMK8qqss,Rasuwa flood,disaster,other,,
b23748d44c6b,​<USER>-b8c बस इसी नफरत की वजह से पेले जा रहे हो हर जगह😂,mixed,youtube,reply,2026-08-27T17:50:15Z,https://www.youtube.com/watch?v=FXMZv1sOBUo&lc=UgyPj6gbIVxngz59YRt4AaABAg.Aa0OlYVVwBAAa0s6UOWHs1,Pt.1- Disaster Waiting To Happen? | Was The Nepal Flood Fury Preventable? | Akash Banerjee,https://www.youtube.com/watch?v=FXMZv1sOBUo,Nepal monsoon flood,not_disaster,,,
fe0a0c8e65c1,"Udar kariya ramro vayena 110 samsad kota kateraSena bokera hidna sakne russian made sakti sali helicapture kina vat khane talab matra samsad line .Hilicapture on/off basne udne thau des vari banau pranta hatau resque tools kina heli sasastra lai 5, pulis 5 Sena lai 10 heli joda ya kina.International cnn,bbc,al-jajera Resque is dily not distribute not for victim 1fast day mai international help linu parne tho tara stant gari baseu .timiharu lai pugne gari paisa auxa harek nepali ko ghar banauna sakinxa.",romanized_nepali,youtube,comment,2026-09-02T11:23:09Z,https://www.youtube.com/watch?v=KeM1GzYqlWU&lc=UgzrU2EWctXvSb8XBxB4AaABAg,"भोटेकोशी बाढी : सुरुङभित्रबाट LIVE, विश्वकै ध्यान तान्ने बालेनको तयारी, चीनको फोटो, फेरि बाढी ?",https://www.youtube.com/watch?v=KeM1GzYqlWU,बाढी,disaster,other,,
658f815677a8,"Nature does not change, it only creates its own balance.🎉🎉",english,youtube,comment,2026-09-01T04:45:16Z,https://www.youtube.com/watch?v=zTlJtMz5ESk&lc=UgxthnVtpg-cpjcHemZ4AaABAg,Nepal Flood 2026 | Real cause of Nepal floods? Flood Videos | Madhukar Kotawe #madhukarkotawe #upsc,https://www.youtube.com/watch?v=zTlJtMz5ESk,Nepal monsoon flood,disaster,other,,
d0f3a7dfaa41,"I heard the same thing. China was drilling or using explosives for underground highways/transport systems, which may be the cause of the glacier cracking off and causing this nightmare 😢",english,youtube,reply,2026-08-31T01:42:43Z,https://www.youtube.com/watch?v=xqzg5qPBmPE&lc=UgyBKocomLaXTwVDK_B4AaABAg.Aa9JrvHl98XAa9RZa0ODq4,NEW Flash Flood Hits Nepal — TIME RUNNING OUT for 900 TRAPPED in Mountain Tunnels,https://www.youtube.com/watch?v=xqzg5qPBmPE,Melamchi flood,disaster,other,,
2577f1b604d1,😢😢 k hudai cha nepal ma,romanized_nepali,youtube,comment,2026-08-27T02:30:57Z,https://www.youtube.com/watch?v=3vjXw7YTgMQ&lc=UgwCW7dTxWWSvLls36V4AaABAg,Rasuwa badhi pahiro Update :  रसुवा बाढी अपडेट  १९६ बढी जलविद्युत कर्मचारी ?,https://www.youtube.com/watch?v=3vjXw7YTgMQ,रसुवा बाढी,disaster,other,,
2cd1c8c8aa5c,Jay Nepal Jay Nepal Army.,english,youtube,comment,2026-08-30T06:48:36Z,https://www.youtube.com/watch?v=0PJT8KN7wuM&lc=UgxoSOYcJVuvG20TAKh4AaABAg,"बाढी प्रभावित क्षेत्रहरूमा राहत वितरण, खोज तथा उद्धारमा #नेपालीसेना....#BhoteKoshiFlood #nepaliarmy",https://www.youtube.com/watch?v=0PJT8KN7wuM,बाढी,not_disaster,,,
93fb3f9be7c6,यस्ता समूह तुरुन्त खारेज गर्नु पर्छ! नेपाल बिरुद्ध बिस्तारै कस्म गर्ने श्स्क्ती हो!जनतामा नेपाली सेना हो कि भन्ने भ्रम पर्छ!,devanagari,youtube,comment,2026-09-02T02:42:12Z,https://www.youtube.com/watch?v=Iq204O8qskw&lc=Ugy2kzt8XQSnNCtUDfF4AaABAg,रसुवा बाढी प्रभावित क्षेत्रमा देखिएको गृनआर्मी के हो? कुन उदेश्यले संचालितछ ? यसरी बुझौ।।,https://www.youtube.com/watch?v=Iq204O8qskw,रसुवा बाढी,disaster,other,,
ffd0a04460fe,Jyan bachnunai thulo kura ho hjr vagwanlai j manjur thiyo tei garnuvayo,romanized_nepali,youtube,comment,2026-08-30T21:28:07Z,https://www.youtube.com/watch?v=AbLTmMuesxM&lc=UgwDR2r0TGGOGMLZ8vh4AaABAg,Bhotekoshi Flood आफ्नै परिवारले नै बाढीमा फसेका ६ जनाको उद्धार यसरी गर्यो हेर्नुहोस | Nuwakot Nepal,https://www.youtube.com/watch?v=AbLTmMuesxM,Bhotekoshi flood,disaster,other,,
3251a869dce0,हजुर को चै को हो नि ??? प्रभु ??? नेपाल् मा राजसस्था पुनःस्थापन को बारेमा बोलिदिनु होला ...राजा बिरेन्द परिवार को हत्या चै कस्ले गर्या होला ???,devanagari,youtube,comment,2026-09-02T13:47:04Z,https://www.youtube.com/watch?v=Iq204O8qskw&lc=Ugzz8Bw2DijTPufzqNd4AaABAg,रसुवा बाढी प्रभावित क्षेत्रमा देखिएको गृनआर्मी के हो? कुन उदेश्यले संचालितछ ? यसरी बुझौ।।,https://www.youtube.com/watch?v=Iq204O8qskw,रसुवा बाढी,not_disaster,,,
dbb9f3648bec,💔💔💔 RIP ... hope survivors are found,english,youtube,comment,2026-08-30T00:53:28Z,https://www.youtube.com/watch?v=lTnopssAKk4&lc=Ugwze-UAfO9ghGiwSad4AaABAg,Before And After Satellite Photos Capture Destruction Left by Flash Flood in Nepal #shorts,https://www.youtube.com/watch?v=lTnopssAKk4,Nepal monsoon flood,disaster,other,,
f19ce875eafe,K garchau ta bhai sapai lai yehi ktm ma muntinu parcha hai? Aafno gaun ra thaun lai pani KTM banau ne Tira kahile lagayeanau .,romanized_nepali,youtube,comment,2025-07-05T15:04:29Z,https://www.youtube.com/watch?v=LgW6Lu-MIMU&lc=UgwU_FKvkpC5Jl5XSRN4AaABAg,चाेभार गल्छी काण्ड and Flood -  Kathmandu Valley in Danger?,https://www.youtube.com/watch?v=LgW6Lu-MIMU,Kathmandu flood 2024,not_disaster,,,
b301ddbdd42d,"There is related Rasuwa,Nuwakot,Dhading",english,youtube,reply,2026-09-01T14:00:12Z,https://www.youtube.com/watch?v=-uO3rnIXrA4&lc=Ugy6fucbCYJ-AF4eo_54AaABAg.Aa8w74IRB4dAaDKky86uWW,नेपाल में जो हुआ... ये तो अभी शुरुआत है | Nepal Flood 2026,https://www.youtube.com/watch?v=-uO3rnIXrA4,Nepal flood 2026,disaster,other,,
dbf2c4e591f5,"विनाशकारी कोविद - १९ जसले लाखौं को ज्यान लियो , बिस्वभार्को आर्थिक अवस्था तहस नहस पारेर गयो , त्यो China को Wuhan laboratory बाट security को कमजोरी ले निस्केर गएको भनेर एउटा अनुसन्धान ले देखाएको थियो। China ले यो अवस्था धेरै लामो समय सम्म गोप्य नै राख्न खोजेको आरोप लाग्यो, तर नियन्त्रण भन्दा धेरै बाहिर गइ सके पछि मात्र pandemic भयो भनेर WHO ले भन्यो। शुरु मै यो कुरा China ले बिस्व लाइ जानकारी गरेको भए , यसलाई पहिलो चरण मै नियन्त्रण गर्न सक्ने हुन्थ्यो र pandemic हुने थिएन भनेर धेरै बिससग्ये हरुले जोद्संगा कुरा उठायो। China र WHO को अधिकारि हरुलाई US को Congress मा सहित summon गराएर प्रश्न हरु सोधियो , तर China ले यसको कहिले पनि जिम्मेवारी बहन गरेन। हाल को नेपाल को रसुवा को विनाशकारी बाढी China को तिब्बत बाट शुरु भएको निश्चित नै हो , कसरि त्यो बाढी शुरु भयो भन्ने कुरा महत्तो धेरै थिएन जब आपत परि सके पछि , कसरि जिउ र धन को नाश हुन बाट बचाउन सकिन्छ भन्ने महत्तो थियो। अहिले information exchange गर्न येति सजिलो भै सकेको संसार मा China ले नेपाल लाइ घटना हुने बितिक्कै भनि दिएको भए , नेपाली हरु को येति धेरै ज्यान जाने थिएन। यो र कोविद को घटना देख्दा एस्तो लाग्छ कि China जति सुकै धनि र technologically advance भए ता पनि , एस्तो कुरा मा अझ पनि Third World Country को मानसिकता बाट माथि उठ्न सकेको छ जस्तो लाग्दैन।",mixed,youtube,comment,2026-08-26T13:14:39Z,https://www.youtube.com/watch?v=dc7VSPoZUNE&lc=UgzSDiIKc2eqkiBOQTB4AaABAg,"RASUWA FLOOD LIVE: 4 PM LATEST UPDATE | Trishuli on HIGH ALERT, Massive Rescue Operation Underway",https://www.youtube.com/watch?v=dc7VSPoZUNE,Rasuwa flood,not_disaster,,,
18e731a7be05,सही बात सर आप ने मेरे मन और तर्क को बिल्कुल सही बताया Thankyu sir,mixed,youtube,comment,2026-09-01T03:29:26Z,https://www.youtube.com/watch?v=zTlJtMz5ESk&lc=UgxABMwq7vWNj2WGNAB4AaABAg,Nepal Flood 2026 | Real cause of Nepal floods? Flood Videos | Madhukar Kotawe #madhukarkotawe #upsc,https://www.youtube.com/watch?v=zTlJtMz5ESk,Nepal monsoon flood,disaster,other,,
21f75ab1afee,सती ले सरापेको देश मा यस्तै हुन्छ भन्ने चलन छ!! But aaba hami Nepali sakdainau aafno srap firta leu sati jui 😢,mixed,youtube,comment,2026-08-29T20:20:30Z,https://www.youtube.com/watch?v=njBnqiiTeZo&lc=Ugw-4bnzlpWdSD6F5at4AaABAg,Nepal Flash Flood 2026,https://www.youtube.com/watch?v=njBnqiiTeZo,Nepal flood 2026,disaster,other,,
70f41798e5ed,Shut up. I bet you don’t even live in Iran,english,youtube,reply,2024-09-29T20:00:48Z,https://www.youtube.com/watch?v=jwAp8X-kQwM&lc=Ugw3yxI1jJg2uVoJdt14AaABAg.A8zFFOkCJ_pA8zNzkOjZJt,At least 140 dead after Nepal floods,https://www.youtube.com/watch?v=jwAp8X-kQwM,Kathmandu flood 2024,not_disaster,,,
b98b65de86e0,"Best explanation Finally after watching 3..4 videos, I got to know the real reason for the massive flood of Nepal.",english,youtube,comment,2026-08-28T16:11:36Z,https://www.youtube.com/watch?v=dZJvV8OZsx8&lc=UgyGdHyPu3vuWqBjIH94AaABAg,"Nepal Flash Flood: Not an Earthquake, But Glacier Collapse? | Rasuwa Flood Explained",https://www.youtube.com/watch?v=dZJvV8OZsx8,Rasuwa flood,disaster,other,,
81b497405a31,you r anti-Human,english,youtube,reply,2026-08-30T01:49:09Z,https://www.youtube.com/watch?v=-uO3rnIXrA4&lc=Ugyl2TNpv2hqT1edMEJ4AaABAg.Aa6fjWDfvVbAa6sVpF5vV5,नेपाल में जो हुआ... ये तो अभी शुरुआत है | Nepal Flood 2026,https://www.youtube.com/watch?v=-uO3rnIXrA4,Nepal flood 2026,not_disaster,,,
b677ff25591b,"धन्यवाद सम्माननीय प्रधानमन्त्री ज्यू कुरा गरेर काम त छैन, तर - १. ओली भएको भए एक लट हेलिकप्टर निरीक्षण हुन्थ्यो। २. पीडितहरू भूकम्पको समयमा जस्तै सरकारको राहत कुर्दै बसेका हुन्थे। ३. सरकार सुस्त भयो भनेर जनता स्वतःस्फूर्त राहत र उद्धारमा लाग्थे। ४. प्रहरी, प्रशासन र कर्मचारी निर्देशन कुरेर बसिरहेका हुन्थे। मान नमान, अघिल्लो सरकारहरूसँग तुलना गर्दा बालेन सरकारको सक्रियता र तत्परता सराहनीय छ।",devanagari,youtube,comment,2026-08-27T18:00:02Z,https://www.youtube.com/watch?v=8moDJFX_06U&lc=UgzoCnU0tHVTGtLMYUF4AaABAg,अझै छ बाढीको डर ! आँसुमा डुबेको देश - सरकार सक्रिय || Rasuwa Flood Nepal || SIDHAKURA ||,https://www.youtube.com/watch?v=8moDJFX_06U,Rasuwa flood,disaster,other,,
748c225c63be,"नमस्कार🙏 आचार्य प्रशांत जी भी क्लाइमेट चेंज के विषय मे लोगो को जागरूक कर रहे है, आचार्य जी को सुनकर बहुत से लोगो की जिंदगी में बहुत से सकारात्मक बदलाव आए है।आप भी बहुत अच्छा काम करते है, यदि आप आचार्य जी की संस्था को सपोर्ट करे या उनके साथ या उनके ऊपर एक वीडियो बनाये । तो नए लोगो को भी आचार्य जी से जोड़ने में सहायता होगी। आचार्य जी जीवन शिक्षा (life education)के बारे में लोगो को जागरूक कर रहे है। धन्यवाद❤💐🙏",mixed,youtube,comment,2026-08-28T14:30:52Z,https://www.youtube.com/watch?v=FXMZv1sOBUo&lc=UgxmBMXK_hyy6IzTYLl4AaABAg,Pt.1- Disaster Waiting To Happen? | Was The Nepal Flood Fury Preventable? | Akash Banerjee,https://www.youtube.com/watch?v=FXMZv1sOBUo,Nepal monsoon flood,not_disaster,,,
950b2d4b1865,"नेपाल मा शिक्षा र बैज्ञानिक क्षेत्रहरु पुरै राजनीतिकरण भएको छ। अहीले नेपालमा प्राकृतिक भुभार्ग र खनिज उत्खनन बिषय त संसदहरुले पो विवाद गर्छन, जब की नेपालको बैज्ञानिकहरुले पो अध्ययन र विश्लेषण गरेर जनतासमक्ष प्रकाशित हुनु पर्ने। यो देश मा प्राकृतिक प्रकोपहरु जहिले पनि राजनीतिकरण गरिन्छ, पहिले को राजनीतिक सत्ताहरुले यस्तो बेला मा बिदेशी अनुदान आउंदा कमिशन खाने बाटो मात्र बनाएको थियो।",devanagari,youtube,comment,2026-08-28T04:18:05Z,https://www.youtube.com/watch?v=2Q9nqCljo3g&lc=UgzMfOLTBxd4b7Uk0MV4AaABAg,रसुवामा भीषण बाढी किन आयो ? Dr. Nitesh Khadka सँग कुराकानी,https://www.youtube.com/watch?v=2Q9nqCljo3g,बाढी,disaster,other,,
89b39670156b,Ab sahi line pakdi. Aise jamini video banao. Alien vali nhi,english,youtube,comment,2026-09-01T17:30:12Z,https://www.youtube.com/watch?v=X957tSPEZEc&lc=UgzoaYQznyetxt-kA0Z4AaABAg,The Silent Trigger Behind Nepal&#39;s Deadliest Flood,https://www.youtube.com/watch?v=X957tSPEZEc,Melamchi flood,not_disaster,,,
4a3d03a790f6,Baru ali dhukha garne dadama jata tatai koi biw dekhne gari afu pani save huncha. Sukha khojnu lai sabai namma jagga jata vhabi afnu pariwar lai save nahune thauma basnu hudaina hajur ho please.🙏🙏,romanized_nepali,youtube,comment,2026-09-02T03:21:54Z,https://www.youtube.com/watch?v=90iKYyq9HlU&lc=UgxJgpKvRJ_XvFU7vd14AaABAg,Ep:622 | What Caused the Rasuwa Flood? The Real Reason Behind the Disaster | Ramesh Bhushal,https://www.youtube.com/watch?v=90iKYyq9HlU,Rasuwa flood,disaster,other,,
627ad55977e0,It’s heard to watch fr uk,english,youtube,comment,2026-08-31T01:48:28Z,https://www.youtube.com/watch?v=9pUjRIPxQQM&lc=UgztfAuJ-eyYDH56G7l4AaABAg,"&#39;Deserted Markets, Grieving Families&#39;: Nepal Flood Devastation Deepens | Ground Report",https://www.youtube.com/watch?v=9pUjRIPxQQM,Melamchi flood,disaster,other,,
63c62ade74ca,Bhhidyo banaune tamuji,english,youtube,comment,2025-10-09T10:46:41Z,https://www.youtube.com/watch?v=4fbW9V8k7d0&lc=UgyK6-BNLdW5dJ5PmGV4AaABAg,flood after heavy rain #बाढी #पहिरो #landscape #flooding #news #newshorts #nature,https://www.youtube.com/watch?v=4fbW9V8k7d0,पहिरो,not_disaster,,,
821df6f8be77,TRUMP: Climate change is the greatest con job ever perpetrated on the world,english,youtube,comment,2026-08-31T21:07:35Z,https://www.youtube.com/watch?v=SwSDRJvI2wI&lc=UgzkIVXajpUJ4CYd9_B4AaABAg,&#39;Tough reality setting in&#39; on Nepal flood rescue efforts,https://www.youtube.com/watch?v=SwSDRJvI2wI,Nepal flood rescue,disaster,other,REVIEW: Climate-change quote; unclear if about flood cause or off-topic politics,
41702ddc1909,आलु ग्रिह मन्त्रि घिच्नुमात्र जान्ने मसान,devanagari,youtube,comment,2024-09-30T22:16:08Z,https://www.youtube.com/watch?v=7dXU2Anlqlg&lc=UgzHNdMQYBCD1JbMewZ4AaABAg,Nepal Flood Heaviest Rain in 24 Hour - Kathmandu Valley in Danger?,https://www.youtube.com/watch?v=7dXU2Anlqlg,Kathmandu flood 2024,not_disaster,,,
63bec3ae5478,जय सुदन गुड़ ज्यूँ लाई सालम जय जवान ❤😢😢😢😢😢😢,devanagari,youtube,comment,2026-08-29T15:16:02Z,https://www.youtube.com/watch?v=shcQIucF5cY&lc=UgzGBHoaJMvljjLKQVN4AaABAg,रसुवा बाढी: गृहमन्त्री सुदन राति &#39;त्रिशुली ३ ए&#39; सुरुङभित्र छिरेपछि | Rasuwa Flood,https://www.youtube.com/watch?v=shcQIucF5cY,रसुवा बाढी,disaster,other,,
f33bce49c4fc,छलफल ले मात्र हुदैन सेवाको आवश्कताछप्राणबचाउनपर्नेछ।र योजनालाई सूच्छतवरबाट सुनौनिहालौ।,devanagari,youtube,comment,2026-08-26T12:02:44Z,https://www.youtube.com/watch?v=A6GSnstgsJk&lc=UgzcgqDJT3QhNIgZjCF4AaABAg,भोटेकोशी बाढी प्रभावित क्षेत्र ३ महिनासम्म ‘संकटग्रस्त’ घोषणा !- NEWS24 TV,https://www.youtube.com/watch?v=A6GSnstgsJk,भोटेकोशी बाढी,disaster,other,,
c0f22f32a2a5,​<USER> No. But he can make proper housing for those people who are living near the river side. He can preserve the river and stop those projects that hamper the river like making houses and roads. Or at least he can help or support what balen is trying to do. There were no helping hands in so many places that some people died and some people lost their family. He can at least send helping hands in that case. Don't you think he has any of this responsibilities??,english,youtube,reply,2024-09-30T15:21:55Z,https://www.youtube.com/watch?v=jwAp8X-kQwM&lc=UgxKlJUouSM31T7O2aZ4AaABAg.A8zTGBZ7R_iA90Ss--gq7B,At least 140 dead after Nepal floods,https://www.youtube.com/watch?v=jwAp8X-kQwM,Kathmandu flood 2024,disaster,other,,
821d22185735,Nepal le balen ko netritwa khojira x,romanized_nepali,youtube,comment,2024-09-29T12:36:07Z,https://www.youtube.com/watch?v=7dXU2Anlqlg&lc=UgxmQZ36B-1B4OGrDGt4AaABAg,Nepal Flood Heaviest Rain in 24 Hour - Kathmandu Valley in Danger?,https://www.youtube.com/watch?v=7dXU2Anlqlg,Kathmandu flood 2024,not_disaster,,,
2c619598d845,"मै जान्ने, सुन्ने, बुझ्ने सबैथाेक मै भन्ने चरम अहंकारी महा घमण्डि निरंकुश नालायक हरुकाे राज भयापछि बिश्व काे गरिब देशका जनता राम भराेसा मा पर्ने नै भया। आज 8 वाै दिन संम संसार का सुरुङ बिज्ञ बाेलायकाे भया 2 दिन भित्र फसेका निर्दाेष ज्यान हरु सुरक्षित घरमा हुन्थे कि? इतिहास साक्षी छ कठै।। जय नेपाल।।",devanagari,youtube,comment,2026-09-02T04:10:47Z,https://www.youtube.com/watch?v=KeM1GzYqlWU&lc=UgzTHrETvY3UNXm6OtN4AaABAg,"भोटेकोशी बाढी : सुरुङभित्रबाट LIVE, विश्वकै ध्यान तान्ने बालेनको तयारी, चीनको फोटो, फेरि बाढी ?",https://www.youtube.com/watch?v=KeM1GzYqlWU,बाढी,disaster,other,,
ff28df8f7147,"रसुवा, नुवाकोट र धादिङका बाढी प्रभावित क्षेत्रमा फसेका नागरिकहरूको खोज तथा उद्धार कार्यलाई युद्धस्तरमा तीव्र बनाउन सरकार र सम्बन्धित निकायको ध्यानाकर्षण गराउँदछु। आपतमा परेकाहरूलाई तत्काल सुरक्षित स्थान, खाद्यान्न र स्वास्थ्य उपचारको व्यवस्था गरियोस्",devanagari,youtube,comment,2026-08-31T00:31:11Z,https://www.youtube.com/watch?v=7btVdvcrEzc&lc=Ugx6tZSGm56VQSkaRIp4AaABAg,हिमताल विष्फोटनको सुनामी || Himalayan Tsunami Risk | Is the Rasuwa Flood a Warning of Cascade GLOFs?,https://www.youtube.com/watch?v=7btVdvcrEzc,Rasuwa flood,disaster,rescue_needed,,
45bef1662037,Dherai Dherai Dhanyabaad Babu lai.❤,romanized_nepali,youtube,comment,2025-07-06T05:30:52Z,https://www.youtube.com/watch?v=LgW6Lu-MIMU&lc=Ugx-oP0-peNvme9WghF4AaABAg,चाेभार गल्छी काण्ड and Flood -  Kathmandu Valley in Danger?,https://www.youtube.com/watch?v=LgW6Lu-MIMU,Kathmandu flood 2024,not_disaster,,,
2cf3a65938a5,हे भगवान दुखद घटना,devanagari,youtube,comment,2026-08-26T09:51:23Z,https://www.youtube.com/watch?v=4MhUbG_L2m0&lc=UgzliZBHryd10mqf0iB4AaABAg,"रसुवाबाढीमा हजारौँ बे&#39;पत्ता: इतिहासकै ठुलो बाढीले पुरै रसुवा बगायो, सबै तह&#39;सनहस पार्यो Rasuwa",https://www.youtube.com/watch?v=4MhUbG_L2m0,रसुवा बाढी,disaster,other,,
21d4d3851763,Thank you for the well-stated articulation of what we were watching in your presentation. Very nicely done as well as informative.,english,youtube,comment,2026-08-27T03:55:17Z,https://www.youtube.com/watch?v=9ZvUQ7aoehw&lc=UgwBWjle9mBEcWZwZc94AaABAg,Nepal’s Deadly Flash Flood: What Triggered It?,https://www.youtube.com/watch?v=9ZvUQ7aoehw,Nepal landslide,not_disaster,,,
268775856fc4,Nepal army's not coming to helping won people 😢,english,youtube,comment,2024-09-30T11:14:57Z,https://www.youtube.com/watch?v=7dXU2Anlqlg&lc=UgwNE4eajbznCBY3S254AaABAg,Nepal Flood Heaviest Rain in 24 Hour - Kathmandu Valley in Danger?,https://www.youtube.com/watch?v=7dXU2Anlqlg,Kathmandu flood 2024,disaster,other,,
628fcee1325e,Pradesh sarkar ko kam chai k 3ta district ma gako badi pura sanghiya sarkar ley nai garnu parey paxi pradesh sarkar ko k kam ho? K?? Sthaniya taha ta la thik xa tara yo Pradesh sarkar ko kam k ho?? Kasailey vandina paryo,romanized_nepali,youtube,comment,2026-09-02T10:24:52Z,https://www.youtube.com/watch?v=VJryE1DqJUw&lc=UgwNCzxCHEsqOLevbvR4AaABAg,"संसद्मा प्रधानमन्त्रीः बाढीपछिको खोज, उद्धार र राहत बारे दिए यस्तो जानकारी || Nepal Times",https://www.youtube.com/watch?v=VJryE1DqJUw,राहत उद्धार,disaster,other,,
dd01e96d09ab,Sabai ko rakchya garnuhola mata rani 🙏🌺🙏🌼🌺🌼🙏,romanized_nepali,youtube,comment,2026-08-26T08:36:03Z,https://www.youtube.com/watch?v=4MhUbG_L2m0&lc=UgzQqiNcYYpSkKQBp9F4AaABAg,"रसुवाबाढीमा हजारौँ बे&#39;पत्ता: इतिहासकै ठुलो बाढीले पुरै रसुवा बगायो, सबै तह&#39;सनहस पार्यो Rasuwa",https://www.youtube.com/watch?v=4MhUbG_L2m0,रसुवा बाढी,not_disaster,,,
5e4a9ee91610,"This debris flow scoured down to the bedrock, then covered everything in tens of FEET of mud and debris. What kind of ""permanent marker on the terrain"" do you think would have survived?! Or would even still be visible under 30+ FEET of mud and debris?! I don't think you truly understand the scale of what happened. And any secondary exits would have been likely built at roughly the same height as the main entrances, so they would have gotten flooded as well. These facilities are built into the side of the mountains, there are hundreds of feet of mountain rock above them.",english,youtube,reply,2026-09-01T20:01:47Z,https://www.youtube.com/watch?v=5SiCIenyxos&lc=UgxUf20l_tOij9mj25R4AaABAg.AaDLxwpmUFaAaDz8L-GbyD,Nepal tunnel rescue: Geologist maps the deadly conditions,https://www.youtube.com/watch?v=5SiCIenyxos,Nepal flood rescue,disaster,damage,,
b9ad1f60bc95,"Life is unpredictable. Please, if you don't know JESUS, pray this prayer and give your lif to JESUS CHRIST, now. LORD JESUS CHRIST loves you so much. ""Dear GOD Almight In Heaven, I know that I have sinned, and I am sorry for my sins. I believe that JESUS CHRIST IS YOUR SON and that HE died and rose again to save me. Please forgive me all of my sins, and please come into my heart. I choose to follow You as my LORD and SAVIOR from this day forward. In JESUS' NAME I pray, Amen. Hallelujah 🙏",english,youtube,comment,2026-08-28T06:01:46Z,https://www.youtube.com/watch?v=6Y3iQJ9W_o4&lc=Ugy4wXfB2742KhIDBSd4AaABAg,Nepal Landslide Disaster: Dozens Of Americans Among The Missing. What You Need To Know - August 27,https://www.youtube.com/watch?v=6Y3iQJ9W_o4,Nepal landslide,not_disaster,,,
3e8fbe641360,"Really enjoyed how naturally both of you carried the conversation. Would love to see another podcast diving into a more specific topic like sustainable hydropower alternatives and development. Even though many of us aren’t experts in this area, it would be great to pick your brains and learn from the experiences and perspectives you’ve gathered over the years. 🙌",english,youtube,comment,2026-09-02T14:50:59Z,https://www.youtube.com/watch?v=90iKYyq9HlU&lc=UgzSBLgVkH0HM08MInx4AaABAg,Ep:622 | What Caused the Rasuwa Flood? The Real Reason Behind the Disaster | Ramesh Bhushal,https://www.youtube.com/watch?v=90iKYyq9HlU,Rasuwa flood,disaster,other,,
8b65fd8b6afc,Sewa ko namma dharma ko rajnity Banda garau,english,youtube,comment,2026-08-31T04:45:46Z,https://www.youtube.com/watch?v=OX3qvyLoUck&lc=Ugyik5ixTzLrJs-cWJJ4AaABAg,Ground Report: घर र सपना बगाएको विपत्तिमा कसरी सहारा बन्यो &#39;अन्नपूर्णा अभियान&#39;? | SA News Nepal,https://www.youtube.com/watch?v=OX3qvyLoUck,बाढी पहिरो उद्धार,disaster,other,,
f62d4c439709,यो समय भनेको राजनीतिक कुरा गर्ने भन्दा पनि बढी फोकस गरेर राहात वितरण गर्ने तिर लाग्नु भएको भय राम्रो हुने थियो जस्तो लाग्छ मलाई त,devanagari,youtube,comment,2026-09-02T11:50:16Z,https://www.youtube.com/watch?v=c4FKIuzh-ew&lc=Ugynmy6MaMK_U4tcWBt4AaABAg,रसुवा बाढी : लासमाथि राजनीति? | NEPAL FLOOD,https://www.youtube.com/watch?v=c4FKIuzh-ew,रसुवा बाढी,disaster,other,,
c0289739b75a,सबैको रक्षा गरिदिनु पशुपति नाथ प्रभु 🙏🙏🙏🙏🙏,devanagari,youtube,comment,2026-08-26T06:13:26Z,https://www.youtube.com/watch?v=4MhUbG_L2m0&lc=UgyW9cxY-mMPylwWK9N4AaABAg,"रसुवाबाढीमा हजारौँ बे&#39;पत्ता: इतिहासकै ठुलो बाढीले पुरै रसुवा बगायो, सबै तह&#39;सनहस पार्यो Rasuwa",https://www.youtube.com/watch?v=4MhUbG_L2m0,रसुवा बाढी,not_disaster,,,
84ef53240908,मानव सेवा माधव सेवा हो 😢😢😢,devanagari,youtube,comment,2026-08-28T03:34:53Z,https://www.youtube.com/watch?v=8moDJFX_06U&lc=UgyemdZo5N4GgpBIROB4AaABAg,अझै छ बाढीको डर ! आँसुमा डुबेको देश - सरकार सक्रिय || Rasuwa Flood Nepal || SIDHAKURA ||,https://www.youtube.com/watch?v=8moDJFX_06U,Rasuwa flood,disaster,other,,
92e500b0a902,Sant Rampal Ji Maharaj ko Anmol karya,english,youtube,comment,2026-08-30T15:44:01Z,https://www.youtube.com/watch?v=OX3qvyLoUck&lc=UgyFNDMjhZozQdqUu3N4AaABAg,Ground Report: घर र सपना बगाएको विपत्तिमा कसरी सहारा बन्यो &#39;अन्नपूर्णा अभियान&#39;? | SA News Nepal,https://www.youtube.com/watch?v=OX3qvyLoUck,बाढी पहिरो उद्धार,not_disaster,,,
14ba6c315382,दुखद आजकाे बाडि अहिले संम्म नभएको जस्तो लाग्यो,devanagari,youtube,comment,2026-08-26T10:04:54Z,https://www.youtube.com/watch?v=csH4Wydq4w8&lc=Ugw9Mb1w2zV6Fz5AT4x4AaABAg,Rasuwa Flood 1 PM Live Update: Massive Destruction Across Rasuwa | Rescue Operation Underway,https://www.youtube.com/watch?v=csH4Wydq4w8,Rasuwa flood,disaster,other,,
4fd77139a482,प्रकृति को इंसानों ने तबाह कर दिया। आगे आगे देखो होता हे क्या इंसानों सालों 😢😢😢😢😢😢,devanagari,youtube,comment,2026-08-27T11:46:40Z,https://www.youtube.com/watch?v=FXMZv1sOBUo&lc=Ugyvz6gBgr-lag5sOAl4AaABAg,Pt.1- Disaster Waiting To Happen? | Was The Nepal Flood Fury Preventable? | Akash Banerjee,https://www.youtube.com/watch?v=FXMZv1sOBUo,Nepal monsoon flood,disaster,other,,
172359649a30,Sabai bakbas ho tapaiko anbhibyokti sabai ulto bhai raxa,romanized_nepali,youtube,comment,2026-09-02T12:27:34Z,https://www.youtube.com/watch?v=8AVNZen9lnk&lc=UgwFqWqulSohsTfSgBh4AaABAg,भोटेकोशी बाढी महा विपत्ती बन्दै ! उद्धार र राहत वितरण गर्दाको तमासालाई बुझौं !,https://www.youtube.com/watch?v=8AVNZen9lnk,भोटेकोशी बाढी,not_disaster,,,
40dfd1f62626,"Nobody knows how and when our death happens. So always be ready ensuring the life after death in eternal joy through the faith in Jesus Christ the true Almighty Living God 🙏 Acts 4:12 """"Salvation is found in no one else other than JESUS CHRIST, for there is no other name under heaven given to mankind by which we must be saved.” He who believe in Jesus Christ will live even though he dies. Jesus Christ is the Only Way, the Truth, and the Life. Call upon the name of the Lord JESUS CHRIST and save your soul before the death happens 😔🙏🙏🙏🙏",english,youtube,reply,2024-09-30T05:37:01Z,https://www.youtube.com/watch?v=jwAp8X-kQwM&lc=UgwQxhjlqsH2jq_nyn14AaABAg.A8zeGtbmWQ4A9-Pw6ufXc2,At least 140 dead after Nepal floods,https://www.youtube.com/watch?v=jwAp8X-kQwM,Kathmandu flood 2024,not_disaster,,,
baa8832ee496,"आज इंसान ही इंसान की मदत कर रहा है 😊😊😊 कोई भगवान् नही आ रहा है,। देखकर अच्छा लगा 😊😊",devanagari,youtube,comment,2026-08-30T04:48:05Z,https://www.youtube.com/watch?v=FXMZv1sOBUo&lc=UgyBjMx-c5toemGmQJB4AaABAg,Pt.1- Disaster Waiting To Happen? | Was The Nepal Flood Fury Preventable? | Akash Banerjee,https://www.youtube.com/watch?v=FXMZv1sOBUo,Nepal monsoon flood,disaster,other,,
3ec0521082a1,बिल्कुल स्पष्ट और सही जानकारी देने के लिए धन्यवाद ❤❤❤,devanagari,youtube,comment,2026-08-31T15:14:50Z,https://www.youtube.com/watch?v=zTlJtMz5ESk&lc=Ugyr8-SPyrXQs9VejcN4AaABAg,Nepal Flood 2026 | Real cause of Nepal floods? Flood Videos | Madhukar Kotawe #madhukarkotawe #upsc,https://www.youtube.com/watch?v=zTlJtMz5ESk,Nepal monsoon flood,disaster,other,,
3cf82e12370b,That's their problem,english,youtube,comment,2026-08-29T13:39:18Z,https://www.youtube.com/watch?v=qoYad8p28Ak&lc=UgwOtycW7-bZOf8IOiJ4AaABAg,Monsoon season adds threat of &#39;heavy rain&#39; after Nepal floods,https://www.youtube.com/watch?v=qoYad8p28Ak,Nepal monsoon flood,disaster,other,,
d8350864f8ed,Prayer for Nepal 😢,english,youtube,comment,2026-08-31T15:01:50Z,https://www.youtube.com/watch?v=lTnopssAKk4&lc=UgzefEdQcszW7cn8x-V4AaABAg,Before And After Satellite Photos Capture Destruction Left by Flash Flood in Nepal #shorts,https://www.youtube.com/watch?v=lTnopssAKk4,Nepal monsoon flood,disaster,other,,
ac08771d5a54,"Obviously there is a chances of dam formation , no one noticed it for a long time and then later it broke and rest is the story . I got a feeling that this is hidden from public. Avalanche itself can’t be that big that swept all this amount of things that travel that far away . Avalanche happens every year in Annapurna , Everest other mountains.",english,youtube,comment,2026-09-02T12:50:46Z,https://www.youtube.com/watch?v=90iKYyq9HlU&lc=Ugzupkf3oMMhyjkShaN4AaABAg,Ep:622 | What Caused the Rasuwa Flood? The Real Reason Behind the Disaster | Ramesh Bhushal,https://www.youtube.com/watch?v=90iKYyq9HlU,Rasuwa flood,disaster,other,,
2139da328722,How do I donate dai?,english,youtube,comment,2026-08-28T07:00:28Z,https://www.youtube.com/watch?v=njBnqiiTeZo&lc=Ugzt9H3-NK8cPz0lk2x4AaABAg,Nepal Flash Flood 2026,https://www.youtube.com/watch?v=njBnqiiTeZo,Nepal flood 2026,disaster,resource_available,,
edac72500db9,I wish he used less AI slop but good content,english,youtube,comment,2026-09-01T14:33:37Z,https://www.youtube.com/watch?v=90iKYyq9HlU&lc=Ugxrlnq7UxqvSo8Yqzx4AaABAg,Ep:622 | What Caused the Rasuwa Flood? The Real Reason Behind the Disaster | Ramesh Bhushal,https://www.youtube.com/watch?v=90iKYyq9HlU,Rasuwa flood,not_disaster,,,
5fcee2c3e955,संसार कै भाग्यमानी परिवार तपाईं हरुको ❤,devanagari,youtube,comment,2026-08-30T21:23:57Z,https://www.youtube.com/watch?v=AbLTmMuesxM&lc=Ugy7RpmWPvx2LM04lc94AaABAg,Bhotekoshi Flood आफ्नै परिवारले नै बाढीमा फसेका ६ जनाको उद्धार यसरी गर्यो हेर्नुहोस | Nuwakot Nepal,https://www.youtube.com/watch?v=AbLTmMuesxM,Bhotekoshi flood,disaster,other,,
39e9055be716,God bless u all 🙏🙏🙏,english,youtube,comment,2026-08-30T13:05:30Z,https://www.youtube.com/watch?v=AbLTmMuesxM&lc=UgwmOGC_vMKKj2RMMYl4AaABAg,Bhotekoshi Flood आफ्नै परिवारले नै बाढीमा फसेका ६ जनाको उद्धार यसरी गर्यो हेर्नुहोस | Nuwakot Nepal,https://www.youtube.com/watch?v=AbLTmMuesxM,Bhotekoshi flood,not_disaster,,,
a7b99af693e2,China ko dyam futera Ako badi ho😢😢,romanized_nepali,youtube,comment,2026-08-26T17:01:33Z,https://www.youtube.com/watch?v=dc7VSPoZUNE&lc=UgwjkShSS8HuBy_m9hl4AaABAg,"RASUWA FLOOD LIVE: 4 PM LATEST UPDATE | Trishuli on HIGH ALERT, Massive Rescue Operation Underway",https://www.youtube.com/watch?v=dc7VSPoZUNE,Rasuwa flood,disaster,other,,
0c7fb69f3776,कुटनैतिक सम्बन्ध मार्फत जानकारी लिन सकिँदैन र,devanagari,youtube,comment,2026-08-27T16:32:44Z,https://www.youtube.com/watch?v=2Q9nqCljo3g&lc=Ugyfs4W82qMI3hFHWmR4AaABAg,रसुवामा भीषण बाढी किन आयो ? Dr. Nitesh Khadka सँग कुराकानी,https://www.youtube.com/watch?v=2Q9nqCljo3g,बाढी,disaster,other,,
b2b9a72dba63,​​<USER> suchana dine le badhi aaudaix vhanepaxi aafu sachet hune ho ra surakxit thauma jane ho badhi aauda pani badhi ko purai parichay dinu parne hora kasto buddhi vhayeko manxe timi yarr vhukampa badhi vhaneko sano thulo hudaina manab xeti garekai hunx vhukampa ra badhi aauda sano ho ki thulo ho vhanera bichar garne hoina samay ma nai bachne ra bachaune ho,romanized_nepali,youtube,reply,2026-08-31T02:17:38Z,https://www.youtube.com/watch?v=vtVYqWRSIQw&lc=Ugz88l0fNYdDEDl2uy94AaABAg.Aa2Ah-ECPJNAa9VZImz7u6,अकस्मात बाढी आउँदा के भयो ? प्रत्यक्षदर्शीले सुनाए आँखैअगाडिको भयावह दृश्य | Flood Report,https://www.youtube.com/watch?v=vtVYqWRSIQw,बाढी,disaster,other,,
170ab5d95595,This is not the right place to build homes..,english,youtube,comment,2026-08-30T20:57:22Z,https://www.youtube.com/watch?v=BUlRARj-l_U&lc=UgwQC-RDSEZIiWrp2uJ4AaABAg,"Nepal Flood Horror: 567 Dead, Nearly 2,000 Missing | Rasuwa Villages Devastated | News18",https://www.youtube.com/watch?v=BUlRARj-l_U,Nepal landslide,disaster,other,,
d1a2401bbc89,Australia has committed more than $1.8 billion in total assistance to Ukraine to kill innocent people. European institutions and member countries have allocated over $235 billion...and the U.S. Congress $195 billion...,english,youtube,reply,2026-08-28T01:59:50Z,https://www.youtube.com/watch?v=10Bfoy6sWOM&lc=UgzFRIJA0Ufab0hxaZZ4AaABAg.Aa1Ou0cSBOpAa1k8MYJlYq,Hundreds feared dead after Nepal flood disaster | Today Show Australia,https://www.youtube.com/watch?v=10Bfoy6sWOM,Nepal landslide,not_disaster,,,
08a3f21e1976,Thyo dauma basobas nagarnu hola 🙏🙏🙏,english,youtube,comment,2026-08-31T05:26:44Z,https://www.youtube.com/watch?v=OX3qvyLoUck&lc=Ugyz9vunsFNwxsRReql4AaABAg,Ground Report: घर र सपना बगाएको विपत्तिमा कसरी सहारा बन्यो &#39;अन्नपूर्णा अभियान&#39;? | SA News Nepal,https://www.youtube.com/watch?v=OX3qvyLoUck,बाढी पहिरो उद्धार,disaster,other,,
7142093769e0,ISRAEL KO JASTO SIREN SYSTEM HUNU PARXA ESTO THAU HARU MA,romanized_nepali,youtube,comment,2026-08-28T02:00:01Z,https://www.youtube.com/watch?v=njBnqiiTeZo&lc=UgzMHWUVga3LrZdKo1d4AaABAg,Nepal Flash Flood 2026,https://www.youtube.com/watch?v=njBnqiiTeZo,Nepal flood 2026,disaster,other,,
1f839baf5f17,kp pm bhayasi khali itanda hoit.,english,youtube,comment,2024-09-29T08:34:07Z,https://www.youtube.com/watch?v=7dXU2Anlqlg&lc=UgyHg_z9rZLSntk9vFp4AaABAg,Nepal Flood Heaviest Rain in 24 Hour - Kathmandu Valley in Danger?,https://www.youtube.com/watch?v=7dXU2Anlqlg,Kathmandu flood 2024,not_disaster,,,
335a20749cce,Dai yo Nepal ko other district ma pni asar parna sakxa jankarii pauu,romanized_nepali,youtube,comment,2026-08-26T09:26:33Z,https://www.youtube.com/watch?v=csH4Wydq4w8&lc=UgxuLow-ywg0gQWXmNZ4AaABAg,Rasuwa Flood 1 PM Live Update: Massive Destruction Across Rasuwa | Rescue Operation Underway,https://www.youtube.com/watch?v=csH4Wydq4w8,Rasuwa flood,disaster,other,,
e4170542edac,नेपालमा धेरै भ्रटचार र पापी हरु को सख्या धेरै भयो। 😢अझै केके हुने हो खै अब 😢,devanagari,youtube,comment,2024-09-30T05:32:53Z,https://www.youtube.com/watch?v=7dXU2Anlqlg&lc=UgzE1968JxF7RTH2CXJ4AaABAg,Nepal Flood Heaviest Rain in 24 Hour - Kathmandu Valley in Danger?,https://www.youtube.com/watch?v=7dXU2Anlqlg,Kathmandu flood 2024,disaster,other,,
ec56c3fda874,Mlai euta pni ghatana thaha thiyena tra... 2026 ko bhne sara Bharat bhari news failiyeko cha...30 August 2026.... Assam India,romanized_nepali,youtube,comment,2026-08-29T19:35:21Z,https://www.youtube.com/watch?v=7btVdvcrEzc&lc=UgwB5jT-Nt2XTIr_1rp4AaABAg,हिमताल विष्फोटनको सुनामी || Himalayan Tsunami Risk | Is the Rasuwa Flood a Warning of Cascade GLOFs?,https://www.youtube.com/watch?v=7btVdvcrEzc,Rasuwa flood,disaster,other,,
46418af2007c,"Holy shit, I just saw videos on reddit showing hundreds of people being swept away 🤯 I thought it was AI and came to check, Jesus Christ this is like a disaster movie",english,youtube,comment,2026-08-26T13:59:02Z,https://www.youtube.com/watch?v=6Lj7GumgvIQ&lc=UgxBIpLn6DCq-rG4J154AaABAg,Nepal Flash Flood Disaster Causes Damage: Heavy Casualties Feared | WION Breaking,https://www.youtube.com/watch?v=6Lj7GumgvIQ,Kathmandu flood 2024,disaster,other,,
e1d07af211e5,Pure nepali ma vannu paryo ta ki sabai nepali le bujna jaruri xa badi eng word vayo vai haru ko.,romanized_nepali,youtube,comment,2026-09-02T03:18:22Z,https://www.youtube.com/watch?v=90iKYyq9HlU&lc=UgyMP-e3t-VOPVIPezh4AaABAg,Ep:622 | What Caused the Rasuwa Flood? The Real Reason Behind the Disaster | Ramesh Bhushal,https://www.youtube.com/watch?v=90iKYyq9HlU,Rasuwa flood,not_disaster,,,
5cb731dfb91a,संकटको समयमा भगवान नै सहारा।😢😢,devanagari,youtube,comment,2026-08-30T14:14:57Z,https://www.youtube.com/watch?v=OX3qvyLoUck&lc=Ugwn2jC-NWtTktxQthB4AaABAg,Ground Report: घर र सपना बगाएको विपत्तिमा कसरी सहारा बन्यो &#39;अन्नपूर्णा अभियान&#39;? | SA News Nepal,https://www.youtube.com/watch?v=OX3qvyLoUck,बाढी पहिरो उद्धार,disaster,other,,
8c9166da4dd2,​<USER> I am Indian brothers. Your original comment look liye you criticize india for zero help But now I realised that you are taking about this al jazeera's country,english,youtube,reply,2026-08-31T09:21:13Z,https://www.youtube.com/watch?v=ocZ2KvO1480&lc=Ugy4x8fmNQazvjt7Y3N4AaABAg.Aa86JG4R4UOAaAG1minRiP,Road collapses in Nepal landslide four days after floods | AJ #shorts,https://www.youtube.com/watch?v=ocZ2KvO1480,Nepal landslide,not_disaster,,,
dbc5fd28ef8b,देशलाई बिपत आपत परेको बेला परिसकेको बेलामा त दल पार्टी मात्रै हैन सारा देशवासी नै जहॅा आवश्यकता परेका स्थान अवस्था छ सम्बन्धित खुद त्यही ठाउॅमा साथ सहयोग गर्नुर्दछ तर समस्या परिसकेपछि भन्दा पनि पर्नु भन्दा अगाडि नै सारा दल पार्टी बु्द्धि जीवि विद्धवानहरु सम्बन्धित सम्बन्धि ठाउॅ स्बिभिन्न स्थान बिषय बिशेषको बारेमा बैठक सभा बसी गहनरुपमा छलफल गरेर बिभिन्न बिगतमा घटिसकेको घटनाबाट पाठ सिकी यस्तो जोखिम्पूर्ण स्थानहरुमा पूर्ण निरीक्षण सर्वेक्षण गरेर के कसरी हुन्छ यस्तो बिपत हुन बाट बच्न बाच्न बचाउॅन सक्ने पूर्व सशक्त उपायहरु विधिहरु सूचनाहरु पाउन सक्ने विधिहरु अपनाउन सके यस्तो दुखद धन जन संरचनाहरु नै क्षतिग्रस्त हुनसक्ने घटना बाट विधि सूचना उपायहरु सरकारबाट यी सब प्रबन्ध मिलाउनुपर्दछ जस्तो मलाई लाग्दछ 🙏🙏🙏,devanagari,youtube,comment,2026-08-28T04:19:18Z,https://www.youtube.com/watch?v=8moDJFX_06U&lc=UgyNrw05GzEcGM9uXV14AaABAg,अझै छ बाढीको डर ! आँसुमा डुबेको देश - सरकार सक्रिय || Rasuwa Flood Nepal || SIDHAKURA ||,https://www.youtube.com/watch?v=8moDJFX_06U,Rasuwa flood,disaster,other,,
60860e851009,"राजेन्द्र शर्मा,भरत दाहाल र बुद्धछिरिंग मोक्तानबारे के छ यंहाको धाराणा?🙏",devanagari,youtube,comment,2026-09-02T02:28:25Z,https://www.youtube.com/watch?v=Iq204O8qskw&lc=UgzoBhD8-YJW3sgiPvZ4AaABAg,रसुवा बाढी प्रभावित क्षेत्रमा देखिएको गृनआर्मी के हो? कुन उदेश्यले संचालितछ ? यसरी बुझौ।।,https://www.youtube.com/watch?v=Iq204O8qskw,रसुवा बाढी,not_disaster,,,
8a97ae72b77d,"Blame the government, aru thau ko awastha ramro vayeko vaye they would have loved to stay theere",romanized_nepali,youtube,reply,2025-07-15T11:12:56Z,https://www.youtube.com/watch?v=LgW6Lu-MIMU&lc=UgwU_FKvkpC5Jl5XSRN4AaABAg.AKCFrauSWRtAKaaJU9xN7I,चाेभार गल्छी काण्ड and Flood -  Kathmandu Valley in Danger?,https://www.youtube.com/watch?v=LgW6Lu-MIMU,Kathmandu flood 2024,disaster,other,,
054ea6030c14,Don't like... Nature God same.... Don't go to anywhere in North India between June to December.... your life is not safe... everyone suffer because of u...,english,youtube,comment,2026-08-28T14:11:55Z,https://www.youtube.com/watch?v=q_jkqMqzYI0&lc=Ugzwj1djfHLOtMLlOXt4AaABAg,Nepal Flood: Families Return To Find Entire Villages Wiped Out,https://www.youtube.com/watch?v=q_jkqMqzYI0,Nepal monsoon flood,disaster,warning,,
038969af8200,May Allah give strength to all the people who are affected by this natural disaster.,english,youtube,reply,2026-08-27T12:11:53Z,https://www.youtube.com/watch?v=FXMZv1sOBUo&lc=UgzmUapPulWToSdq3dF4AaABAg.Aa0DW_1kzgiAa0GOGVqaO2,Pt.1- Disaster Waiting To Happen? | Was The Nepal Flood Fury Preventable? | Akash Banerjee,https://www.youtube.com/watch?v=FXMZv1sOBUo,Nepal monsoon flood,disaster,other,,
8fbc5d8029d3,Jis jagah se wo Glacier melt hua hai us side sun lite tak nahi jaati us peak ke beech or neeche wale hisse pe tak Glacier hai this is utter nonsense this done by Chinese unhone river direction change kr human settlement ki hai waha pe or iske baare kisi ko kuch batate hi nahi hai or wahan ke ecology ko bhi damage kiya apne village settlement ke naam pe. Nahi to 17000 ft ki height se 4000 ton ka Glacier immediately nahi gir sakta.,romanized_nepali,youtube,comment,2026-08-27T11:24:30Z,https://www.youtube.com/watch?v=dZJvV8OZsx8&lc=UgzMlw57_OyLJG5s2Uh4AaABAg,"Nepal Flash Flood: Not an Earthquake, But Glacier Collapse? | Rasuwa Flood Explained",https://www.youtube.com/watch?v=dZJvV8OZsx8,Rasuwa flood,disaster,other,,
88841be2723d,Jay Sudan Gurung,english,youtube,comment,2026-08-29T10:46:30Z,https://www.youtube.com/watch?v=shcQIucF5cY&lc=UgxUk36aGX12ZJAgQ5V4AaABAg,रसुवा बाढी: गृहमन्त्री सुदन राति &#39;त्रिशुली ३ ए&#39; सुरुङभित्र छिरेपछि | Rasuwa Flood,https://www.youtube.com/watch?v=shcQIucF5cY,रसुवा बाढी,disaster,other,,
943995be8826,Purano party ko jhole haru vanda ghanti ko andhabhakta haru le chamatkar dekhauxan. 😂,romanized_nepali,youtube,reply,2026-08-27T04:50:41Z,https://www.youtube.com/watch?v=csH4Wydq4w8&lc=Ugw4006Qoimj3kyZ0Ot4AaABAg.A_yS-CwF2S1Aa-TtmPwc3-,Rasuwa Flood 1 PM Live Update: Massive Destruction Across Rasuwa | Rescue Operation Underway,https://www.youtube.com/watch?v=csH4Wydq4w8,Rasuwa flood,not_disaster,,,
2b9196ac8a62,Suchana dinele ni Ali ramro saga dinuparthyo tal futera thulo badi aaudaixa vannuparthyo badhi aaudaixa matra vaexa ani tetro badhi aauxa vanera kasle sochxa?,romanized_nepali,youtube,reply,2026-08-30T02:05:11Z,https://www.youtube.com/watch?v=vtVYqWRSIQw&lc=Ugz88l0fNYdDEDl2uy94AaABAg.Aa2Ah-ECPJNAa6uLFsRSfW,अकस्मात बाढी आउँदा के भयो ? प्रत्यक्षदर्शीले सुनाए आँखैअगाडिको भयावह दृश्य | Flood Report,https://www.youtube.com/watch?v=vtVYqWRSIQw,बाढी,disaster,other,,
d9ee4eb2ea5b,Sabai janta Le tax terau ra jhole neta Lai jetau,romanized_nepali,youtube,comment,2024-09-29T14:56:24Z,https://www.youtube.com/watch?v=7dXU2Anlqlg&lc=UgytgUfCsmOTAicUEO54AaABAg,Nepal Flood Heaviest Rain in 24 Hour - Kathmandu Valley in Danger?,https://www.youtube.com/watch?v=7dXU2Anlqlg,Kathmandu flood 2024,not_disaster,,,
d6c59a17d520,Never have never will,english,youtube,reply,2026-08-30T04:36:00Z,https://www.youtube.com/watch?v=oSGumD31w-0&lc=UgwLOy02tRHn6XX2E-54AaABAg.Aa6N4Xw1z8wAa7AarfQP07,New Nepal flood fears loom as overflowing lake threatens another deadly surge,https://www.youtube.com/watch?v=oSGumD31w-0,Melamchi flood,not_disaster,,,
09b0027a02e4,त्यतापनि खाेलाथुनियजस्ताे छ,devanagari,youtube,comment,2026-08-31T13:44:22Z,https://www.youtube.com/watch?v=5Rauna3WMdM&lc=Ugy8xe5RKiBCPSr7Azt4AaABAg,गोरखाको चौरीखर्कस्थित छेकम्पारमा गएको पहिरो,https://www.youtube.com/watch?v=5Rauna3WMdM,पहिरो,disaster,warning,"REVIEW: 'River seems blocked over there too' — possible warning, referent unclear",
67817ed33b82,Parmeshor pita dhanebat sabai lai raxya gardinu😭😭😭😭🙏🙏🙏🙏,romanized_nepali,youtube,comment,2026-08-26T06:20:26Z,https://www.youtube.com/watch?v=4MhUbG_L2m0&lc=UgxSyd-oRgWKEEYRelh4AaABAg,"रसुवाबाढीमा हजारौँ बे&#39;पत्ता: इतिहासकै ठुलो बाढीले पुरै रसुवा बगायो, सबै तह&#39;सनहस पार्यो Rasuwa",https://www.youtube.com/watch?v=4MhUbG_L2m0,रसुवा बाढी,not_disaster,,,
387459ece28c,भूकम्प आएको चाहिँ सही होइन यो झुटो हो। हिमपातको बराब फुटेर चाहिँ हुनसक्छ,devanagari,youtube,comment,2026-08-27T13:02:09Z,https://www.youtube.com/watch?v=V5dIZaqFlRA&lc=Ugxwblr8SKyRbpYt1rN4AaABAg,तिब्बतमा भूकम्प नेपालमा बाढी ||The reason behind Rasuwa Flood || SIDHAKURA ||,https://www.youtube.com/watch?v=V5dIZaqFlRA,काठमाडौं बाढी,disaster,other,,
c96e597c07f0,Painful incident 🙏Nature & human. Thanks sir.,english,youtube,comment,2026-08-30T13:45:34Z,https://www.youtube.com/watch?v=RqjtDeg4fWk&lc=UgwMlDGOFAHlx8RDexV4AaABAg,"China, Tibet &amp; Nepal Flood Mystery | What Really Triggered The Disaster? 105 Indians Missing !",https://www.youtube.com/watch?v=RqjtDeg4fWk,Nepal monsoon flood,disaster,other,,
c33c83b60e0c,"सर ,मैं बिहार के पश्चिमी चम्पारण के बेतिया - बगहा से हूँ । यहाँ इस समय पानी आ चुकी है । धीरे धीरे जल स्तर बढ़ रही है । लेकिन हमें घबराने की जरूरत नहीं है । हमें सतर्क रहना होगा । क्योकि ये आपदा तो हमारी नियती बन चुकी है । यह हर साल की कहानी है । ईश्वर हम सब को इस मुसिबत से बचाए",devanagari,youtube,comment,2026-08-26T16:41:30Z,https://www.youtube.com/watch?v=RqjtDeg4fWk&lc=Ugw0lfsRm-w6ngvHL7h4AaABAg,"China, Tibet &amp; Nepal Flood Mystery | What Really Triggered The Disaster? 105 Indians Missing !",https://www.youtube.com/watch?v=RqjtDeg4fWk,Nepal monsoon flood,disaster,warning,,
0038c3452f3e,राम्रो काम गर्नेु भएको छ❤❤❤❤❤,devanagari,youtube,comment,2026-08-29T09:01:59Z,https://www.youtube.com/watch?v=shcQIucF5cY&lc=Ugzg35vHEZaYzJCWj0N4AaABAg,रसुवा बाढी: गृहमन्त्री सुदन राति &#39;त्रिशुली ३ ए&#39; सुरुङभित्र छिरेपछि | Rasuwa Flood,https://www.youtube.com/watch?v=shcQIucF5cY,रसुवा बाढी,not_disaster,,,
b3914738fab1,🚩🇳🇵दैव को लिला अनौठो रहेछ 🙏😢,devanagari,youtube,comment,2026-08-30T14:11:09Z,https://www.youtube.com/watch?v=AbLTmMuesxM&lc=Ugy4it03n6Vt_c3fPJd4AaABAg,Bhotekoshi Flood आफ्नै परिवारले नै बाढीमा फसेका ६ जनाको उद्धार यसरी गर्यो हेर्नुहोस | Nuwakot Nepal,https://www.youtube.com/watch?v=AbLTmMuesxM,Bhotekoshi flood,disaster,other,,
93ebcc31c6f6,"Aviation sanga related dhere jasto Lai thaha huncha nischit flight hour pachi helicopter maintenance garna parcha bhanera, rasuwa dekhin Kathmandu pugauna bhanda Pani temporary airbase pugaune, dhere trip garne Ani tyahan dekhin road dekhin Kathmandu pugaune ho. Ke ho ke ho",romanized_nepali,youtube,reply,2026-09-02T10:00:46Z,https://www.youtube.com/watch?v=KeM1GzYqlWU&lc=UgyFiMBnj6sPEjL-AJJ4AaABAg.AaEqXEIaMz8AaFU98SKZ0_,"भोटेकोशी बाढी : सुरुङभित्रबाट LIVE, विश्वकै ध्यान तान्ने बालेनको तयारी, चीनको फोटो, फेरि बाढी ?",https://www.youtube.com/watch?v=KeM1GzYqlWU,बाढी,disaster,other,,
4d784e7ee40d,Khola teo pani him khola ani yo manxe haru lai tei gayera basnu parne kina hola?,romanized_nepali,youtube,comment,2026-08-30T15:16:06Z,https://www.youtube.com/watch?v=Aqu5lPLHUPU&lc=UgzWwc_Q5ZK21qtWV4d4AaABAg,"बाढीपछि बिल्लबाठ बेत्रावती, चहलपहलको बजार ‘अकल्पनीय बाढी’ले बन्यो भग्नावशेष | Deshsanchar",https://www.youtube.com/watch?v=Aqu5lPLHUPU,काठमाडौं बाढी,disaster,other,,
9775a8f7afae,मेरो पनि तर आफ्नै देशको लागि विश्लेषण गर्न यत्रो दिन लाग्दछ र,devanagari,youtube,reply,2026-08-29T17:12:59Z,https://www.youtube.com/watch?v=7btVdvcrEzc&lc=Ugxv73cKEEGTrlCqIgt4AaABAg.Aa5imPjP8VOAa5xRGnB5NT,हिमताल विष्फोटनको सुनामी || Himalayan Tsunami Risk | Is the Rasuwa Flood a Warning of Cascade GLOFs?,https://www.youtube.com/watch?v=7btVdvcrEzc,Rasuwa flood,disaster,other,,
bb2208a97611,"The Chinese government was presumably concerned by Nepal's decision to invite the Dalai Lama, viewing the gesture as a challenge to its regional influence. In response to these geopolitical tensions, devotees look to the divine, praying that Lord Shiva might awaken from his profound meditation to intervene and completely destroy the opposing forces.",english,youtube,comment,2026-08-31T14:35:55Z,https://www.youtube.com/watch?v=OX3qvyLoUck&lc=UgxR7atNHnhYMUB_wid4AaABAg,Ground Report: घर र सपना बगाएको विपत्तिमा कसरी सहारा बन्यो &#39;अन्नपूर्णा अभियान&#39;? | SA News Nepal,https://www.youtube.com/watch?v=OX3qvyLoUck,बाढी पहिरो उद्धार,disaster,other,"REVIEW: Geopolitical/religious framing (Dalai Lama, Shiva); disaster link unclear",
54a4b241f31f,Yo spp ko Naya module jasto xa,romanized_nepali,youtube,comment,2026-09-02T01:50:40Z,https://www.youtube.com/watch?v=Iq204O8qskw&lc=UgxS2jy8F1qTBENICEF4AaABAg,रसुवा बाढी प्रभावित क्षेत्रमा देखिएको गृनआर्मी के हो? कुन उदेश्यले संचालितछ ? यसरी बुझौ।।,https://www.youtube.com/watch?v=Iq204O8qskw,रसुवा बाढी,not_disaster,,,
3814b8917449,"Ekdam sahi ho, Ramro gyan bhayeka biddhwan lai side lagaune ra nikamma bhadama bikne kathit biddhwanharulai matrai thaun dine parampara ko aba chahi antya huna jarurixa...??",romanized_nepali,youtube,reply,2026-08-28T12:08:03Z,https://www.youtube.com/watch?v=2Q9nqCljo3g&lc=UgzMfOLTBxd4b7Uk0MV4AaABAg.Aa1zxxGotIcAa2pk4KX_pv,रसुवामा भीषण बाढी किन आयो ? Dr. Nitesh Khadka सँग कुराकानी,https://www.youtube.com/watch?v=2Q9nqCljo3g,बाढी,disaster,other,,
f0efc6c9e90d,Nice video...I hope the authorities find the permanent solution of the flooding,english,youtube,comment,2025-07-05T17:11:59Z,https://www.youtube.com/watch?v=LgW6Lu-MIMU&lc=UgyQGzsKCUSzviZZW5t4AaABAg,चाेभार गल्छी काण्ड and Flood -  Kathmandu Valley in Danger?,https://www.youtube.com/watch?v=LgW6Lu-MIMU,Kathmandu flood 2024,disaster,other,,
8e33c15c72ce,तपाईंं हरु पनि चिनिँया मिडियामा लेख्ने गरौं,devanagari,youtube,comment,2026-09-01T14:33:53Z,https://www.youtube.com/watch?v=G6L0zXYDtRo&lc=Ugwj-6fYgLLBnSkvMG14AaABAg,"चीनको चेतावनी : छोचेन आसपास हिमनदी भत्किए ठूलो जोखिम, राहत र उद्धार जारी | Prime Time",https://www.youtube.com/watch?v=G6L0zXYDtRo,राहत उद्धार,disaster,other,,
349bdcda94d8,Yo Vedio banau yati time ani arko dekh vane dinkai Lou hjur Chanel ni mane,english,youtube,comment,2026-08-30T07:53:45Z,https://www.youtube.com/watch?v=7btVdvcrEzc&lc=Ugy8Xu39foDJwYmA2xZ4AaABAg,हिमताल विष्फोटनको सुनामी || Himalayan Tsunami Risk | Is the Rasuwa Flood a Warning of Cascade GLOFs?,https://www.youtube.com/watch?v=7btVdvcrEzc,Rasuwa flood,not_disaster,,,
84397457c342,टेक्टोनिक प्लेट टूट रही है धरती की वहां नेपाल हरियाणा उत्तराखंड उत्तर प्रदेश के नीचे आ रही है आगे ओर भी तबाही आयेगी,devanagari,youtube,comment,2026-09-01T06:24:22Z,https://www.youtube.com/watch?v=-uO3rnIXrA4&lc=UgwV_rEhPuFkGnTb68p4AaABAg,नेपाल में जो हुआ... ये तो अभी शुरुआत है | Nepal Flood 2026,https://www.youtube.com/watch?v=-uO3rnIXrA4,Nepal flood 2026,disaster,warning,,
71aaf23c960b,Congratulations dai 💐 God please you,english,youtube,comment,2026-09-01T07:10:32Z,https://www.youtube.com/watch?v=_3pyMK8qqss&lc=Ugz6JJWHBrTw7ffA97p4AaABAg,जसले म म*र्दैछु बुढी भनेर श्रीमतीलाई भिडियो पठाएका थिए... || RASUWA FLOOD VICTIM STATEMENT ||,https://www.youtube.com/watch?v=_3pyMK8qqss,Rasuwa flood,not_disaster,,,
c90ebd130c70,बात आपकी सही है पर प्रकृतीस से ही हमारा जीवन चलता है और हम प्रकृती को ही खतम करेंगे तो क्या होगा भाई,devanagari,youtube,reply,2026-09-01T21:32:33Z,https://www.youtube.com/watch?v=-uO3rnIXrA4&lc=Ugw2yUWsvhlLU1E8Sd14AaABAg.Aa8Z4ZNZIq8AaE8X3By_ds,नेपाल में जो हुआ... ये तो अभी शुरुआत है | Nepal Flood 2026,https://www.youtube.com/watch?v=-uO3rnIXrA4,Nepal flood 2026,disaster,other,,
7f5e4cc46fd9,​<USER>ोला मिचने को लागि हुनुपर्छ. किनकी जन घन को छेति सबै नेपाली को नोक्सान हुन्छ,mixed,youtube,reply,2026-08-27T13:05:13Z,https://www.youtube.com/watch?v=2Q9nqCljo3g&lc=UgyImQnUW9KwKDQcRT54AaABAg.Aa044Ckg-ncAa0MUtcmvt0,रसुवामा भीषण बाढी किन आयो ? Dr. Nitesh Khadka सँग कुराकानी,https://www.youtube.com/watch?v=2Q9nqCljo3g,बाढी,disaster,other,,
11c2d6b179c4,अच्छा जैसे हमें पता ही नहीं होगा अबे आचार्य जी तो शहरी हैं मै खुद पहाड़ी हूं मुझे नहीं पता प्रकृति क्या कर सकती है क्या नहीं,devanagari,youtube,reply,2026-08-27T14:55:23Z,https://www.youtube.com/watch?v=RqjtDeg4fWk&lc=Ugzuc3x4JpI7lC4ecox4AaABAg.Aa-tXs4hPEfAa0Z5n4JLGw,"China, Tibet &amp; Nepal Flood Mystery | What Really Triggered The Disaster? 105 Indians Missing !",https://www.youtube.com/watch?v=RqjtDeg4fWk,Nepal monsoon flood,not_disaster,,,
135b064f631e,"Sarkaar lai support garnu bhanda, jholey haruley aba badhi pani Balen garako bhanney ber xaina. RIP to the victims. I prey for you all. I hope the government will be able to reach the victims for necessary measures to help out in this tragedy.",romanized_nepali,youtube,comment,2026-08-26T13:22:09Z,https://www.youtube.com/watch?v=csH4Wydq4w8&lc=Ugw8ZYqRDlXljIldpOh4AaABAg,Rasuwa Flood 1 PM Live Update: Massive Destruction Across Rasuwa | Rescue Operation Underway,https://www.youtube.com/watch?v=csH4Wydq4w8,Rasuwa flood,disaster,other,,
f7772658e17c,Climate change..,english,youtube,comment,2026-08-31T12:10:06Z,https://www.youtube.com/watch?v=zTlJtMz5ESk&lc=Ugwwd8OaEcSLswb42uR4AaABAg,Nepal Flood 2026 | Real cause of Nepal floods? Flood Videos | Madhukar Kotawe #madhukarkotawe #upsc,https://www.youtube.com/watch?v=zTlJtMz5ESk,Nepal monsoon flood,disaster,other,,
cabb907e1619,रक्षा गर पशुपतिनाथ्🙏🙏🙏🙏,devanagari,youtube,comment,2026-08-26T07:55:12Z,https://www.youtube.com/watch?v=uuNq2nPw-yc&lc=UgwqRmYbxPK_EKnKGBt4AaABAg,रसुवागढी बाढी: Rasuwagadi badi update | nepali news | rasuwa badhi news today | badhi pahiro,https://www.youtube.com/watch?v=uuNq2nPw-yc,Nepal badhi pahiro,not_disaster,,,
97b315ccf851,हे भोलेनाथ के अनर्थ हुन लाग्यो यो सबैको रक्षा गरिदिनु भगवान्😢😢,devanagari,youtube,comment,2026-08-26T05:51:45Z,https://www.youtube.com/watch?v=4MhUbG_L2m0&lc=UgzpwAeWbUrrRqZwHJt4AaABAg,"रसुवाबाढीमा हजारौँ बे&#39;पत्ता: इतिहासकै ठुलो बाढीले पुरै रसुवा बगायो, सबै तह&#39;सनहस पार्यो Rasuwa",https://www.youtube.com/watch?v=4MhUbG_L2m0,रसुवा बाढी,disaster,other,,
52d038e2402f,"(2) THE GOSPEL OF THE WORD OF ALMIGHTY GOD ""The Lord Jesus came to the country of China in the year 1991 and there He revealed all the truth so that before the end of the world, humanity would understand what happened during His rule of six thousand years that is about to end."" Almighty God said The CHURCH of PHILADELPHIA has TAKEN SHAPE, which is ENTIRELY DUE to the GRACE and MERCY of GOD---LOVING HEARTS are BORN in the MYRIAD SAINTS, and they do NOT WAVER ON their SPIRITUAL JOURNEY. They HOLD FAST to their BELIEF that the ONE TRUE GOD has BECOME FLESH, that He is the HEAD of the UNIVERSE, who COMMANDS ALL THINGS: This is CONFIRMED by the Holy Spirit, it is as immovable as the mountains! And shall never change! Oh, ALMIGHTY GOD! TODAY it is You who have OPENED OUR SPIRITUAL EYES, ALLOWING the BLIND to SEE, the LAME to WALK, and LEPERS to be HEALED. It is You who have OPENED the WINDOW to HEAVEN, ALLOWING US to PERCEIVE the MYSTERIES of the SPIRITUAL REALM. BEING PERMEATED BY Your HOLY WORDS and SAVED FROM OUR HUMANITY, which was CORRUPTED BY SATAN---such is Your inestimably GREAT WORK and Your inestimably GREAT MERCY. We are Your WITNESSES! LONG have You REMAINED HIDDEN, HUMBLY and SILENTLY. You have UNDERGONE RESURRECTION FROM DEATH, the SUFFERING of CRUCIFIXION, the JOYS and SORROWS of HUMAN LIFE, and PERSECUTION and ADVERSITY; You have EXPERIENCED and TASTED the PAIN of the HUMAN WORLD, an You have been FORSAKEN BY the AGE---GOD INCARNATE is GOD HIMSELF. FOR the SAKE OF GOD'S WILL, You SAVED US FROM the DUNG HILL HOLDING US UP WITH Your RIGHT HAND, and FREELY GIVING US Your GRACE. SPARING NO PAINS, You have WROUGHT Your LIFE in to US; Your PAINS TAKING EFFORTS and the PRICE You have PAID are CRYSTALLIZED UPON the SAINTS. WE are the PRODUCT OF Your PAINS TAKING EFFORTS; we the PRICE You HAVE PAID. Oh, ALMIGHTY GOD! It is BECAUSE OF Your LOVING KINDNESS and MERCY, Your RIGHTEOUSNESS and MAJESTY, Your HOLINESS and HUMILITY that ALL PEOPLES shall BOW DOWN BEFORE You and WORSHIP You FOR all ETERNITY. TODAY You have MADE COMPLETE ALL CHURCHES---the---CHURCH of PHILADELPHIA----and Your 6,000---year MANAGEMENT PLAN has been FULFILLED. The SAINTS can HUMBLY SUBMIT them selves before You, CONNECTED in the SPIRIT and FOLLOWING along in LOVE, joined to the SOURCE of the FOUNTAIN the LIVING WATER of LIFE runs without cease, WASHING AWAY and PURGING ALL the MUD and FILTHY WATER IN the CHURCH, once again PURIFYING Your TEMPLE. WE have COME to KNOW the PRACTICAL TRUE GOD, WALKED WITHIN His WORDS, RECOGNIZED our OWN FUNCTIONS and DUTIES, and DONE EVERYTHING that WE can to EXPENSED OURSELVES or the SAKE OF the CHURCH. Ever QUIET BEFORE You, WE must HEED the WORK OF the Holy Spirit, lest Your will be obstructed in us. AMONG the SAINTS there IS MUTUAL LOVE, and the STRENGTHS of some will COMPENSATE FOR the FAILINGS OF OTHERS. They are ABLE to WALK IN the SPIRIT at ALL TIMES, ENLIGHTENED and ILLUMINATED BY the Holy Spirit. They PUT the TRUTH INTO PRACTICE immediately UPON UNDERSTANDING IT. They KEEP PACE with the NEW LIGHT, and FOLLOW GOD'S FOOTSTEPS. ACTIVELY COOPERATE with GOD; LETTING Him TAKE CONTROL is to WALK with Him. ALL of our OWN IDEAS, NATIONS, OPINIONS, and SECULAR ENTANGLEMENT VANISH INTO this AIR LIKE SMOKE. We LET GOD REIGN SUPREME in OUR SPIRITS, WALK WITH Him and SO GAIN TRANSCENDENCE, OVERCOMING the WORLD, and OUR SPIRITS FLY FREE and attain release: THIS is the OUTCOME when ALMIGHTY GOD BECOMES King. HOW CAN we NOT DANCE and SING in PRAISE, OFFERING UP OUR PRAISES, OFFERING UP NEW HYMNS? There TRULY are MANY WAYS to PRAISE GOD: CALLING OUT His NAME, DRAWING NEAR to Him, THINKING of Him, PRAY--READING, ENGAGING IN FELLOWSHIP, CONTEMPLATING and PONDERING, PRAYER, and SONGS OF PRAISE. IN these KINDS of PRAISE THERE is ENJOYMENT, and THERE is ANOINTMENT; THERE is POWER in PRAISE, and THERE is ALSO A BURDEN. There is FAITH IN PRAISE, and THERE is NEW INSIGHT. ACTIVELY COOPERATE with GOD, COORDINATE in SERVICE and BECOME ONE, satisfy ALMIGHTY GOD'S INTENTIONS, HASTEN to BECOME HOLY SPIRITUAL BODY, TRAMPLE OVER SATAN, and PUT an END to SATAN'S FATE. The CHURCH of has--been RAPTURED into GOD'S PRESENCE and is MADE MANIFEST His GLORY. From ""The WORD Appears in the Flesh"" Fulfined in (John 1: 1,14) ""In the beginning the word, the word was with God, and the word was God"" ... ""The word became man and he lived with us."" ... (Revelation 19: 9,13) ""And the angel said to me,"" Write it down: Blessed is the invitation to the Lamb's banquet. ""He added:"" It is true words of God. ""..."" ""Word of God"" calls him. I am leading you all to the lowered church (kingdom) of the Lord Jesus when He came in the year 1991 to the nation of the Gentiles (in China) who engraved His new name which is the whole of Him Almighty God in ""THE CHURCH OF ALMIGHTY GOD"" 💐 standing on top of air (YouTube). This prophecy fulfilled the sign that He had come and what humanity would experience in (Matthew 24:6-8 ""Tribulations and Persecutions to Come"") 6 - You will HEAR rumors of BATTLE and NEWS of WAR. Do not be disturbed. They must happen, but this is not the end. 7 - Because NATION will FIGHT AGAINST NATION and KINGDOM AGAINST KINGDOM (Satan's kingdom and God's kingdom). THERE will be FAMINE and EARTHQUAKE in DIFFERENT PLACES. 8 - All THIS is JUST the BEGINNING of difficulties. 11 - And the GOOD NEWS ABOUT the REIGN of GOD will be PREACHED THROUGHOUT the WORLD so that it will be recognized by all nations. THEN the END will COME. ⬇️ The recorded prophecy is below! ⬇️ (Revelation 3: 7 ""The LETTER of the CHURCH in PHILADELPHIA"") ""Write the angel of the church in PHILADELPHIA: This is what holy and trustworthy says, He holds the key of David. Nobody can close any open, and no one can open of whom He closed."" ⬇️ ↪️ (Almighty God Said, The CHURCH Of PHILADELPHIA has been TAKEN SHAPE, which Is entirely due to the GRACE And MERCY of GOD. ... ... Today You Have Made Complete All Churches --- The Church of Philadelphia ---- and Your 6,000 --- Year Management Plan has been fulfilled. ... ... The Church of Philadelphia has been raptured into God's presence and is made manifest in His glory.) ⬇️ (1 Samuel 16: 12-13 ""Oil the oil is anointed"") ... and Jehovah said to Samuel, ""He is the one I have chosen; I will anoint him with oil."" Samuel took the vessel of oil and ANOINTED David before his borothers. And since then, Jehovah's spirit was with him. Then, Samuel was Umuei in Rama. "" ⬇️ ↪️ (Almighty God said, There truly are many ways to PRAISE GOD: CALLING OUT His NAME, DRAWING near to Him, THINKING of Him, PRAY --- READING, engaging in fellowship, contemplating and pondering, prayer, and SONGS of PRAISE. In these KINDS of PRAISE there is Enjoyment, and there is ANOINTMENT; There is power In praise, and there Is also a burden. )",english,youtube,reply,2026-08-31T01:31:58Z,https://www.youtube.com/watch?v=OX3qvyLoUck&lc=UgzQSB1bgfUaVpBs_mx4AaABAg.Aa8U4bw2JPNAa9QKoP7WyV,Ground Report: घर र सपना बगाएको विपत्तिमा कसरी सहारा बन्यो &#39;अन्नपूर्णा अभियान&#39;? | SA News Nepal,https://www.youtube.com/watch?v=OX3qvyLoUck,बाढी पहिरो उद्धार,not_disaster,,,
ffd9ef44b4de,Wow sarei khusi lagyo pahileko video herda Ra aahile ko yo khusi vagwan le bachaunu vayo🙏🙏,romanized_nepali,youtube,comment,2026-09-01T15:44:42Z,https://www.youtube.com/watch?v=_3pyMK8qqss&lc=UgwAeIHqACp9q2MbYVh4AaABAg,जसले म म*र्दैछु बुढी भनेर श्रीमतीलाई भिडियो पठाएका थिए... || RASUWA FLOOD VICTIM STATEMENT ||,https://www.youtube.com/watch?v=_3pyMK8qqss,Rasuwa flood,disaster,other,,
9312edc93a89,Very unfortunate incident.,english,youtube,reply,2026-08-27T12:07:15Z,https://www.youtube.com/watch?v=FXMZv1sOBUo&lc=UgzmUapPulWToSdq3dF4AaABAg.Aa0DW_1kzgiAa0FrJ4jU3m,Pt.1- Disaster Waiting To Happen? | Was The Nepal Flood Fury Preventable? | Akash Banerjee,https://www.youtube.com/watch?v=FXMZv1sOBUo,Nepal monsoon flood,disaster,other,,
32a6955c23b7,"यति ठूलो बाढी र विपद्को समयमा पनि उहाँ अझै राजनीति गरिरहनुभएको छ। यस्तो अवस्थामा राजनीति होइन, जनताको उद्धार र राहतमा ध्यान दिनुपर्छ।",devanagari,youtube,comment,2026-09-01T18:35:20Z,https://www.youtube.com/watch?v=c4FKIuzh-ew&lc=UgzlLB79cJSEEgB6qph4AaABAg,रसुवा बाढी : लासमाथि राजनीति? | NEPAL FLOOD,https://www.youtube.com/watch?v=c4FKIuzh-ew,रसुवा बाढी,disaster,other,,
47ddf9bf85d1,भरत दाहाल अध्यक्ष = त्रिमूल नेपाल त्रिमूल नेपाल राप्तिनगर चितवन त्रिमूल नेपाल परिवार जय जननि।,devanagari,youtube,comment,2026-09-02T13:43:55Z,https://www.youtube.com/watch?v=8AVNZen9lnk&lc=UgwuJVq1YuKY9orodn14AaABAg,भोटेकोशी बाढी महा विपत्ती बन्दै ! उद्धार र राहत वितरण गर्दाको तमासालाई बुझौं !,https://www.youtube.com/watch?v=8AVNZen9lnk,भोटेकोशी बाढी,not_disaster,,,
e9f523032dbb,अब बांच्न गाह्रो हुने भयो हामि नेपाली,devanagari,youtube,comment,2026-08-29T15:46:26Z,https://www.youtube.com/watch?v=7btVdvcrEzc&lc=UgxSsWJ9ZGpsHIYbIHR4AaABAg,हिमताल विष्फोटनको सुनामी || Himalayan Tsunami Risk | Is the Rasuwa Flood a Warning of Cascade GLOFs?,https://www.youtube.com/watch?v=7btVdvcrEzc,Rasuwa flood,disaster,other,,
424de0a429dc,Best alternative vaneko chahi Tunnel ho.,romanized_nepali,youtube,comment,2025-07-08T02:49:50Z,https://www.youtube.com/watch?v=LgW6Lu-MIMU&lc=UgzbaHo-WxkuiBQRHiR4AaABAg,चाेभार गल्छी काण्ड and Flood -  Kathmandu Valley in Danger?,https://www.youtube.com/watch?v=LgW6Lu-MIMU,Kathmandu flood 2024,disaster,other,,
501bd8a74df5,"देवरिया को आपने देवारा बोल दिया, ॐ शांति 🙏 😢😢😢",devanagari,youtube,comment,2026-08-27T18:16:47Z,https://www.youtube.com/watch?v=FXMZv1sOBUo&lc=UgxQSFNnQrjIaf8QTBZ4AaABAg,Pt.1- Disaster Waiting To Happen? | Was The Nepal Flood Fury Preventable? | Akash Banerjee,https://www.youtube.com/watch?v=FXMZv1sOBUo,Nepal monsoon flood,not_disaster,,,
d9ea486432c0,"खोलो बाट 40 mitar खाली गर्न र 20 mitar बाटो ,अनि 20 mitar खोलो कुद्ने थप्ने भनेको त सहि हो नि ,,अदालत ले,,नेपाल सरकार ले गरेको निद्दय सहि देखिन्छ ,,काठमाडौं उपत्यका को बिसयमा ,,,तर छ्यतिपुर्ती चाहिँ दिनुपर्ने हुन्छ ,,,",mixed,youtube,comment,2024-09-27T13:44:20Z,https://www.youtube.com/watch?v=lQfpCcYLK74&lc=Ugx4SQKdueSWT_M08k14AaABAg,काठमान्डौमा बाढी । कलकी सहित अन्य एरिया ढुबानमा । Flood in Kathmandu!,https://www.youtube.com/watch?v=lQfpCcYLK74,काठमाडौं बाढी,disaster,other,,
1af1c77ec5e6,HAARP Weather Warfare.,english,youtube,comment,2026-08-31T11:26:03Z,https://www.youtube.com/watch?v=lTnopssAKk4&lc=Ugwwrsq2gDBmKZaO9DZ4AaABAg,Before And After Satellite Photos Capture Destruction Left by Flash Flood in Nepal #shorts,https://www.youtube.com/watch?v=lTnopssAKk4,Nepal monsoon flood,disaster,other,,
8750ae06e4ea,Sampurna pidit pariwaar Lai sarkaar le jiwan yapan garna sakne kisimko sahayog dinuparyo.,romanized_nepali,youtube,comment,2026-09-02T15:29:17Z,https://www.youtube.com/watch?v=oSGumD31w-0&lc=Ugz6B0x7h11UhTEqzv54AaABAg,New Nepal flood fears loom as overflowing lake threatens another deadly surge,https://www.youtube.com/watch?v=oSGumD31w-0,Melamchi flood,disaster,other,,
93506e65446d,Nepal ra nepali le yo pali last dukha payo. Please information Garnu hola sab lai,romanized_nepali,youtube,comment,2026-08-31T06:32:57Z,https://www.youtube.com/watch?v=BqgJV-55YFM&lc=UgwQcHx-XhS8vsUi7R94AaABAg,गोरखाको चुमनब्री गाउँपालिका ७ छेकम्पार चौरीखर्कमा पहिरो,https://www.youtube.com/watch?v=BqgJV-55YFM,पहिरो,disaster,other,,
f6ceb3f2d90f,😢😢😢😢😢😢Bagwan please help them,english,youtube,comment,2026-08-28T13:51:34Z,https://www.youtube.com/watch?v=q_jkqMqzYI0&lc=Ugy4SsTFap_VB_mIG6B4AaABAg,Nepal Flood: Families Return To Find Entire Villages Wiped Out,https://www.youtube.com/watch?v=q_jkqMqzYI0,Nepal monsoon flood,disaster,other,,
b28f0504abe9,Home minister KO visibility hoina...vision clear nabhako ho...so sad,romanized_nepali,youtube,comment,2024-09-29T17:37:49Z,https://www.youtube.com/watch?v=7dXU2Anlqlg&lc=UgxW93hyNq6wXsfzWHp4AaABAg,Nepal Flood Heaviest Rain in 24 Hour - Kathmandu Valley in Danger?,https://www.youtube.com/watch?v=7dXU2Anlqlg,Kathmandu flood 2024,disaster,other,,
9ddcf68c93b3,Bahun ley gardaina Gurung magar ko xora xori rakhnu parxa,romanized_nepali,youtube,comment,2026-09-02T02:04:56Z,https://www.youtube.com/watch?v=LOGBtLlurxY&lc=Ugyb6EDnmOY5vBlPXhN4AaABAg,बुलेट ट्रेनको स्पीडमा यसरी आयो बाढी । The Bhotekoshi Flood’s Origin,https://www.youtube.com/watch?v=LOGBtLlurxY,Bhotekoshi flood,not_disaster,,,
1e2d72fc08ff,मेरो घर रौतहट जिल्लाको बौद्धिमाई नगरपालिका वडा नं २ इनर्वा गाउँमा पर्छ। मेरो ३ बिघामा धान बागमती नदी को बाढीले नसत गरेको छ😢😢,devanagari,youtube,comment,2024-10-10T05:34:14Z,https://www.youtube.com/watch?v=7dXU2Anlqlg&lc=Ugw13Yc4MMQ8gtkYEWF4AaABAg,Nepal Flood Heaviest Rain in 24 Hour - Kathmandu Valley in Danger?,https://www.youtube.com/watch?v=7dXU2Anlqlg,Kathmandu flood 2024,disaster,damage,,
1fd9c3b6bc52,You know you news agency people can maybe change your projection of news by immediately starting a recovery/relief effort drive for the victims? Rather than reporting daily on the devastation? You only need to report one time of the devastation. Every news release afterwards should be about support and relief efforts for the victims. Nepal does not need sideline witness to a catastrophe. Legacy media should immediately start a fund raising drive for Nepal. WE ALREADY KNOW OF THE CATASTROPHE AND DEVASTATION. Help is needed not more reporting of the obvious.,english,youtube,comment,2026-08-29T11:28:19Z,https://www.youtube.com/watch?v=oabnh5Ads_I&lc=Ugz9L_3l3AdG8JnYEZ94AaABAg,Scene in Nuwakot District as poor weather hampers rescue efforts in Nepal,https://www.youtube.com/watch?v=oabnh5Ads_I,Melamchi flood,disaster,other,,
d741556db1c0,जानकारीकोलागि धन्यबाद।,devanagari,youtube,comment,2026-08-30T01:54:25Z,https://www.youtube.com/watch?v=7btVdvcrEzc&lc=UgyCWpSwLPOy3T14r3J4AaABAg,हिमताल विष्फोटनको सुनामी || Himalayan Tsunami Risk | Is the Rasuwa Flood a Warning of Cascade GLOFs?,https://www.youtube.com/watch?v=7btVdvcrEzc,Rasuwa flood,not_disaster,,,
7dc435975e0b,God bless you forever Nepali army 😢😢😢😢😢😢😭🙏🙏🙏🙏🇳🇵🇳🇵🇳🇵🇳🇵🇳🇵,english,youtube,comment,2026-08-30T22:56:31Z,https://www.youtube.com/watch?v=0PJT8KN7wuM&lc=UgzV7UhbhG4vR08G-Bx4AaABAg,"बाढी प्रभावित क्षेत्रहरूमा राहत वितरण, खोज तथा उद्धारमा #नेपालीसेना....#BhoteKoshiFlood #nepaliarmy",https://www.youtube.com/watch?v=0PJT8KN7wuM,बाढी,not_disaster,,,
bf31341505a3,Khola nirantar bagirahachha chinta nagarau,english,youtube,comment,2025-07-05T15:13:50Z,https://www.youtube.com/watch?v=LgW6Lu-MIMU&lc=Ugybi3HpXx0WCzTej5J4AaABAg,चाेभार गल्छी काण्ड and Flood -  Kathmandu Valley in Danger?,https://www.youtube.com/watch?v=LgW6Lu-MIMU,Kathmandu flood 2024,disaster,other,"REVIEW: 'River keeps flowing, don't worry' — reassurance vs unclear referent",
b142ad00e500,tapai haru sabai skushal bachanu vayo danyawad bhagban,romanized_nepali,youtube,comment,2026-08-31T05:30:38Z,https://www.youtube.com/watch?v=AbLTmMuesxM&lc=Ugy-cqOSn8-g4k7Tqwp4AaABAg,Bhotekoshi Flood आफ्नै परिवारले नै बाढीमा फसेका ६ जनाको उद्धार यसरी गर्यो हेर्नुहोस | Nuwakot Nepal,https://www.youtube.com/watch?v=AbLTmMuesxM,Bhotekoshi flood,disaster,other,,
b9df0848af08,वायुमण्डल प्रदुषणको कारण हो मानिसले कहिले बुझ्ने globewarming को नतिजा हो यो ।,mixed,youtube,comment,2026-08-28T02:16:23Z,https://www.youtube.com/watch?v=2Q9nqCljo3g&lc=Ugx9LuQlxr9znne7gdF4AaABAg,रसुवामा भीषण बाढी किन आयो ? Dr. Nitesh Khadka सँग कुराकानी,https://www.youtube.com/watch?v=2Q9nqCljo3g,बाढी,disaster,other,,
124f01d78bf9,"हाेसियार, हर्के लुटेरा पापी QR ले फेरि लुट्ने दाउ खाेज्दै छ । यसले दिएका फाेन नम्बर र QR मा राहत रकम नहाली सरकारी काेषमा राखाै । हर्केले सात पुस्तालाई पुग्ने गरि पहिलै कमाइसक्याे भन्छन् । यस्ताे आपतकाे बेलामा सामाजिक सन्जालमा आफ्ना झाेलेकाे नाममा QR राखेर आफू भने पाटी सदस्यता बाँडदै हिडेकाे छ । यस्ता स्वार्थी, बिचाैलिया र घमण्डीलाई जनताले माननीय मान्दिनु परेकाे छ । अझै पनि यसकाे पछिलागेर हिड्नेहरूकाे स्वार्थ आफै बुझ्नु हाेस........छि छि छि मानवताहीन",mixed,youtube,comment,2026-08-30T13:33:24Z,https://www.youtube.com/watch?v=AbLTmMuesxM&lc=UgypNQT42vZm_N8Khu54AaABAg,Bhotekoshi Flood आफ्नै परिवारले नै बाढीमा फसेका ६ जनाको उद्धार यसरी गर्यो हेर्नुहोस | Nuwakot Nepal,https://www.youtube.com/watch?v=AbLTmMuesxM,Bhotekoshi flood,disaster,other,,
d96106910feb,२०७२ को भुकम्प पछि को बिपत्ति २०८३ मा हिम ताल बाढी पोइरो ले देशमा सोखमा ढुबायो हे दैब के आइलागो रास्वपा सभापति ज्यु नेतृत्व ले अन्तरास्ट्रिय सग आबहान गुहार को सयोग साथ नेपाल् को दु:खद घटना ले सबै लाई हतास छ उधार राहत गाँस बास कपास को नेपाल् सरकार ले गर्नु भएको छ 🙏🙏,devanagari,youtube,comment,2026-08-27T17:38:44Z,https://www.youtube.com/watch?v=8moDJFX_06U&lc=Ugz_NGj3tlXHRuoW3eB4AaABAg,अझै छ बाढीको डर ! आँसुमा डुबेको देश - सरकार सक्रिय || Rasuwa Flood Nepal || SIDHAKURA ||,https://www.youtube.com/watch?v=8moDJFX_06U,Rasuwa flood,disaster,other,,
1a4ce986db2d,हामि 16 शताब्दीमा छौ आज पनि।।।,devanagari,youtube,comment,2024-09-29T15:45:50Z,https://www.youtube.com/watch?v=7dXU2Anlqlg&lc=Ugw1hP5R2_ioL7U0j8t4AaABAg,Nepal Flood Heaviest Rain in 24 Hour - Kathmandu Valley in Danger?,https://www.youtube.com/watch?v=7dXU2Anlqlg,Kathmandu flood 2024,not_disaster,,,
400fc953ba46,Vgwan jibit haruko raxiya garnu hos parvu mirt ko chir Santi ko kamna xa,romanized_nepali,youtube,comment,2026-08-26T15:16:58Z,https://www.youtube.com/watch?v=4MhUbG_L2m0&lc=UgyQq3c97mpVKPt_SEd4AaABAg,"रसुवाबाढीमा हजारौँ बे&#39;पत्ता: इतिहासकै ठुलो बाढीले पुरै रसुवा बगायो, सबै तह&#39;सनहस पार्यो Rasuwa",https://www.youtube.com/watch?v=4MhUbG_L2m0,रसुवा बाढी,disaster,other,,
8b84c21185c1,Biswo le carbon emit garxa pida dherai himalayan desh lai Paxi feri samudri deshlai pani hunxa Earth lai jogayena vane sabko abastha dardnaak hunexa,romanized_nepali,youtube,comment,2026-08-31T06:49:14Z,https://www.youtube.com/watch?v=BqgJV-55YFM&lc=Ugy7Hy9TJ69n1Eqm5qZ4AaABAg,गोरखाको चुमनब्री गाउँपालिका ७ छेकम्पार चौरीखर्कमा पहिरो,https://www.youtube.com/watch?v=BqgJV-55YFM,पहिरो,disaster,other,,
49cf2df59016,Bless everyone god 💙💕❤️,english,youtube,comment,2026-08-28T08:21:48Z,https://www.youtube.com/watch?v=njBnqiiTeZo&lc=UgwflXmb_cz1RmS2axZ4AaABAg,Nepal Flash Flood 2026,https://www.youtube.com/watch?v=njBnqiiTeZo,Nepal flood 2026,not_disaster,,,
b8e4fc052466,गृहमन्त्रीलाई सम्मान,devanagari,youtube,comment,2026-08-29T15:32:04Z,https://www.youtube.com/watch?v=shcQIucF5cY&lc=Ugyx1eQEkRxszHI_0Y54AaABAg,रसुवा बाढी: गृहमन्त्री सुदन राति &#39;त्रिशुली ३ ए&#39; सुरुङभित्र छिरेपछि | Rasuwa Flood,https://www.youtube.com/watch?v=shcQIucF5cY,रसुवा बाढी,disaster,other,,
524f7ddcdf84,China ko maal kaccha hunxa vanne kura nepali Lai chetana vaya😢😢,romanized_nepali,youtube,comment,2026-08-26T17:01:56Z,https://www.youtube.com/watch?v=dc7VSPoZUNE&lc=Ugwc4lpGzgAkl_bfQa54AaABAg,"RASUWA FLOOD LIVE: 4 PM LATEST UPDATE | Trishuli on HIGH ALERT, Massive Rescue Operation Underway",https://www.youtube.com/watch?v=dc7VSPoZUNE,Rasuwa flood,disaster,other,,
0f1a2f3e5e25,SUDHAN JI AAFAI KHATINU BHANDA BARU FOCUS ON PLANING N CORDINATION RAMRO HOLA. THANK YOU BALEN SARKAR FOR RAPID RESPONSE ACTION🙏🫡❤️,english,youtube,comment,2026-08-29T09:26:43Z,https://www.youtube.com/watch?v=shcQIucF5cY&lc=Ugw5nJxRZ16L_WRvvNh4AaABAg,रसुवा बाढी: गृहमन्त्री सुदन राति &#39;त्रिशुली ३ ए&#39; सुरुङभित्र छिरेपछि | Rasuwa Flood,https://www.youtube.com/watch?v=shcQIucF5cY,रसुवा बाढी,disaster,other,,
7292ff93be9e,हे प्रमेश्वर रक्षा गर्नु 🙏🙏,devanagari,youtube,comment,2026-09-01T09:41:49Z,https://www.youtube.com/watch?v=AbLTmMuesxM&lc=Ugxx5cPvnektkQf1A0x4AaABAg,Bhotekoshi Flood आफ्नै परिवारले नै बाढीमा फसेका ६ जनाको उद्धार यसरी गर्यो हेर्नुहोस | Nuwakot Nepal,https://www.youtube.com/watch?v=AbLTmMuesxM,Bhotekoshi flood,not_disaster,,,
7b60febfabe5,म नेपालबाट हेर्दै छु। नमस्कार 🇳🇵🙏🇮🇳।,devanagari,youtube,comment,2026-08-29T10:16:42Z,https://www.youtube.com/watch?v=-uO3rnIXrA4&lc=UgxgxkvM718H4edhuRZ4AaABAg,नेपाल में जो हुआ... ये तो अभी शुरुआत है | Nepal Flood 2026,https://www.youtube.com/watch?v=-uO3rnIXrA4,Nepal flood 2026,not_disaster,,,
27134e5222e1,प्रकृति अपने आप को समय समय से बैलेंस करती हैं।,devanagari,youtube,comment,2026-09-01T09:54:25Z,https://www.youtube.com/watch?v=zTlJtMz5ESk&lc=UgwghruWRCeLmXowRrl4AaABAg,Nepal Flood 2026 | Real cause of Nepal floods? Flood Videos | Madhukar Kotawe #madhukarkotawe #upsc,https://www.youtube.com/watch?v=zTlJtMz5ESk,Nepal monsoon flood,disaster,other,,
5db0eaf6ec8e,Mishra ji aapne bahut acha bataya sarkaar ko dhyan dena chahiye I hope God bless Nepal 😢,romanized_nepali,youtube,comment,2026-08-27T14:53:38Z,https://www.youtube.com/watch?v=RqjtDeg4fWk&lc=UgyGQGKDnVOcsFUG8np4AaABAg,"China, Tibet &amp; Nepal Flood Mystery | What Really Triggered The Disaster? 105 Indians Missing !",https://www.youtube.com/watch?v=RqjtDeg4fWk,Nepal monsoon flood,disaster,other,,
cd494660ae3e,"Aaja ta nikai soft voice cha ta, kindly continue these kind of voicees & behavior for hami “ dukhi 🇳🇵 li haru ko lagi “",romanized_nepali,youtube,comment,2026-09-02T09:08:27Z,https://www.youtube.com/watch?v=VJryE1DqJUw&lc=UgztUvoSdqsHzr1zYoZ4AaABAg,"संसद्मा प्रधानमन्त्रीः बाढीपछिको खोज, उद्धार र राहत बारे दिए यस्तो जानकारी || Nepal Times",https://www.youtube.com/watch?v=VJryE1DqJUw,राहत उद्धार,not_disaster,,,
9a6983d7790c,हाँ है जय पशुपतिनाथ,devanagari,youtube,reply,2026-08-30T16:43:40Z,https://www.youtube.com/watch?v=-uO3rnIXrA4&lc=Ugwa1u0zlWSU0ofw1Mh4AaABAg.Aa5KOG8jLYDAa8TsQ5u5i0,नेपाल में जो हुआ... ये तो अभी शुरुआत है | Nepal Flood 2026,https://www.youtube.com/watch?v=-uO3rnIXrA4,Nepal flood 2026,not_disaster,,,
2a8e34e13642,"Ice ko chunk khaseko thik ho but, ice rw snow attached vako tala rock pani sngai khaseko ho not only ice!",romanized_nepali,youtube,comment,2026-09-01T19:30:54Z,https://www.youtube.com/watch?v=90iKYyq9HlU&lc=UgwDI5_ICZHRP6NP08x4AaABAg,Ep:622 | What Caused the Rasuwa Flood? The Real Reason Behind the Disaster | Ramesh Bhushal,https://www.youtube.com/watch?v=90iKYyq9HlU,Rasuwa flood,disaster,other,,
5b470756dc58,Kushi lagyo hajur Lai dekna paiyo🙏🙏,english,youtube,comment,2026-08-31T23:31:32Z,https://www.youtube.com/watch?v=_3pyMK8qqss&lc=UgxDv9QpECYt3qewmop4AaABAg,जसले म म*र्दैछु बुढी भनेर श्रीमतीलाई भिडियो पठाएका थिए... || RASUWA FLOOD VICTIM STATEMENT ||,https://www.youtube.com/watch?v=_3pyMK8qqss,Rasuwa flood,not_disaster,,,
af828813e0e9,किमदन्दीको आधारमा मान्छेहरूको ज्यान जोखिममा पार्नु हुँदैन,devanagari,youtube,comment,2025-07-10T14:06:55Z,https://www.youtube.com/watch?v=LgW6Lu-MIMU&lc=UgwkxE2jHkBlSSIbQfN4AaABAg,चाेभार गल्छी काण्ड and Flood -  Kathmandu Valley in Danger?,https://www.youtube.com/watch?v=LgW6Lu-MIMU,Kathmandu flood 2024,disaster,other,,
2c44a6c5774b,"आचार्य प्रशांत सही कहते हैं कि Nature हमें एक बार में नहीं, बल्कि तड़पा तड़पा कर मारेगा । लेकिन फिर भी कोई Global warming, Climate crisis के ऊपर ध्यान नहीं दे रहा है।😢",mixed,youtube,comment,2026-08-27T12:14:58Z,https://www.youtube.com/watch?v=FXMZv1sOBUo&lc=Ugysv7TIa8TTXYJxBNh4AaABAg,Pt.1- Disaster Waiting To Happen? | Was The Nepal Flood Fury Preventable? | Akash Banerjee,https://www.youtube.com/watch?v=FXMZv1sOBUo,Nepal monsoon flood,disaster,other,,
e8bead6815b8,<USER> is punishing the entire planet because Americans were dumb enough to elect Trump,english,youtube,reply,2026-08-27T13:29:47Z,https://www.youtube.com/watch?v=6Y3iQJ9W_o4&lc=Ugztd05g3Qcyv6xpGPN4AaABAg.Aa0Lkdfk-0MAa0PIopOgZr,Nepal Landslide Disaster: Dozens Of Americans Among The Missing. What You Need To Know - August 27,https://www.youtube.com/watch?v=6Y3iQJ9W_o4,Nepal landslide,not_disaster,,,
e5bd74cbf696,ओम जय श्री पशुपतिनाथ 😢😢😢😢 दुःखद घटना 😢😢😢,devanagari,youtube,comment,2026-08-26T13:57:29Z,https://www.youtube.com/watch?v=dc7VSPoZUNE&lc=UgwNzMXtz7wC22_Jlvp4AaABAg,"RASUWA FLOOD LIVE: 4 PM LATEST UPDATE | Trishuli on HIGH ALERT, Massive Rescue Operation Underway",https://www.youtube.com/watch?v=dc7VSPoZUNE,Rasuwa flood,disaster,other,,
e34da1bb810c,यांहांबागमतिखोलाकोफोहोरहरूसबलगीयोअबयांहाकसैलेकेइफोहरहरूफालनपाउंदैनअबसङगलोसफाहुनंछकेइफोहोरहरूफालेभनेंजरीबानांतीरनेहोबीषणुमतिपनिमनोहरापनिइसुकुमबासीलाइबसायेरगुमुटबगायेरनरकबनायेकानपापीहरूलेयेइतबीनाशकारीभयेकोहोपुरैबसोबासगरायेकानंहेरतबाफरेनीमनपहराकोखोलातरामरामहेकृषणहजुरकोबसोबासलाइनरकबनाउनेपापीहरूलाइलहेरतपानीकोपायेपकीतारहोहेभगवानपहीलापअपसरादेविदेवताकोमहादेवकोबासबीषणुबरमाहरूबसतेभननुभयेकोबुडापाकाहरूलेकुरागरनुभयेकोलखोलामीतेरघरबनाउनेखोलालेलानंछभननेथाहाभयेरयेसरीघरबनाउनकीनदीयेकानयोपापीकेपिपरचनंडेसेरेगगनेअारजुबाबुरामभटटराइहरकेपापीहीजोअाजतयोगीयानेनंरशाहीलेतनरामरोबोलनेंबालेनरविसुदनगुेूङगलाइमनपरिबोलनेंहंअबयांहाअातबेमानउतापनिमीलेकोभसरचारीसङगमीलेकोअाफुपनिनगरनेगालीगरनेंहंबेमानहरूभाषन्तैगरनेकुकुरबेमानझोलेहरूनेताखातेहरूगुनंडाहतयाराहरूलाइफांसीदेजसोरेटेकाछनमारेकाछनजीउदैपापीहरूलेगरदायेसोभयेकोहोफांसीदेहतयाराहरूलाइ😮😮😮😮😮😮,devanagari,youtube,reply,2026-07-26T14:15:56Z,https://www.youtube.com/watch?v=3dFCeGRHa_4&lc=UgwJadtFF1SEuDBNn9Z4AaABAg.A9-AMedmVcnAZj58rHRtQ1,Flooding in Kathmandu || काठमाडौँमा भयानक विनाशकारी बाढी ll Day - 2,https://www.youtube.com/watch?v=3dFCeGRHa_4,काठमाडौं बाढी,disaster,other,,
07d821fc2565,"No, it is due to breaking of perma - frost which is affected by heat and global warming. Climate Change is the cause. Those hilly regions are most affected by heat as report says, specially the Himalayas.",english,youtube,reply,2026-08-28T14:14:15Z,https://www.youtube.com/watch?v=RF5Nw4g7AxE&lc=Ugy1IqClF_K__hTb2od4AaABAg.Aa31hK6gxLnAa33BL9_HPu,Nepal Flood Disaster 2026: Glacier Collapse,https://www.youtube.com/watch?v=RF5Nw4g7AxE,Nepal flood 2026,disaster,other,,
303b8fa5ae34,सल्युट दिदी हजुर 🙏🙏♥️♥️,devanagari,youtube,comment,2026-09-01T08:30:00Z,https://www.youtube.com/watch?v=mWJLn39EQRY&lc=Ugxcpo30lxBVD-RrucJ4AaABAg,Nepal rescue pilot interview &amp; where &#39;body after body&#39; is turning up,https://www.youtube.com/watch?v=mWJLn39EQRY,Nepal flood rescue,not_disaster,,,
0dc9bee83b05,​<USER> doesn't care,english,youtube,reply,2026-08-27T00:49:51Z,https://www.youtube.com/watch?v=6Lj7GumgvIQ&lc=UgwqpAhCVpjfszJ0JgN4AaABAg.A_yXkR57XrsAa-2KwD0yMw,Nepal Flash Flood Disaster Causes Damage: Heavy Casualties Feared | WION Breaking,https://www.youtube.com/watch?v=6Lj7GumgvIQ,Kathmandu flood 2024,not_disaster,,,
bc82041da076,Bipatma aafno jyanko baji lagayera uddarma khatine police Ra army haru Lai matra utkrist banaune kanun banaunu parxa,romanized_nepali,youtube,comment,2026-09-02T05:25:17Z,https://www.youtube.com/watch?v=KeM1GzYqlWU&lc=UgzfXDzaVhSV3ascyF94AaABAg,"भोटेकोशी बाढी : सुरुङभित्रबाट LIVE, विश्वकै ध्यान तान्ने बालेनको तयारी, चीनको फोटो, फेरि बाढी ?",https://www.youtube.com/watch?v=KeM1GzYqlWU,बाढी,disaster,other,,
4c0c9334c2c8,ॐ नम सिवाय सिवाय नम ॐ ॐ त्त्त पुरुसाय नम,devanagari,youtube,comment,2026-08-26T13:29:44Z,https://www.youtube.com/watch?v=uuNq2nPw-yc&lc=UgybX__dc9_jgVrjcxJ4AaABAg,रसुवागढी बाढी: Rasuwagadi badi update | nepali news | rasuwa badhi news today | badhi pahiro,https://www.youtube.com/watch?v=uuNq2nPw-yc,Nepal badhi pahiro,not_disaster,,,
f8219ee39b32,जय हो बन्दी छोड सतगुरु रामपालजी महाराजजी कि जय,devanagari,youtube,comment,2026-08-30T16:27:19Z,https://www.youtube.com/watch?v=OX3qvyLoUck&lc=UgxyQg8M8LRI9VopLml4AaABAg,Ground Report: घर र सपना बगाएको विपत्तिमा कसरी सहारा बन्यो &#39;अन्नपूर्णा अभियान&#39;? | SA News Nepal,https://www.youtube.com/watch?v=OX3qvyLoUck,बाढी पहिरो उद्धार,not_disaster,,,
8175f5be5779,मान्छे हरु भोक भोकै छन। घण्टेको बान हरु पाठ सिकाउदै छ। अहिले सम्म रसुवामा जे जति भाको छ यहि स्थानीय ले गर्दा भाको हो घण्टे आतंककारी हरु स्टण्ट गर्दै ठिक्क छ।,devanagari,youtube,comment,2026-09-01T19:16:48Z,https://www.youtube.com/watch?v=c4FKIuzh-ew&lc=UgwYBp_-dHKNOCskTrN4AaABAg,रसुवा बाढी : लासमाथि राजनीति? | NEPAL FLOOD,https://www.youtube.com/watch?v=c4FKIuzh-ew,रसुवा बाढी,disaster,other,,
aafde60a1443,Thank you so much helping all of you ❤❤,english,youtube,comment,2026-08-30T08:59:04Z,https://www.youtube.com/watch?v=6JlAQTEEyP0&lc=Ugwp_nYPJbfLLMGN7D54AaABAg,🇨🇳चीनका दुई भिषण जहाज काठमान्डुमा Two Chinese Y-20 Aircraft Bring 50 Tons of Flood Relief to Nepal✈️,https://www.youtube.com/watch?v=6JlAQTEEyP0,Melamchi flood,disaster,other,,
30649c56259c,याे कुराे सरकारले सुनेकाे छ कि नाई तुरुन्त अावश्यक उपाय खाेज्न अाग्रह गर्दछु ।,devanagari,youtube,comment,2026-08-26T08:02:49Z,https://www.youtube.com/watch?v=4MhUbG_L2m0&lc=UgxB5MWrPfaLKqUrRb54AaABAg,"रसुवाबाढीमा हजारौँ बे&#39;पत्ता: इतिहासकै ठुलो बाढीले पुरै रसुवा बगायो, सबै तह&#39;सनहस पार्यो Rasuwa",https://www.youtube.com/watch?v=4MhUbG_L2m0,रसुवा बाढी,disaster,other,,
88c8d2268714,"I'm guessing because the prior terrain was either completely stripped away, or completely covered by this sludge/mud.",english,youtube,reply,2026-09-01T15:01:39Z,https://www.youtube.com/watch?v=5SiCIenyxos&lc=UgxUf20l_tOij9mj25R4AaABAg.AaDLxwpmUFaAaDRn32w1ic,Nepal tunnel rescue: Geologist maps the deadly conditions,https://www.youtube.com/watch?v=5SiCIenyxos,Nepal flood rescue,disaster,other,,
61d76ce0ea0f,TOB साथै मुस्ताङ् भ्रमण को सरप्राईज देको हुन सक्छ,mixed,youtube,reply,2026-08-26T11:02:11Z,https://www.youtube.com/watch?v=csH4Wydq4w8&lc=UgwwrleNe1wIfY9-5jV4AaABAg.A_yWxQNIPYYA_yZbv3ClGt,Rasuwa Flood 1 PM Live Update: Massive Destruction Across Rasuwa | Rescue Operation Underway,https://www.youtube.com/watch?v=csH4Wydq4w8,Rasuwa flood,not_disaster,,,
7aa779538a6d,प्रकृति द्वारा संतुलन ही न्याय है। इंसान के लिए जो प्रलय और विनाश है वहीं प्रकृति के लिए संतुलन है।,devanagari,youtube,comment,2026-08-31T13:20:54Z,https://www.youtube.com/watch?v=zTlJtMz5ESk&lc=Ugz31V_bk4-N6E2d01B4AaABAg,Nepal Flood 2026 | Real cause of Nepal floods? Flood Videos | Madhukar Kotawe #madhukarkotawe #upsc,https://www.youtube.com/watch?v=zTlJtMz5ESk,Nepal monsoon flood,disaster,other,,
499c8065ebee,We have floods same things 2013 from banff national parks at small scales but near same result.The angle of mountains plus height gives lots power when going downhills remove everything!,english,youtube,comment,2026-08-28T14:40:16Z,https://www.youtube.com/watch?v=ORPDEvHJZpA&lc=UgyNmCFNVT2Wr-KfJ3t4AaABAg,Nepal flood disaster reconstructed minute by minute • FRANCE 24 English,https://www.youtube.com/watch?v=ORPDEvHJZpA,Nepal flood 2026,disaster,other,,
f6e8691a5c33,"Funny how the rich-owned media stops at ""caused by glacier collapse"". And who caused the collapse of the glacier...?",english,youtube,comment,2026-08-27T15:03:38Z,https://www.youtube.com/watch?v=PgBlCEcMuss&lc=UgwqR7Cx0p4hmpy7Z8N4AaABAg,Video shows catastrophic flash flood in Nepal caused by glacier collapse,https://www.youtube.com/watch?v=PgBlCEcMuss,Nepal landslide,disaster,other,,
0c4fed63a0ca,Mula hijo pani ni paryo jhan tetro jhan pura ani dherai vayera ayoni yar halka alert hunu parthyo bichara khola ko xeu ka manxe haru ko bijok vayo 😢,romanized_nepali,youtube,comment,2026-08-26T22:27:57Z,https://www.youtube.com/watch?v=6Lj7GumgvIQ&lc=UgzKTI78i2rGPhnEevp4AaABAg,Nepal Flash Flood Disaster Causes Damage: Heavy Casualties Feared | WION Breaking,https://www.youtube.com/watch?v=6Lj7GumgvIQ,Kathmandu flood 2024,disaster,other,,
dedde652ed0b,​<USER>'s famous. Search for her name: Priya Adhikari.,english,youtube,reply,2026-09-01T05:12:49Z,https://www.youtube.com/watch?v=mWJLn39EQRY&lc=UgyJYx_w5Xlw5dGqUJ14AaABAg.AaCB6MdmbFQAaCOPEyAbGH,Nepal rescue pilot interview &amp; where &#39;body after body&#39; is turning up,https://www.youtube.com/watch?v=mWJLn39EQRY,Nepal flood rescue,not_disaster,,,
459820a5c2a2,के हुना थाले यो नेपाल मा😢😢,devanagari,youtube,comment,2026-08-26T08:25:00Z,https://www.youtube.com/watch?v=uuNq2nPw-yc&lc=UgxQzKy3Uvai9fFPkx14AaABAg,रसुवागढी बाढी: Rasuwagadi badi update | nepali news | rasuwa badhi news today | badhi pahiro,https://www.youtube.com/watch?v=uuNq2nPw-yc,Nepal badhi pahiro,disaster,other,,
3dcd1d923075,"रसुवाको प्रलयमा के-के बगे? गाउँ, पुल, बाटो र ६ वटा जलविद्युत परियोजनाहरू। नेपालको कुल बिजुलीको ८ प्रतिशत भाग। एउटा बिहानमा एकैछिनमा सबै नाश। प्रश्न यो होइन कि यो प्रलय किन आयो? प्रश्न यो हो कि यी सबै परियोजनाहरू त्यहाँ आखिर किन बनाइएका थिए? बुझ्नुस्, हिमालयमा हजारौँ हिमनदी र तालहरू बनिसकेका छन्। जुन केही दशकअघि छँदै थिएनन्। ती तालहरू अस्थिर छन्। तिनीहरूको भित्तो कमजोर चट्टान र माटोले बनेको छ र तिनको ठीक तल हामीले के बनाएका छौँ? गाउँ, हाइड्रोपावर, बाटो, पुल। मतलब हामीलाई थाहा थियो कि माथि के झुन्डिएको छ र हामीले त्यसको ठीक मूनि हाम्रो अमूल्य चीजहरू राखिदियौँ र यसलाई विकास भन्यौँ अनि विपद् आउँदाखेरि भनिदैछ अप्रत्याशित थियो। अप्रत्याशित के थियो? पानी सधैं तलतिर बग्दै जान्छ। यो अप्रत्याशित थियो? यो लापरबाही होइन? यो लोभको गणित हो। पहाडमा नदीहरू छन्, नदीमा बिजुली छ, बिजुलीमा पैसा छ त्यसैले जोखिमलाई बेवास्ता गरियो किनकि जोखिम भविष्यमा थियो तर नाफा तत्कालै अनि भोगको स्वभाव नै यही हो कि यसले भविष्यलाई देख्न दिँदैन। हामी मृत्युको मुनितिर बस्ती बसाउँछौ र मृत्युलाई दुर्भाग्य भन्छौँ। पासो चाहिँ माथि झुन्डिएको थियो र घर हामीले तल बनायौँ अनि पासो जब झर्‍यो तब हामीले आकाशलाई दोष दियौँ।",devanagari,youtube,comment,2026-08-31T05:24:40Z,https://www.youtube.com/watch?v=U8JI63ADNHw&lc=Ugz4uS0lsReGKvHNB654AaABAg,भोटेकोशी बाढी पछि सरकारले के के गर्यो?|| Nepal Times,https://www.youtube.com/watch?v=U8JI63ADNHw,भोटेकोशी बाढी,disaster,damage,,
aa9ff627b586,यो बत्ती बिजुली भन्दा पनि त्यहाँ फसेका नागरिकहरुको उद्धार बचाउनु नै ठूलो,devanagari,youtube,comment,2026-09-01T20:38:56Z,https://www.youtube.com/watch?v=c4FKIuzh-ew&lc=UgxC1q1wHxcYbAAS3h54AaABAg,रसुवा बाढी : लासमाथि राजनीति? | NEPAL FLOOD,https://www.youtube.com/watch?v=c4FKIuzh-ew,रसुवा बाढी,disaster,other,,
2039965bdfb8,​<USER>्कै त झ्याक्ने जयमुजी पार्टीको या जयमंगोल भन्ने नाक थेप्चे समुदायको होलास त्यरो बोलिले प्रष्ट छ।सबैभन्दा पहिला ५७ टन सामग्री कसले ल्यायको हो ४ जहाजमा।,mixed,youtube,reply,2026-08-30T12:38:06Z,https://www.youtube.com/watch?v=6JlAQTEEyP0&lc=UgxyVhFDpJzP2eM8TAV4AaABAg.Aa7nrKLWVUuAa81lx8KsNE,🇨🇳चीनका दुई भिषण जहाज काठमान्डुमा Two Chinese Y-20 Aircraft Bring 50 Tons of Flood Relief to Nepal✈️,https://www.youtube.com/watch?v=6JlAQTEEyP0,Melamchi flood,disaster,other,,
a48f6ed4cd99,"🇳🇵हे भगवान, यो प्रार्थना पढ्ने व्यक्तिलाई सधैं सुरक्षित, स्वस्थ र सुखी राख्नुहोस्। उहाँलाई दीर्घायु, शान्ति, समृद्धि र आर्थिक आशीर्वाद प्रदान गर्नुहोस्। उहाँ र उहाँको परिवारलाई सधैं आफ्नो कृपा र संरक्षणमा राख्नुहोस्। आमेन।",devanagari,youtube,comment,2026-08-26T13:40:51Z,https://www.youtube.com/watch?v=BaXJK0P-DU4&lc=UgwDqcbb8ulFfrIPBMZ4AaABAg,"चिनियाँ क्षेत्रबाट नेपालमा आयो ठूलो बाढी ,के हुदैँछ तयारी ? #बाढी #नेपाल #disastermanagement",https://www.youtube.com/watch?v=BaXJK0P-DU4,बाढी पहिरो उद्धार,not_disaster,,,
2d9f77416929,सब भगवान की माया है,devanagari,youtube,reply,2026-09-01T19:04:25Z,https://www.youtube.com/watch?v=y2WA4DqSU4c&lc=UgyTgm-ebF-GCOarKxF4AaABAg.AaDXqdFLG7eAaDs_6p_gjI,Nepal Flood LIVE 2026 | Massive Destruction &amp; Shocking Scenes,https://www.youtube.com/watch?v=y2WA4DqSU4c,Nepal flood 2026,not_disaster,,,
fd02657e9735,नदि किनार नबस्नुभनेको सहि हो।,devanagari,youtube,comment,2026-08-30T11:33:07Z,https://www.youtube.com/watch?v=QOu8_yjxUJg&lc=Ugw9txFj-QytKKngl9t4AaABAg,जसले अहिले र १८ सालको बाढी देखे || १८ सालमा के भएको थियो ? || SIDHAKURA || TRISULI || BHOTEKOSHI ||,https://www.youtube.com/watch?v=QOu8_yjxUJg,बाढी,disaster,other,,
aa82280765be,Jhaile dashain ko mukh ma kina yasto ghatana huncha hamro desh ma 😭😭,romanized_nepali,youtube,comment,2026-08-26T12:58:07Z,https://www.youtube.com/watch?v=csH4Wydq4w8&lc=Ugxa7OFrGmPE5ubUC_J4AaABAg,Rasuwa Flood 1 PM Live Update: Massive Destruction Across Rasuwa | Rescue Operation Underway,https://www.youtube.com/watch?v=csH4Wydq4w8,Rasuwa flood,disaster,other,,
e600c1c69b2d,प्रकृतिलाई कृत्रिमताले जित्न खोज्नु नै समस्या निम्त्याउनू हो।,devanagari,youtube,comment,2025-07-06T03:22:31Z,https://www.youtube.com/watch?v=LgW6Lu-MIMU&lc=UgyULSKYTIoRAtOX_zp4AaABAg,चाेभार गल्छी काण्ड and Flood -  Kathmandu Valley in Danger?,https://www.youtube.com/watch?v=LgW6Lu-MIMU,Kathmandu flood 2024,disaster,other,,
9ce5b4504a95,Nam mô a Di Đà Phật 🙏🙏🙏♥️,english,youtube,comment,2026-08-30T08:59:34Z,https://www.youtube.com/watch?v=3jo7gIrFV4c&lc=Ugx6_0E5lQ1gsXlEsb54AaABAg,"Nepal Floods: At Least 626 Dead, 2,426 Still Missing As Flood Disaster Worsens | WION Originals",https://www.youtube.com/watch?v=3jo7gIrFV4c,Melamchi flood,not_disaster,,,
18be607cb91d,सबै नेपाली जनता एक जुट भएर सरकार लाई साथ दिने बेला आएको छ। यो विपत्तिमा 😢😢😢,devanagari,youtube,comment,2026-08-27T14:44:54Z,https://www.youtube.com/watch?v=V5dIZaqFlRA&lc=UgzO7KH4Et6TkLIcTBd4AaABAg,तिब्बतमा भूकम्प नेपालमा बाढी ||The reason behind Rasuwa Flood || SIDHAKURA ||,https://www.youtube.com/watch?v=V5dIZaqFlRA,काठमाडौं बाढी,disaster,resource_available,,
f48ce9b12106,चलो तुम्हारा थोड़ा आंख खुली 💯💯,devanagari,youtube,comment,2026-08-27T14:24:34Z,https://www.youtube.com/watch?v=RqjtDeg4fWk&lc=UgyXlyjMK8GJT0Szoqh4AaABAg,"China, Tibet &amp; Nepal Flood Mystery | What Really Triggered The Disaster? 105 Indians Missing !",https://www.youtube.com/watch?v=RqjtDeg4fWk,Nepal monsoon flood,not_disaster,,,
38e903e2504d,"Huge Respect to Indepth story....❣ The way they present this accident by a documentary and detailed video it is sooo good and understandable for every person, while other are just uploading random news video with soo less information for only views but they present this video with highly researching and with effort, Too good ❤",english,youtube,comment,2026-08-28T03:38:39Z,https://www.youtube.com/watch?v=njBnqiiTeZo&lc=UgwQvmKRMmpJpFvwR994AaABAg,Nepal Flash Flood 2026,https://www.youtube.com/watch?v=njBnqiiTeZo,Nepal flood 2026,disaster,other,,
f6f6f4cdad76,Lage tyo bela.... Birsiya ni sabaile ....😢😢😢,english,youtube,reply,2026-08-30T16:14:50Z,https://www.youtube.com/watch?v=QOu8_yjxUJg&lc=UgxJXP8IFnND_XG_dHN4AaABAg.Aa7viMRVMG4Aa8Q_GE84-8,जसले अहिले र १८ सालको बाढी देखे || १८ सालमा के भएको थियो ? || SIDHAKURA || TRISULI || BHOTEKOSHI ||,https://www.youtube.com/watch?v=QOu8_yjxUJg,बाढी,disaster,other,,
f69e3820709e,Jaya sudhan sarkar,english,youtube,comment,2026-09-02T04:56:48Z,https://www.youtube.com/watch?v=KeM1GzYqlWU&lc=UgwPRM9ifWFgDjNzhRx4AaABAg,"भोटेकोशी बाढी : सुरुङभित्रबाट LIVE, विश्वकै ध्यान तान्ने बालेनको तयारी, चीनको फोटो, फेरि बाढी ?",https://www.youtube.com/watch?v=KeM1GzYqlWU,बाढी,disaster,other,,
9f1c61fb9b9b,Big fan bhaiya love you❤,english,youtube,comment,2026-08-29T09:05:34Z,https://www.youtube.com/watch?v=-uO3rnIXrA4&lc=Ugz55LO0I5wPIa-qJ7t4AaABAg,नेपाल में जो हुआ... ये तो अभी शुरुआत है | Nepal Flood 2026,https://www.youtube.com/watch?v=-uO3rnIXrA4,Nepal flood 2026,not_disaster,,,
f9698db9351e,अबा केपी ले पानी जाहज ल्याउने भयो ⛴️🛳️⛴️🛳️,devanagari,youtube,comment,2024-11-30T11:36:17Z,https://www.youtube.com/watch?v=JiKk3HbqbYc&lc=UgwOnqtpfyOW76RY3AZ4AaABAg,Severe Floods In Nepal’s Capital Kathmandu Kills At Least 32 | Subscribe to Firstpost,https://www.youtube.com/watch?v=JiKk3HbqbYc,Kathmandu flood 2024,disaster,other,REVIEW: Sarcastic political jab (KP bringing a ship); disaster link unclear,
7ade468f7025,Hamro desh Lai sati le kina sarape ko hola😢😢😢😢,romanized_nepali,youtube,comment,2026-08-28T01:01:30Z,https://www.youtube.com/watch?v=njBnqiiTeZo&lc=UgxZ-AXhkyfEhsKhXRx4AaABAg,Nepal Flash Flood 2026,https://www.youtube.com/watch?v=njBnqiiTeZo,Nepal flood 2026,disaster,other,,
1d9efacf0565,करे कोई भरे कोई,devanagari,youtube,comment,2026-08-30T12:47:29Z,https://www.youtube.com/watch?v=-uO3rnIXrA4&lc=UgwYOQ_HqrwemiSzM154AaABAg,नेपाल में जो हुआ... ये तो अभी शुरुआत है | Nepal Flood 2026,https://www.youtube.com/watch?v=-uO3rnIXrA4,Nepal flood 2026,disaster,other,"REVIEW: 'One does, another pays' — proverb, referent unclear",
b11d785c3a90,Kathmandu capital of Nepal south east Asia,english,youtube,reply,2024-10-02T16:02:56Z,https://www.youtube.com/watch?v=PHP7SrWpBM8&lc=UgwAbp0j54lclS-BQzh4AaABAg.A95CbnrBg5oA95g99nqK6H,Kathmandu Flood  Bagmati river,https://www.youtube.com/watch?v=PHP7SrWpBM8,Kathmandu flood 2024,not_disaster,,,
298010c011e2,Thanks for watching Sir,english,youtube,reply,2026-08-30T09:03:03Z,https://www.youtube.com/watch?v=6JlAQTEEyP0&lc=Ugx09UJhFc_rBjg_CaV4AaABAg.Aa7dvXbKLpRAa7e9nJQnMf,🇨🇳चीनका दुई भिषण जहाज काठमान्डुमा Two Chinese Y-20 Aircraft Bring 50 Tons of Flood Relief to Nepal✈️,https://www.youtube.com/watch?v=6JlAQTEEyP0,Melamchi flood,not_disaster,,,
d60dcf8fedca,He bhagwan😢😢😢😢😢,english,youtube,comment,2026-08-26T18:00:56Z,https://www.youtube.com/watch?v=uuNq2nPw-yc&lc=UgxObS6I1iSHVlYzsZl4AaABAg,रसुवागढी बाढी: Rasuwagadi badi update | nepali news | rasuwa badhi news today | badhi pahiro,https://www.youtube.com/watch?v=uuNq2nPw-yc,Nepal badhi pahiro,not_disaster,,,
b97c0d65e3b1,Home minister jee good job 👍👍👍,english,youtube,comment,2026-08-29T12:18:34Z,https://www.youtube.com/watch?v=shcQIucF5cY&lc=UgwhwQX7AqUoXAUj7lR4AaABAg,रसुवा बाढी: गृहमन्त्री सुदन राति &#39;त्रिशुली ३ ए&#39; सुरुङभित्र छिरेपछि | Rasuwa Flood,https://www.youtube.com/watch?v=shcQIucF5cY,रसुवा बाढी,disaster,other,,
8ea00c7103ac,इंसान अपने प्रयोगों आविष्कार उसे इस कदर आगे बढ़ गया है कि वह प्रगति के संपूर्ण बनाने में नाकाम रहा है और प्रगति अपना संतुलित बनकर रहती है यह तो अभी एक शुरुआत मात्र है लोगों को और ज्यादा जागरूक होना होगा,devanagari,youtube,comment,2026-08-30T09:40:59Z,https://www.youtube.com/watch?v=-uO3rnIXrA4&lc=UgxVR-jK7akexSYuA614AaABAg,नेपाल में जो हुआ... ये तो अभी शुरुआत है | Nepal Flood 2026,https://www.youtube.com/watch?v=-uO3rnIXrA4,Nepal flood 2026,disaster,other,,
62e9e3d72a2e,तपाईँ जुन पालिका भएपनि जुन वडा भएपनि अध्यक्षज्यू तपाईंले यो राजनीति चाहिँ नगर्नु है यस्तो दुःखको बेला चाहिँ तपाईहरुले राम्रो गरेर सबैलाई एक छत्र एक द्वार प्रणालीबाट वितरण गर्नुहोला,devanagari,youtube,comment,2026-09-01T13:36:19Z,https://www.youtube.com/watch?v=c4FKIuzh-ew&lc=UgzNqCpkaZpsnLbf9_94AaABAg,रसुवा बाढी : लासमाथि राजनीति? | NEPAL FLOOD,https://www.youtube.com/watch?v=c4FKIuzh-ew,रसुवा बाढी,disaster,other,,
c3cd69b8e8f6,"Thank you China! China bhanya China nai ho, dubai desh China ra India lai dherai dherai thank you. Both countries sanga sumadhur sambandhako jaruri chha. Kasailai pani naramro cmnt garna jaruri chhaina...both good and both imp at their level. ❤❤❤",romanized_nepali,youtube,comment,2026-08-30T12:50:41Z,https://www.youtube.com/watch?v=6JlAQTEEyP0&lc=UgzzdMTemDum1M865Ud4AaABAg,🇨🇳चीनका दुई भिषण जहाज काठमान्डुमा Two Chinese Y-20 Aircraft Bring 50 Tons of Flood Relief to Nepal✈️,https://www.youtube.com/watch?v=6JlAQTEEyP0,Melamchi flood,disaster,other,,
347334f19f3e,"तुम्हे खुद अपना रास्ता चुनना होगा, कोई भगवान god नहीं आएगा help करने",mixed,youtube,reply,2026-08-26T18:13:41Z,https://www.youtube.com/watch?v=RqjtDeg4fWk&lc=Ugw0lfsRm-w6ngvHL7h4AaABAg.A_zAS4TfG72A_zL-FsgwfG,"China, Tibet &amp; Nepal Flood Mystery | What Really Triggered The Disaster? 105 Indians Missing !",https://www.youtube.com/watch?v=RqjtDeg4fWk,Nepal monsoon flood,disaster,other,,
06380754cb37,Yesto bela ni k ko subscrible ho yesta ni hunxan youtube haru,romanized_nepali,youtube,comment,2026-08-26T10:48:18Z,https://www.youtube.com/watch?v=uuNq2nPw-yc&lc=UgyKdsE4zVdqtmTTsGd4AaABAg,रसुवागढी बाढी: Rasuwagadi badi update | nepali news | rasuwa badhi news today | badhi pahiro,https://www.youtube.com/watch?v=uuNq2nPw-yc,Nepal badhi pahiro,disaster,other,,
703b88079813,हे भगवान् पशुपतिनाथ अब त हामी सबै लाई सान्ति पाउने आशा पलाई दिनु होस् भगवान् यो त अति नै मार्मिक बनाई दिनु भयोे भगवान् अब त हात थापि दिनु होस् भगवान्।ॐ शान्ति ॐ शान्ति ॐ शान्ति ॐ शान्ति को कामना गर्दछु भगवान् पशुपतिनाथ हामी सबैको रक्षा गर्नु होस् बाबा 🙏🙏💐💐🇳🇵🇳🇵🇳🇵🇳🇵😭😭😭😭😭😭😭,devanagari,youtube,comment,2026-09-01T09:57:10Z,https://www.youtube.com/watch?v=_yr1kb_KqfI&lc=Ugxf76yPhX5t_wouJyJ4AaABAg,एउटै घरभित्र भेटिए २२ जनाको शव!Breaking nepali news | badhi pahiro news | rasuwa badhi update,https://www.youtube.com/watch?v=_yr1kb_KqfI,Nepal badhi pahiro,disaster,other,,
144ab56acd88,यो सहरलाई त १९ बाहिनीमा देखेको जस्तो लाग्छ होटल माइक होइन र भनेको,devanagari,youtube,comment,2026-09-01T02:24:44Z,https://www.youtube.com/watch?v=_3pyMK8qqss&lc=UgwNqBGdwH67sxhgdMl4AaABAg,जसले म म*र्दैछु बुढी भनेर श्रीमतीलाई भिडियो पठाएका थिए... || RASUWA FLOOD VICTIM STATEMENT ||,https://www.youtube.com/watch?v=_3pyMK8qqss,Rasuwa flood,not_disaster,,,
101212319176,"हिमपहिरो गएको ठाउँ नेपाल-चीन सीमामा पर्दैन। यो लाङटाङ हिमालको उत्तरी मोहडामा, सीमाभन्दा करिब ४ किलोमिटर दक्षिण नेपालतर्फको भूभाग हो।",devanagari,youtube,comment,2026-09-01T20:40:30Z,https://www.youtube.com/watch?v=90iKYyq9HlU&lc=UgyYIQY9o_HFKdwWGaR4AaABAg,Ep:622 | What Caused the Rasuwa Flood? The Real Reason Behind the Disaster | Ramesh Bhushal,https://www.youtube.com/watch?v=90iKYyq9HlU,Rasuwa flood,disaster,other,,
6b26276b1fd3,हे भगवती आमा सबैको रक्षा गरून्,devanagari,youtube,comment,2026-08-26T11:13:50Z,https://www.youtube.com/watch?v=uuNq2nPw-yc&lc=UgyRQNWMNcSX63IJONF4AaABAg,रसुवागढी बाढी: Rasuwagadi badi update | nepali news | rasuwa badhi news today | badhi pahiro,https://www.youtube.com/watch?v=uuNq2nPw-yc,Nepal badhi pahiro,not_disaster,,,
f0c08f00a800,we are gorkha 🇳🇵❣️ unity in our blood ❤,english,youtube,reply,2026-08-28T00:42:34Z,https://www.youtube.com/watch?v=njBnqiiTeZo&lc=UgwZzLj-ByEJzd-aDpd4AaABAg.Aa1Vl9fn1jXAa1bIRbm4KA,Nepal Flash Flood 2026,https://www.youtube.com/watch?v=njBnqiiTeZo,Nepal flood 2026,not_disaster,,,
430f341a7a6f,एकदम गहकीलो जानकारीगराउनुभो हजुरले र यो हरीयो सेना के हो भन्नेथाहापाइयो,devanagari,youtube,comment,2026-09-02T04:52:31Z,https://www.youtube.com/watch?v=Iq204O8qskw&lc=UgxFaLgrqwJ6whsgyWJ4AaABAg,रसुवा बाढी प्रभावित क्षेत्रमा देखिएको गृनआर्मी के हो? कुन उदेश्यले संचालितछ ? यसरी बुझौ।।,https://www.youtube.com/watch?v=Iq204O8qskw,रसुवा बाढी,disaster,other,,
3b3b860ac409,"राजेन्द्र बानियाँ खरो पत्रकार हुन्, यसमा दुई मत छैन। तर पछिल्ला उनका विश्लेषणहरू सुन्दा एउटा प्रश्नचाहिँ मनमा उठ्छ—राष्ट्रिय स्वतन्त्र पार्टी र रवि लामिछानेको राजनीतिक अस्तित्वलाई स्वीकार गर्न उनलाई कतै असहज त भइरहेको छैन? विपद्को यो भयावह घडीमा सरकार र राज्यका विभिन्न संयन्त्रबाट खोज, उद्धार र राहतका काम तीव्र गतिमा भइरहेका छन्। हजारौँ नागरिकको उद्धार भएको छ, सुरक्षाकर्मी, नेपाली सेना, प्रहरी तथा विभिन्न प्राविधिक टोलीहरू निरन्तर परिचालित छन्। तर यति ठूलो मानवीय विपद्मा भएका सकारात्मक कामको चर्चा एक शब्द पनि नगरी, हरेक प्रसंगलाई सरकारकै कमजोरी प्रमाणित गर्ने कोणबाट मात्र हेर्न खोजियो भने पत्रकारिताको निष्पक्षतामाथि प्रश्न उठ्नु स्वाभाविक होइन र? अर्को महत्वपूर्ण कुरा—नेपालमा संघ, प्रदेश र स्थानीय गरी तीन तहका सरकार छन्। विपद् व्यवस्थापनमा कुन तहको जिम्मेवारी के हो, कहाँ समन्वयको कमी भयो र कहाँ कमजोरी भयो भन्ने विषयमा गम्भीर प्रश्न उठाउनुपर्छ। स्वयं सम्बन्धित पक्षबाट पनि तीन तहबीच समन्वयको आवश्यकता औंल्याइएको छ। सरकारको आलोचना गर्नु पत्रकारको अधिकार मात्र होइन, लोकतन्त्रमा आवश्यक जिम्मेवारी पनि हो। तर आलोचनासँगै राम्रो कामको प्रशंसा गर्न सक्नु पनि निष्पक्ष पत्रकारिताकै हिस्सा हो। कहिलेकाहीँ लाग्छ—हामीले पत्रकारिताको ‘चौथो अंग’ त धेरै सुनेका छौँ, तर कहिलेकाहीँ त्यो अरूले देख्ने, आफूले नदेख्ने पछाडिको अंग जस्तो पो हुन थालेको हो कि? र फेरि स्पष्ट गरौँ, म नेपाली कांग्रेस हुँ, यसमा कुनै भ्रम नहोस्। तर पार्टीगत आस्थाभन्दा माथि उठेर एउटा सामान्य नागरिकका रूपमा मेरो प्रश्न हो तपाईंहरूको जीवनकालमा, यति ठूलो प्राकृतिक विपद्को बीचमा, यति छोटो समयमा यति ठूलो संख्यामा उद्धार र खोजीका लागि राज्यका संयन्त्रहरू यसरी परिचालित भएको कुनै सरकार देख्नुभएको छ? सरकारका कमजोरी छन् भने प्रश्न गरौँ। गल्ती छन् भने औँल्याऔँ। जवाफदेही बनाऔँ। तर राम्रो काम भएको छ भने त्यसलाई राम्रो भन्न पनि सकौँ। किनकि निष्पक्ष पत्रकारिता भनेको सरकारको पक्ष वा विपक्षमा उभिनु होइन सत्यको पक्षमा उभिनु हो।",devanagari,youtube,comment,2026-09-02T10:27:04Z,https://www.youtube.com/watch?v=c4FKIuzh-ew&lc=UgwaN3Fp5J68QtBqLHl4AaABAg,रसुवा बाढी : लासमाथि राजनीति? | NEPAL FLOOD,https://www.youtube.com/watch?v=c4FKIuzh-ew,रसुवा बाढी,disaster,other,,
5e1fd768cc6b,हम स्वयं प्रकृति के साथ अन्याय कर सकते है तो प्रकृति का हमपर अन्याय करना जायज़ है.....!! न्याय उसे मिलना चाहिए जो न्याय के लायक हो।।। मगर नेपाल का इसमें कोई दोष नहीं है दोष तो अमेरिका चीन जापान रूस भारत आदि बड़े देशों का है जो CO2 level increase करने में जिम्मेदार है...! जिस का enviroment में क्लाइमेट चेंज हो रहा है...!,mixed,youtube,comment,2026-09-01T06:17:58Z,https://www.youtube.com/watch?v=zTlJtMz5ESk&lc=Ugwgm6MngocU0ndo1Eh4AaABAg,Nepal Flood 2026 | Real cause of Nepal floods? Flood Videos | Madhukar Kotawe #madhukarkotawe #upsc,https://www.youtube.com/watch?v=zTlJtMz5ESk,Nepal monsoon flood,disaster,other,,
9294b997d198,Sundakherima. Ateri wa n patuaudakhrima dherai Manche mareko hun,romanized_nepali,youtube,comment,2026-08-28T06:00:38Z,https://www.youtube.com/watch?v=vtVYqWRSIQw&lc=Ugz88l0fNYdDEDl2uy94AaABAg,अकस्मात बाढी आउँदा के भयो ? प्रत्यक्षदर्शीले सुनाए आँखैअगाडिको भयावह दृश्य | Flood Report,https://www.youtube.com/watch?v=vtVYqWRSIQw,बाढी,disaster,damage,,
15f877a5ff24,Where is nepal govt how they can't bring those family members who lost their lives,english,youtube,comment,2026-08-30T08:19:05Z,https://www.youtube.com/watch?v=9pUjRIPxQQM&lc=UgzC-lnr8DKS9wivS054AaABAg,"&#39;Deserted Markets, Grieving Families&#39;: Nepal Flood Devastation Deepens | Ground Report",https://www.youtube.com/watch?v=9pUjRIPxQQM,Melamchi flood,disaster,other,,
af8f1f97fa12,मित्र rastara china सरकार ले बढी पारेको दाजु भाइ तथा दिदी बहिनी हरूको लागि ठूलो sayg pathaunu bhayako chha dhanya bad abhar bakta garda chhu !!,mixed,youtube,comment,2026-08-31T03:14:46Z,https://www.youtube.com/watch?v=6JlAQTEEyP0&lc=UgxVqoBrzhgIhVUbxHB4AaABAg,🇨🇳चीनका दुई भिषण जहाज काठमान्डुमा Two Chinese Y-20 Aircraft Bring 50 Tons of Flood Relief to Nepal✈️,https://www.youtube.com/watch?v=6JlAQTEEyP0,Melamchi flood,disaster,other,,
91afa61da466,"Sbse achhe tarike se samjhaya h sir ne,abhi tk jitne platform ki video dekhi unme sbse achha explain Madhukar kotawe sir ne kiya h😊",romanized_nepali,youtube,comment,2026-08-31T14:34:35Z,https://www.youtube.com/watch?v=zTlJtMz5ESk&lc=UgwSswpDcvRszXQdF1Z4AaABAg,Nepal Flood 2026 | Real cause of Nepal floods? Flood Videos | Madhukar Kotawe #madhukarkotawe #upsc,https://www.youtube.com/watch?v=zTlJtMz5ESk,Nepal monsoon flood,disaster,other,,
62daf2cd0490,"Aba ta school level dekhi nai disaster (e-quake, flood, fire) sambandhi safety and actions sambandhi training and education chahincha.",romanized_nepali,youtube,comment,2026-08-28T09:33:02Z,https://www.youtube.com/watch?v=vtVYqWRSIQw&lc=UgwpGAj2TolGtEOi2ex4AaABAg,अकस्मात बाढी आउँदा के भयो ? प्रत्यक्षदर्शीले सुनाए आँखैअगाडिको भयावह दृश्य | Flood Report,https://www.youtube.com/watch?v=vtVYqWRSIQw,बाढी,disaster,other,,
769e73c0d2f2,Salute Nepal Army great work god bless to all 🙏😥😥😥,english,youtube,comment,2026-08-31T14:21:00Z,https://www.youtube.com/watch?v=0PJT8KN7wuM&lc=UgwSPqGUPs9GR1IgvvZ4AaABAg,"बाढी प्रभावित क्षेत्रहरूमा राहत वितरण, खोज तथा उद्धारमा #नेपालीसेना....#BhoteKoshiFlood #nepaliarmy",https://www.youtube.com/watch?v=0PJT8KN7wuM,बाढी,disaster,other,,
eeb0d9eb1866,"China is doing rescue and road construction already. They have not released any information because they knew people like you will start spying and speculation , defaming others. Please stop sending such speculation and own ideology. Have Indian stopped making damp in Nepali boarder? Balen shah didn't want any foreigners interfering and spying by coming in the name of rescue as they did during earthquake in 1995. Nepal and Nepali appreciate all help except people",romanized_nepali,youtube,comment,2026-08-30T15:46:08Z,https://www.youtube.com/watch?v=g99veFdSpOU&lc=UgxIIbIuhfraYOMiyrp4AaABAg,Nepal Landslide: What Really Happened - and Is Balen Shah Out of His Depth?,https://www.youtube.com/watch?v=g99veFdSpOU,Nepal landslide,disaster,other,,
9b256f1b9df4,Many are protesting against this.,english,youtube,reply,2025-07-05T16:25:13Z,https://www.youtube.com/watch?v=LgW6Lu-MIMU&lc=UgxfrW1ElQ-BBhrU24t4AaABAg.AKCIgaS4G0aAKCP60ELWvg,चाेभार गल्छी काण्ड and Flood -  Kathmandu Valley in Danger?,https://www.youtube.com/watch?v=LgW6Lu-MIMU,Kathmandu flood 2024,disaster,other,,
9e0aa74d9397,कृपया सरकारको प्रधानमन्त्री दैवि प्रकोप उद्वार कोषमा मात्रै सहयोग रकम हाल्नुहोला।,devanagari,youtube,comment,2026-08-27T19:57:18Z,https://www.youtube.com/watch?v=8moDJFX_06U&lc=Ugxlll8JkcFj7YgZMdB4AaABAg,अझै छ बाढीको डर ! आँसुमा डुबेको देश - सरकार सक्रिय || Rasuwa Flood Nepal || SIDHAKURA ||,https://www.youtube.com/watch?v=8moDJFX_06U,Rasuwa flood,disaster,resource_available,,
329118406a2b,Bada kholne kunpati ho janta buja chahnca ok,romanized_nepali,youtube,comment,2026-09-02T10:43:25Z,https://www.youtube.com/watch?v=KeM1GzYqlWU&lc=UgwOJ6N4IMuF_iSvz_F4AaABAg,"भोटेकोशी बाढी : सुरुङभित्रबाट LIVE, विश्वकै ध्यान तान्ने बालेनको तयारी, चीनको फोटो, फेरि बाढी ?",https://www.youtube.com/watch?v=KeM1GzYqlWU,बाढी,disaster,other,,
200faca4b922,yo ta prakiti KO binas hoina yo ta Tibet le Jani Jani dam futyera Nepal sakauna lage jasto cha🙏,romanized_nepali,youtube,comment,2026-08-26T06:52:36Z,https://www.youtube.com/watch?v=4MhUbG_L2m0&lc=UgzyMmu9dwHUonLopQZ4AaABAg,"रसुवाबाढीमा हजारौँ बे&#39;पत्ता: इतिहासकै ठुलो बाढीले पुरै रसुवा बगायो, सबै तह&#39;सनहस पार्यो Rasuwa",https://www.youtube.com/watch?v=4MhUbG_L2m0,रसुवा बाढी,disaster,other,,
6299f85b7928,"Condolences to the victims' families, but this disaster would not have reached such proportions if the houses had not been built in the riverbed; it was not without reason that our ancestors never built in riverbeds.",english,youtube,comment,2026-08-29T19:22:47Z,https://www.youtube.com/watch?v=oSGumD31w-0&lc=UgxaAkpu2YT4H5yE9j54AaABAg,New Nepal flood fears loom as overflowing lake threatens another deadly surge,https://www.youtube.com/watch?v=oSGumD31w-0,Melamchi flood,disaster,other,,
06a89a441fd9,"<USER> You are right, we should respect nature or face the consequences (referring to those greedy companies). My heart sank seeing those people trying to escape, I hope there are more survivors.",english,youtube,reply,2026-08-26T21:17:59Z,https://www.youtube.com/watch?v=9ZvUQ7aoehw&lc=UgxxpiCMX_u2gDrYpnJ4AaABAg.A_z_Y4Vx279A_zf57BFoIV,Nepal’s Deadly Flash Flood: What Triggered It?,https://www.youtube.com/watch?v=9ZvUQ7aoehw,Nepal landslide,disaster,other,,
c161ab03e86d,"Why don't they send drones into the tunnels? They can also deliver clean water, liquid nutrition and first aid to the trapped workers by using drones 🤔",english,youtube,comment,2026-08-31T09:15:30Z,https://www.youtube.com/watch?v=xqzg5qPBmPE&lc=UgyKyUgqcCn4h88WHB14AaABAg,NEW Flash Flood Hits Nepal — TIME RUNNING OUT for 900 TRAPPED in Mountain Tunnels,https://www.youtube.com/watch?v=xqzg5qPBmPE,Melamchi flood,disaster,other,,
e871e4249f4b,Another global warming problem,english,youtube,comment,2026-08-28T01:31:59Z,https://www.youtube.com/watch?v=RF5Nw4g7AxE&lc=UgycarN-zd1tuvdL_9d4AaABAg,Nepal Flood Disaster 2026: Glacier Collapse,https://www.youtube.com/watch?v=RF5Nw4g7AxE,Nepal flood 2026,disaster,other,,
d89ae5bab9c3,धन्यबाद दाजु सुचना को लागि,devanagari,youtube,comment,2026-08-31T07:43:19Z,https://www.youtube.com/watch?v=BqgJV-55YFM&lc=UgxtylGfUNo4e0IJ0Il4AaABAg,गोरखाको चुमनब्री गाउँपालिका ७ छेकम्पार चौरीखर्कमा पहिरो,https://www.youtube.com/watch?v=BqgJV-55YFM,पहिरो,not_disaster,,,
321a485bc0dc,As he told he has a lot of the construction plans digitally. And with that he coordinates the search work. But he also told there are 27 separate plants (and now desaster places) they have to investigate...,english,youtube,reply,2026-09-01T17:38:12Z,https://www.youtube.com/watch?v=5SiCIenyxos&lc=Ugz73p-ESQF6jeXt3Gt4AaABAg.AaDOutpnQAxAaDihcQhNUu,Nepal tunnel rescue: Geologist maps the deadly conditions,https://www.youtube.com/watch?v=5SiCIenyxos,Nepal flood rescue,disaster,other,,
849f12546dc0,Fly Nepal TV Ra Babu lai Dherai Dherai Dhanyabaad Shada Bhagwan Dahine Rahun.❤❤,romanized_nepali,youtube,comment,2026-08-31T05:46:07Z,https://www.youtube.com/watch?v=6JlAQTEEyP0&lc=Ugw_O2Hwkp5Hq7RwbLV4AaABAg,🇨🇳चीनका दुई भिषण जहाज काठमान्डुमा Two Chinese Y-20 Aircraft Bring 50 Tons of Flood Relief to Nepal✈️,https://www.youtube.com/watch?v=6JlAQTEEyP0,Melamchi flood,not_disaster,,,
c7e44fc7aa64,भिडियो हेर्दा त कोइ नबाचिने रैछ नेपालआ,devanagari,youtube,comment,2026-08-29T16:29:33Z,https://www.youtube.com/watch?v=7btVdvcrEzc&lc=UgwfJ79cW2XA5itcOK54AaABAg,हिमताल विष्फोटनको सुनामी || Himalayan Tsunami Risk | Is the Rasuwa Flood a Warning of Cascade GLOFs?,https://www.youtube.com/watch?v=7btVdvcrEzc,Rasuwa flood,disaster,other,,
e39c054bdf9a,"रास्वपा रविको कारणले देश संकटमा गयो , सबैको साथ् सरकारलाई भए पनि , सरकार चाहि दलाई लामाको जन्मोत्सव मनाउन उद्दत भयो, ९ ०० जना इन्जिनियर पनि सुरुङ्ग भित्र छन्, अब नेपाल आर्मी नै हाम्रा आशाको बिन्दु भएको छ, २ दिन बिदा दिनु नै यो सरकारको महाभुल हो! यो रबि सरकार हत्यारा प्रमाणित भएको छ। सुरुङ्गको काममा जाने मानिस सुरुङ्ग विज्ञ PhD वा scientist हुनु पर्छ , अरु मान्छे गएर केहि काम छैन। जनताको आखामा छारो हाल्ने रसुवा बाढीको वास्तविक दोषी कोहो ?मुस्तांग भ्रमण र दलाई लामा जन्मोत्सवको कारणले यो दुर्घटना भयो, नेपाल सरकार TOB सम्बद्ध भएको कारणले मेरा अनुभवी इन्जिनियरहरूले ज्यान गुमाए। please coment about our views",mixed,youtube,comment,2026-09-02T04:46:15Z,https://www.youtube.com/watch?v=KeM1GzYqlWU&lc=UgxmT1zHnt9pePeAwol4AaABAg,"भोटेकोशी बाढी : सुरुङभित्रबाट LIVE, विश्वकै ध्यान तान्ने बालेनको तयारी, चीनको फोटो, फेरि बाढी ?",https://www.youtube.com/watch?v=KeM1GzYqlWU,बाढी,disaster,other,,
069b115eafbc,खोला नदी किनार बस्ती विस्तार बन्द गरियोस्।,devanagari,youtube,comment,2026-08-30T04:11:08Z,https://www.youtube.com/watch?v=7btVdvcrEzc&lc=UgxA3tmSngMFBtsMS0J4AaABAg,हिमताल विष्फोटनको सुनामी || Himalayan Tsunami Risk | Is the Rasuwa Flood a Warning of Cascade GLOFs?,https://www.youtube.com/watch?v=7btVdvcrEzc,Rasuwa flood,disaster,other,,
a0b6b54f84fb,Sat Guru Deb Ji ki Jay Ho 🙇🙇❤️❤️🌎👀,romanized_nepali,youtube,comment,2026-08-31T00:43:06Z,https://www.youtube.com/watch?v=OX3qvyLoUck&lc=Ugw8-dwtZqN-uXb1CQ14AaABAg,Ground Report: घर र सपना बगाएको विपत्तिमा कसरी सहारा बन्यो &#39;अन्नपूर्णा अभियान&#39;? | SA News Nepal,https://www.youtube.com/watch?v=OX3qvyLoUck,बाढी पहिरो उद्धार,not_disaster,,,
a08d560e9d63,I wouldn't live near a dam or a flood-prone area... These people knew something like this could happen.. Unfortunately it did,english,youtube,comment,2026-09-01T07:10:00Z,https://www.youtube.com/watch?v=weuOXEihkYg&lc=Ugy_Jqmj0pZooRpMW314AaABAg,Search and rescue continues in Nepal as flood recovery efforts grow,https://www.youtube.com/watch?v=weuOXEihkYg,Nepal flood rescue,disaster,other,,
0e64d93273a8,यो माफिया द्वारा संचालित मिडिया र पितपत्रुकार सत्यतथ्यमा आधारित नभ‌एको न्यूज लाई हेडलाइन बनाएर समाजमा भाडभैलो मच्चाउने र यो शोकको घडीमा सरकारको खुटृऻ तान्ने प्रबृत्ति नदेखाएको राम्रो हो।।।यस्तो बिपत को समयमा काध मा काध मिलाएर अघि बढनु पर्छ सरल भाषामा भन्नु पर्दा कुकुर हरु भुकी रहन्छ हाक्ती लम्किरहन्छ,devanagari,youtube,comment,2026-09-02T12:07:04Z,https://www.youtube.com/watch?v=ct2b_Doi9LE&lc=Ugxf9UEzx_wDuUKAOeJ4AaABAg,"भोटेकोशी बाढी: बालेनको सदनमा सम्बोधन ? विपक्षीको कडा तयारी, सभामुखको विशेष प्रस्ताव",https://www.youtube.com/watch?v=ct2b_Doi9LE,भोटेकोशी बाढी,disaster,other,,
3fa8215eac61,महान मानवीय सेवा ।,devanagari,youtube,comment,2026-09-01T14:51:38Z,https://www.youtube.com/watch?v=OX3qvyLoUck&lc=UgxTs5sTNGg5_SBVq6Z4AaABAg,Ground Report: घर र सपना बगाएको विपत्तिमा कसरी सहारा बन्यो &#39;अन्नपूर्णा अभियान&#39;? | SA News Nepal,https://www.youtube.com/watch?v=OX3qvyLoUck,बाढी पहिरो उद्धार,disaster,other,,
22ce3ccbefff,"ओलिका झोले मु हरुले लास माथी राजनीति गरेर आगामी स्थानीय चुनाव जित्छु भनेको होला , भुत्रो खान्छ",devanagari,youtube,comment,2026-09-01T14:30:03Z,https://www.youtube.com/watch?v=c4FKIuzh-ew&lc=UgyeOxAjARGvjOvfFup4AaABAg,रसुवा बाढी : लासमाथि राजनीति? | NEPAL FLOOD,https://www.youtube.com/watch?v=c4FKIuzh-ew,रसुवा बाढी,disaster,other,,
8fa9ddc78387,नेपाल सरकार भएको अनुभव भयो यो पटक धन्यवाद बालेन सरकार ✅,devanagari,youtube,comment,2026-08-26T09:55:36Z,https://www.youtube.com/watch?v=csH4Wydq4w8&lc=Ugw4006Qoimj3kyZ0Ot4AaABAg,Rasuwa Flood 1 PM Live Update: Massive Destruction Across Rasuwa | Rescue Operation Underway,https://www.youtube.com/watch?v=csH4Wydq4w8,Rasuwa flood,disaster,other,,
edcb021b15d0,"That’s an interesting possibility, but so far I haven’t seen evidence that tunneling or blasting triggered this collapse. The current evidence points to a massive high-altitude rock-and-ice failure. If investigators find nearby blasting or construction activity that could have affected the slope, that would definitely be worth examining.",english,youtube,reply,2026-08-31T14:38:12Z,https://www.youtube.com/watch?v=x-_WGz3ydwY&lc=UgyiZDHlRniOe1EiEjR4AaABAg.AaAPzaRSFeiAaApJOybsiK,Nepal–Tibet Mega Flood 2026: What Really Caused It?,https://www.youtube.com/watch?v=x-_WGz3ydwY,Nepal flood 2026,disaster,other,,
ef000516dab7,"काठमाण्डौ उपत्यका भीत्र खाली जग्गा अब उप्रान्तकिन बेच गर्न नपाइने व्यबस्थासरकारले ल्याउनु पर्ने हुन्छ , बनिसकेका संरचना याने घरहरू भने किन बेच गरन पाउने हुनु पर्छ , काठमाण्डौमा जनसंख्या धेर भयो , अब यो भन्दा बढी जनसंख्या बोक्न उपत्यका संग capable छैन , कस्तो सल्लाहा दिनु हुन्छ ?",mixed,youtube,comment,2025-07-09T21:32:34Z,https://www.youtube.com/watch?v=LgW6Lu-MIMU&lc=Ugy1OBQRQpNplX2Qwmt4AaABAg,चाेभार गल्छी काण्ड and Flood -  Kathmandu Valley in Danger?,https://www.youtube.com/watch?v=LgW6Lu-MIMU,Kathmandu flood 2024,disaster,other,,
fd649001a9f7,बिपद को बेला मानवबिय ता देखाउँ येस्मा तपाईं हाम्रो सनो सहयोग ले कसै को पेट भरिन सक्छ ।येहि हो हाम्रो मुल धर्म ।भगवा सबै को कल्याण गरून् ।😥😥😥😥,devanagari,youtube,comment,2026-08-26T11:10:49Z,https://www.youtube.com/watch?v=csH4Wydq4w8&lc=UgxpQhnCG4DpfViYUP14AaABAg,Rasuwa Flood 1 PM Live Update: Massive Destruction Across Rasuwa | Rescue Operation Underway,https://www.youtube.com/watch?v=csH4Wydq4w8,Rasuwa flood,disaster,other,,
fbbda8fb488d,​<USER>्टर_हिंदुस्तानीи мне смешно... Позор.,mixed,youtube,reply,2026-09-01T17:50:53Z,https://www.youtube.com/watch?v=FXMZv1sOBUo&lc=UgyNYz14yj8Ii3lPOXd4AaABAg.Aa27v_20YM2AaDk9_SUX0a,Pt.1- Disaster Waiting To Happen? | Was The Nepal Flood Fury Preventable? | Akash Banerjee,https://www.youtube.com/watch?v=FXMZv1sOBUo,Nepal monsoon flood,not_disaster,,,
f9912173dc9b,I saw the picture and was shocked and felt sorry for the people who suffered. 😢😢,english,youtube,comment,2026-08-27T03:10:09Z,https://www.youtube.com/watch?v=9ZvUQ7aoehw&lc=UgzIk4d7__BYg2mBQqJ4AaABAg,Nepal’s Deadly Flash Flood: What Triggered It?,https://www.youtube.com/watch?v=9ZvUQ7aoehw,Nepal landslide,disaster,other,,
3985cea633f0,Sahi kura vannu vayo dog lai kati vok lagi ra hola 😥💔,romanized_nepali,youtube,reply,2026-09-01T17:51:56Z,https://www.youtube.com/watch?v=_3pyMK8qqss&lc=Ugxgr5t17nFi6T7UqF94AaABAg.AaBIFMFItFHAaDkHDCp8jG,जसले म म*र्दैछु बुढी भनेर श्रीमतीलाई भिडियो पठाएका थिए... || RASUWA FLOOD VICTIM STATEMENT ||,https://www.youtube.com/watch?v=_3pyMK8qqss,Rasuwa flood,disaster,other,,
4a0bfc70842b,Afno desh ko tw aru media bata new herna sakinxa but biswo ko chae thaha xaina khasai tyae vara biswo Kai layaunu k sir,romanized_nepali,youtube,comment,2026-08-29T14:55:50Z,https://www.youtube.com/watch?v=7btVdvcrEzc&lc=Ugw8sCkTYsR665D6rzJ4AaABAg,हिमताल विष्फोटनको सुनामी || Himalayan Tsunami Risk | Is the Rasuwa Flood a Warning of Cascade GLOFs?,https://www.youtube.com/watch?v=7btVdvcrEzc,Rasuwa flood,disaster,other,,
34abd074aab9,हामी कर्मचारीको तर्फ बाट फुल्लि सपोर्ट।😭😭😭😭😭😭😭😭😭😭😭,devanagari,youtube,comment,2026-08-28T01:38:30Z,https://www.youtube.com/watch?v=8moDJFX_06U&lc=UgzKoC4ATrLChEdPe-d4AaABAg,अझै छ बाढीको डर ! आँसुमा डुबेको देश - सरकार सक्रिय || Rasuwa Flood Nepal || SIDHAKURA ||,https://www.youtube.com/watch?v=8moDJFX_06U,Rasuwa flood,not_disaster,,,
1d63cbb80433,mero sathi gaurav sapkota kaha cha please find him rasuwa bata belong garcha,romanized_nepali,youtube,comment,2026-08-30T10:41:29Z,https://www.youtube.com/watch?v=7btVdvcrEzc&lc=UgxaHIviYPvrHF71sKt4AaABAg,हिमताल विष्फोटनको सुनामी || Himalayan Tsunami Risk | Is the Rasuwa Flood a Warning of Cascade GLOFs?,https://www.youtube.com/watch?v=7btVdvcrEzc,Rasuwa flood,disaster,rescue_needed,,
530e8049ebfc,यो बिरोद गर्दैइ बस्ने टाइम होलात छि,devanagari,youtube,comment,2026-09-02T13:57:52Z,https://www.youtube.com/watch?v=c4FKIuzh-ew&lc=Ugw8ViLSIHxS2Vkgrp94AaABAg,रसुवा बाढी : लासमाथि राजनीति? | NEPAL FLOOD,https://www.youtube.com/watch?v=c4FKIuzh-ew,रसुवा बाढी,disaster,other,,
d13cf0f502a4,raksi band garnu hai,english,youtube,comment,2026-08-31T14:08:41Z,https://www.youtube.com/watch?v=GrqpYFh3ceQ&lc=UgxNHqfAuuue4mNDQOZ4AaABAg,रसुवा बाढी अपडेट : के हुदैछ ?-NEWS24 TV,https://www.youtube.com/watch?v=GrqpYFh3ceQ,रसुवा बाढी,not_disaster,,,
97e3a7019404,Khola ko baato lai na roki development garnu pardachh,romanized_nepali,youtube,comment,2026-09-01T19:24:19Z,https://www.youtube.com/watch?v=90iKYyq9HlU&lc=Ugx_LG88y_kF3FH7S3R4AaABAg,Ep:622 | What Caused the Rasuwa Flood? The Real Reason Behind the Disaster | Ramesh Bhushal,https://www.youtube.com/watch?v=90iKYyq9HlU,Rasuwa flood,disaster,other,,
26f316e1a7ee,"Kudrat sab ka badla leti , kudrat se barha koi nai",english,youtube,comment,2024-09-29T22:17:56Z,https://www.youtube.com/watch?v=jwAp8X-kQwM&lc=UgznuR17HX0Nktrg5wJ4AaABAg,At least 140 dead after Nepal floods,https://www.youtube.com/watch?v=jwAp8X-kQwM,Kathmandu flood 2024,disaster,other,,
d1e85f2314d7,अमेरिकी डिजाइनमा टिबेटन आर्मी हुन सक्छ,devanagari,youtube,comment,2026-09-02T13:46:05Z,https://www.youtube.com/watch?v=Iq204O8qskw&lc=UgybzmEXq3AvX0JgLNN4AaABAg,रसुवा बाढी प्रभावित क्षेत्रमा देखिएको गृनआर्मी के हो? कुन उदेश्यले संचालितछ ? यसरी बुझौ।।,https://www.youtube.com/watch?v=Iq204O8qskw,रसुवा बाढी,disaster,other,REVIEW: Conspiracy about an army; no explicit disaster reference in text,
478770aa047c,Bowingda bir togara suv bor wxtityot bol bowing a tokilib ketsa ozingdan kor,english,youtube,comment,2026-09-01T10:40:37Z,https://www.youtube.com/watch?v=weuOXEihkYg&lc=UgwJgBNhTQLF46EltlN4AaABAg,Search and rescue continues in Nepal as flood recovery efforts grow,https://www.youtube.com/watch?v=weuOXEihkYg,Nepal flood rescue,not_disaster,,,
5f7a36d85bec,It’s not time to complain government. Please let’s rescue flood victims as much as possible. Let’s be positive. Let’s put positive hope rather than bad politics 🙏🙏🙏,english,youtube,comment,2026-09-01T22:46:56Z,https://www.youtube.com/watch?v=c4FKIuzh-ew&lc=UgwNmKh8fvO_bBafWTZ4AaABAg,रसुवा बाढी : लासमाथि राजनीति? | NEPAL FLOOD,https://www.youtube.com/watch?v=c4FKIuzh-ew,रसुवा बाढी,disaster,other,,
bc317061e52e,Hamro tw kheta Pani thorai Pani thiyo ghr ma aayena 🥵😥,romanized_nepali,youtube,comment,2024-10-07T15:14:50Z,https://www.youtube.com/watch?v=7dXU2Anlqlg&lc=UgxbrW_UjjcYRssBJLl4AaABAg,Nepal Flood Heaviest Rain in 24 Hour - Kathmandu Valley in Danger?,https://www.youtube.com/watch?v=7dXU2Anlqlg,Kathmandu flood 2024,disaster,damage,,
716c7f4d2fbb,"she speaks and presents extremely well for a pilot, almost like a news presenter.",english,youtube,comment,2026-09-01T02:49:53Z,https://www.youtube.com/watch?v=mWJLn39EQRY&lc=UgyVz7ArvCMxDY0TaYp4AaABAg,Nepal rescue pilot interview &amp; where &#39;body after body&#39; is turning up,https://www.youtube.com/watch?v=mWJLn39EQRY,Nepal flood rescue,not_disaster,,,
844b5cc2df06,Rabiko ko jasto bichar sabaiko hunu parxa jai ghanti ❤❤❤❤,romanized_nepali,youtube,comment,2026-08-26T12:33:56Z,https://www.youtube.com/watch?v=9Yu5mWn0X6U&lc=UgzOuM2DDnsRE-D-5vZ4AaABAg,RASHUWA BADI 🔴 रसुवा बाढी अपडेट : कहाँ कहाँ  के-के क्षति भयो ?,https://www.youtube.com/watch?v=9Yu5mWn0X6U,बाढी पहिरो उद्धार,not_disaster,,,
db8a397f1c72,"सरकारको अन्तराष्ट्रिय समन्वयमा कमी, जानकारी र ब्रिफिङ गर्दै समय गयो, टनेल भित्रको विदेशी उच्च स्तरको प्राविधिक उद्धार टोली आउन ढिलाइ । तर पनि पाइलट, सेना, ससस्त्र, स्थानीय युवा/बुद्धिजीवी खटेकोमा धन्यवाद ।",devanagari,youtube,comment,2026-08-31T16:15:16Z,https://www.youtube.com/watch?v=_7W5Hml6oXU&lc=UgwSounGLsU-fOHrz1F4AaABAg,भोटेकोशी बाढी : आफन्तको आक्रोशदेखि उपकरण अभाव खेपिरहेका सुरक्षाकर्मी ! | Prime Time with Sama Thapa,https://www.youtube.com/watch?v=_7W5Hml6oXU,भोटेकोशी बाढी,disaster,other,,
e80346c75f96,Parkirti nisturi hoina hajur hami swarthi chai ho,english,youtube,reply,2026-08-26T08:44:27Z,https://www.youtube.com/watch?v=4MhUbG_L2m0&lc=Ugw1SFkHRhlss5n3OvV4AaABAg.A_xvs2QC_JdA_yJr5HtxSL,"रसुवाबाढीमा हजारौँ बे&#39;पत्ता: इतिहासकै ठुलो बाढीले पुरै रसुवा बगायो, सबै तह&#39;सनहस पार्यो Rasuwa",https://www.youtube.com/watch?v=4MhUbG_L2m0,रसुवा बाढी,disaster,other,,
b4523ee28b16,एस्तो एस्तो नेत मन्त्री हरुले देशचलयो भने डेड बरसम देश स्वाह हुन्छ,devanagari,youtube,comment,2024-09-29T13:13:51Z,https://www.youtube.com/watch?v=7dXU2Anlqlg&lc=Ugx6FNhc-znu-eE8RLJ4AaABAg,Nepal Flood Heaviest Rain in 24 Hour - Kathmandu Valley in Danger?,https://www.youtube.com/watch?v=7dXU2Anlqlg,Kathmandu flood 2024,disaster,other,,
ec2de35e439f,"​<USER>""I pray from the bottom of my heart that things get back to normal soon. Everyone deserves to be happy.""""Praying for a speedy recovery and for happiness to return to everyone. Hope everything turns out fine soon.""❤❤",english,youtube,reply,2026-08-31T11:40:10Z,https://www.youtube.com/watch?v=Rx8LmvSW-DY&lc=UgxQEYDlC4GX38Cr95p4AaABAg.AaANgvvsIuOAaAVwSnIzCc,Nepal Flood Viral Video :बाढ़ के बाद तबाह हुआ पूरा नेपाल ! | N18S | Nepal Flood | Viral News | Nepal,https://www.youtube.com/watch?v=Rx8LmvSW-DY,Nepal monsoon flood,disaster,other,,
3e2b5324edac,"I was very sad to see this flood in Nepal.May Allah help the affected people. Along with that,i also saw that most of the people in Nepal do not have the slightest humanity. There are dead bodies laying around,but they are busy collection jewellery, gas, fish and wood.It’s very sad for the Nation.",english,youtube,comment,2026-08-28T07:38:10Z,https://www.youtube.com/watch?v=6Y3iQJ9W_o4&lc=UgyRgq5m4Yx9tjr3kPp4AaABAg,Nepal Landslide Disaster: Dozens Of Americans Among The Missing. What You Need To Know - August 27,https://www.youtube.com/watch?v=6Y3iQJ9W_o4,Nepal landslide,disaster,other,,
a0a60075c7bd,नदि नालामा बस्ने किना,devanagari,youtube,comment,2026-08-30T19:14:10Z,https://www.youtube.com/watch?v=QOu8_yjxUJg&lc=UgziQw7O_rWItAtQ02p4AaABAg,जसले अहिले र १८ सालको बाढी देखे || १८ सालमा के भएको थियो ? || SIDHAKURA || TRISULI || BHOTEKOSHI ||,https://www.youtube.com/watch?v=QOu8_yjxUJg,बाढी,disaster,other,,
bb107957d00a,बढ़िया जानकारी बढ़िया तरीके से विश्लेषण कर दिए मधुकर सर।,devanagari,youtube,comment,2026-08-31T13:14:21Z,https://www.youtube.com/watch?v=zTlJtMz5ESk&lc=UgzZqa0rvHOx1ngiuXd4AaABAg,Nepal Flood 2026 | Real cause of Nepal floods? Flood Videos | Madhukar Kotawe #madhukarkotawe #upsc,https://www.youtube.com/watch?v=zTlJtMz5ESk,Nepal monsoon flood,disaster,other,,
adc149bf63d1,Within 11 months an amplified disaster struck the country again. 😢,english,youtube,comment,2026-08-27T17:33:48Z,https://www.youtube.com/watch?v=FXMZv1sOBUo&lc=UgwniZyGgILl3hrZEoF4AaABAg,Pt.1- Disaster Waiting To Happen? | Was The Nepal Flood Fury Preventable? | Akash Banerjee,https://www.youtube.com/watch?v=FXMZv1sOBUo,Nepal monsoon flood,disaster,other,,
dce11dd5035d,"Thanks so much Rabi,Balen and Sudan babu,bless you all your team.",english,youtube,comment,2026-08-29T10:58:21Z,https://www.youtube.com/watch?v=shcQIucF5cY&lc=Ugxc8ZRS5C1ilId08ft4AaABAg,रसुवा बाढी: गृहमन्त्री सुदन राति &#39;त्रिशुली ३ ए&#39; सुरुङभित्र छिरेपछि | Rasuwa Flood,https://www.youtube.com/watch?v=shcQIucF5cY,रसुवा बाढी,disaster,other,,
80c8e48010be,"🌷🙏शुभ प्रभात🙏🌷 बालकोट , भक्तपुर नेपाल । = कहिलेकाही =",devanagari,youtube,comment,2026-09-02T03:56:59Z,https://www.youtube.com/watch?v=KeM1GzYqlWU&lc=UgxQtSsR80JK_TPI6np4AaABAg,"भोटेकोशी बाढी : सुरुङभित्रबाट LIVE, विश्वकै ध्यान तान्ने बालेनको तयारी, चीनको फोटो, फेरि बाढी ?",https://www.youtube.com/watch?v=KeM1GzYqlWU,बाढी,not_disaster,,,
7130f659361e,Jai hind❤❤❤❤❤😂😂🎉🎉namasteji🙏🙏🙏,english,youtube,comment,2026-08-30T08:13:40Z,https://www.youtube.com/watch?v=0PJT8KN7wuM&lc=Ugx9lEMrIyylU3vvu_p4AaABAg,"बाढी प्रभावित क्षेत्रहरूमा राहत वितरण, खोज तथा उद्धारमा #नेपालीसेना....#BhoteKoshiFlood #nepaliarmy",https://www.youtube.com/watch?v=0PJT8KN7wuM,बाढी,not_disaster,,,
210899c4ebd8,Corruption is a major problem within Nepal's political system and public institutions,english,youtube,comment,2026-08-30T10:48:55Z,https://www.youtube.com/watch?v=BUlRARj-l_U&lc=UgzcVeuT_lHOF3KnXdF4AaABAg,"Nepal Flood Horror: 567 Dead, Nearly 2,000 Missing | Rasuwa Villages Devastated | News18",https://www.youtube.com/watch?v=BUlRARj-l_U,Nepal landslide,not_disaster,,,
8781884c1ed1,Me too tamang I'm from Gelephu and my wife is from Rasuwa district from Dhuenche 😊,english,youtube,reply,2026-09-01T21:16:27Z,https://www.youtube.com/watch?v=90iKYyq9HlU&lc=Ugz2A_USKX6E8xKJXlh4AaABAg.AaDTGlgJ8NCAaE6gAzoL_S,Ep:622 | What Caused the Rasuwa Flood? The Real Reason Behind the Disaster | Ramesh Bhushal,https://www.youtube.com/watch?v=90iKYyq9HlU,Rasuwa flood,not_disaster,,,
63d6e5d29307,Effects of Global Warming,english,youtube,comment,2026-08-28T02:58:46Z,https://www.youtube.com/watch?v=2Q9nqCljo3g&lc=Ugzee7eojdGHoFIqMop4AaABAg,रसुवामा भीषण बाढी किन आयो ? Dr. Nitesh Khadka सँग कुराकानी,https://www.youtube.com/watch?v=2Q9nqCljo3g,बाढी,disaster,other,,
edbf3812d1f3,जय श्री कृष्ण 😂😂,devanagari,youtube,comment,2026-08-26T16:37:08Z,https://www.youtube.com/watch?v=dc7VSPoZUNE&lc=Ugz1PnkjCn8u_4Zb7BN4AaABAg,"RASUWA FLOOD LIVE: 4 PM LATEST UPDATE | Trishuli on HIGH ALERT, Massive Rescue Operation Underway",https://www.youtube.com/watch?v=dc7VSPoZUNE,Rasuwa flood,not_disaster,,,
548c9cb27153,🙏🙏🙏🙏🙏😭😭😭Dukha ko khabar 😢,english,youtube,comment,2026-08-26T10:42:01Z,https://www.youtube.com/watch?v=csH4Wydq4w8&lc=UgzmfAauDPCsPu44MDV4AaABAg,Rasuwa Flood 1 PM Live Update: Massive Destruction Across Rasuwa | Rescue Operation Underway,https://www.youtube.com/watch?v=csH4Wydq4w8,Rasuwa flood,disaster,other,,
a69c439c7ea0,Bigyaharuko jankari feri Nepal ma sunne baani pani chhaina.,romanized_nepali,youtube,comment,2026-08-27T12:37:02Z,https://www.youtube.com/watch?v=2Q9nqCljo3g&lc=UgzO0vV3KK2Q_G8LAgR4AaABAg,रसुवामा भीषण बाढी किन आयो ? Dr. Nitesh Khadka सँग कुराकानी,https://www.youtube.com/watch?v=2Q9nqCljo3g,बाढी,disaster,other,,
5a53a7a9666c,China ley paheley nai suchana diyey ko vayea manish ko jaan ta jogauna sakincha.,romanized_nepali,youtube,comment,2026-08-26T09:39:01Z,https://www.youtube.com/watch?v=csH4Wydq4w8&lc=UgyY7qL6dfXH7tWls4x4AaABAg,Rasuwa Flood 1 PM Live Update: Massive Destruction Across Rasuwa | Rescue Operation Underway,https://www.youtube.com/watch?v=csH4Wydq4w8,Rasuwa flood,disaster,other,,
b7dc37f49b5b,Allah ka azab hy ye...sab,english,youtube,comment,2026-08-30T05:32:41Z,https://www.youtube.com/watch?v=BUlRARj-l_U&lc=UgycJ2K0mBKpIoO0j_N4AaABAg,"Nepal Flood Horror: 567 Dead, Nearly 2,000 Missing | Rasuwa Villages Devastated | News18",https://www.youtube.com/watch?v=BUlRARj-l_U,Nepal landslide,disaster,other,,
b199e07ee068,Right bro maile ni yahi comment gareko chu ra dekheko chu gas 12 jati nikaleko falam nikaleko yastai derai kura haru Jan lai jokhim rakhera kasta kasta Nepali hunxan ho acham Parchu ma god le sab lai rachya garun ❤❤❤,romanized_nepali,youtube,comment,2026-08-26T12:18:17Z,https://www.youtube.com/watch?v=dc7VSPoZUNE&lc=UgxTHEYWa__ck8O-DXV4AaABAg,"RASUWA FLOOD LIVE: 4 PM LATEST UPDATE | Trishuli on HIGH ALERT, Massive Rescue Operation Underway",https://www.youtube.com/watch?v=dc7VSPoZUNE,Rasuwa flood,disaster,other,,
8f4df588c8cd,तँ कुत्ताकाे नाम के हाे ? लेख्दा हाेस गर मुजी ।,devanagari,youtube,reply,2026-09-02T11:34:13Z,https://www.youtube.com/watch?v=KeM1GzYqlWU&lc=UgxmT1zHnt9pePeAwol4AaABAg.AaEv9ZpAYkOAaFdqaWvwsM,"भोटेकोशी बाढी : सुरुङभित्रबाट LIVE, विश्वकै ध्यान तान्ने बालेनको तयारी, चीनको फोटो, फेरि बाढी ?",https://www.youtube.com/watch?v=KeM1GzYqlWU,बाढी,not_disaster,,,
0204e2d8eb17,This is so heartbreaking! Just kilometers away from my home which is in terai region of Nepal! My mom's friends found two Chinese kids and one woman's body which was unable to save ! It was so heartbreaking to hear! I really wonder where will we find Our nepali people if that's the case,romanized_nepali,youtube,comment,2026-08-27T02:09:46Z,https://www.youtube.com/watch?v=9ZvUQ7aoehw&lc=Ugy-vBz4Zb_PNsNo5fl4AaABAg,Nepal’s Deadly Flash Flood: What Triggered It?,https://www.youtube.com/watch?v=9ZvUQ7aoehw,Nepal landslide,disaster,damage,,
405ea179fc13,Hai bhagwan please nepal ko bacchao 🙏🙏🙏🙏😭,romanized_nepali,youtube,comment,2026-08-27T04:30:16Z,https://www.youtube.com/watch?v=uuNq2nPw-yc&lc=Ugyl_U3DZOAN_A-qo_B4AaABAg,रसुवागढी बाढी: Rasuwagadi badi update | nepali news | rasuwa badhi news today | badhi pahiro,https://www.youtube.com/watch?v=uuNq2nPw-yc,Nepal badhi pahiro,disaster,other,,
3942cf036a07,रक्षा गर हे पशुपतिनाथ 🙏🙏🙏🙏🙏,devanagari,youtube,comment,2026-08-26T11:34:41Z,https://www.youtube.com/watch?v=uuNq2nPw-yc&lc=UgyIhTKZEeauGZL-jbJ4AaABAg,रसुवागढी बाढी: Rasuwagadi badi update | nepali news | rasuwa badhi news today | badhi pahiro,https://www.youtube.com/watch?v=uuNq2nPw-yc,Nepal badhi pahiro,disaster,other,,
1f34d687da6c,नेपालमा कानुन निकै बलियो हुनु पर्छ। फेरि नहोस।,devanagari,youtube,comment,2026-08-27T10:24:17Z,https://www.youtube.com/watch?v=2Q9nqCljo3g&lc=UgyImQnUW9KwKDQcRT54AaABAg,रसुवामा भीषण बाढी किन आयो ? Dr. Nitesh Khadka सँग कुराकानी,https://www.youtube.com/watch?v=2Q9nqCljo3g,बाढी,disaster,other,,
2d14b074a671,Buddan sarnan gachchmi,english,youtube,comment,2024-09-29T16:49:27Z,https://www.youtube.com/watch?v=JiKk3HbqbYc&lc=UgwGIVj09VLquYLEPt54AaABAg,Severe Floods In Nepal’s Capital Kathmandu Kills At Least 32 | Subscribe to Firstpost,https://www.youtube.com/watch?v=JiKk3HbqbYc,Kathmandu flood 2024,not_disaster,,,
cc7e0c466fa6,धेरै राम्रो कार्य 🙏🙏,devanagari,youtube,comment,2026-08-30T15:29:26Z,https://www.youtube.com/watch?v=OX3qvyLoUck&lc=UgyXM56ZlOg-CBe_Su54AaABAg,Ground Report: घर र सपना बगाएको विपत्तिमा कसरी सहारा बन्यो &#39;अन्नपूर्णा अभियान&#39;? | SA News Nepal,https://www.youtube.com/watch?v=OX3qvyLoUck,बाढी पहिरो उद्धार,not_disaster,,,
a8577c808527,"प्याय Natural disaster भविरहेके छ , तर अर्कै दृष्ट्रीविन्दुबात लाईक CONSPIRACY THEORY बाट पनि research गर्ने हो की एय् ! वेराल सरकार 🤔",mixed,youtube,comment,2026-09-02T04:23:52Z,https://www.youtube.com/watch?v=90iKYyq9HlU&lc=Ugz3Z3060q4yFfJ_5lZ4AaABAg,Ep:622 | What Caused the Rasuwa Flood? The Real Reason Behind the Disaster | Ramesh Bhushal,https://www.youtube.com/watch?v=90iKYyq9HlU,Rasuwa flood,disaster,other,,
38c247ed4e52,जिल्ला हराएर प्रदेश बनाइएको पापको परिणाम हामीले बेहोर्न पर्यो,devanagari,youtube,comment,2024-09-29T11:30:28Z,https://www.youtube.com/watch?v=7dXU2Anlqlg&lc=UgxNmj2OEs8z1UztC-14AaABAg,Nepal Flood Heaviest Rain in 24 Hour - Kathmandu Valley in Danger?,https://www.youtube.com/watch?v=7dXU2Anlqlg,Kathmandu flood 2024,disaster,other,,
130810f492c1,सबसे जिम्मेदार तो मैं हूं जो अपने लोगो को बचाने में madad नहीं कर सका और नहीं किसी प्रकार से अर्थिक सहयोग कर सका.,mixed,youtube,comment,2026-09-01T10:27:26Z,https://www.youtube.com/watch?v=zTlJtMz5ESk&lc=UgwlIhU8QIcT8yHD6x94AaABAg,Nepal Flood 2026 | Real cause of Nepal floods? Flood Videos | Madhukar Kotawe #madhukarkotawe #upsc,https://www.youtube.com/watch?v=zTlJtMz5ESk,Nepal monsoon flood,disaster,other,,
c202758ce7a8,There is no words to thank this brave man. You acted like a guardian angel to save 1600 children ❤❤❤❤❤❤,english,youtube,comment,2026-09-01T19:10:48Z,https://www.youtube.com/watch?v=jc67BCj79qY&lc=UgyecochijlXFbCP2it4AaABAg,"Nepal Teacher Saves 1,600 Children From Landslide#HeroTeacher #Nepal #Landslide #SaveTheChildren",https://www.youtube.com/watch?v=jc67BCj79qY,Nepal landslide,disaster,other,,
144829bda710,I am from nepal 😢,english,youtube,comment,2026-08-30T12:40:55Z,https://www.youtube.com/watch?v=-uO3rnIXrA4&lc=Ugz76ji9rnRxA3-ha2l4AaABAg,नेपाल में जो हुआ... ये तो अभी शुरुआत है | Nepal Flood 2026,https://www.youtube.com/watch?v=-uO3rnIXrA4,Nepal flood 2026,not_disaster,,,
a1d81ab3838e,"""HAARDIK SHRADDHAASUMAN"" TATHAA""SHOKSANTAPTA PARIWAARJAN PRATI SAMWEDANAA"". ""SARKAAR""LE""UDDHAAR,RAAHAT, UPACHAAR""TATKAAL GARNE.",romanized_nepali,youtube,comment,2026-08-28T10:41:37Z,https://www.youtube.com/watch?v=vtVYqWRSIQw&lc=Ugwl6hGg7iCeQrkZAyJ4AaABAg,अकस्मात बाढी आउँदा के भयो ? प्रत्यक्षदर्शीले सुनाए आँखैअगाडिको भयावह दृश्य | Flood Report,https://www.youtube.com/watch?v=vtVYqWRSIQw,बाढी,disaster,other,,
1a97b2df8b16,हेर योहो शासीक हाम्रो सरकार श्री ग्रीयामंनत्री जीउ हजुरले एसथो संमम जियांन जोखिम मा राखि आफैं सहिम नेपाली दाजुभाइ दिदीबहिनी लाई बचाउनु जांनु यो होनी सरकार अनी केहि ले भंनछंन ईआई हो तर तो जतीले बोलछंन ती अराजकता मात्रै हुन्छ ती हुन् सरकार को बिरधी र आफ्नो संगठन थपनी सतो सराप र्गनी सके एहि ईसु बनाई किआर को जाल हानी खोला मा माछा र्पछकि भनी हिंननी हरू को के ईनि हरूलाई जनता के को माया न दया हुन्छ,devanagari,youtube,comment,2026-08-29T08:15:39Z,https://www.youtube.com/watch?v=shcQIucF5cY&lc=Ugz9hmr0l_Yi21j-xKR4AaABAg,रसुवा बाढी: गृहमन्त्री सुदन राति &#39;त्रिशुली ३ ए&#39; सुरुङभित्र छिरेपछि | Rasuwa Flood,https://www.youtube.com/watch?v=shcQIucF5cY,रसुवा बाढी,disaster,other,,
25ad5fabe417,"Atyanta marmik , sambedanatmak, Satya, tathyama Aadharit bislesan.",english,youtube,comment,2026-09-02T13:49:15Z,https://www.youtube.com/watch?v=8AVNZen9lnk&lc=UgyvET3Eyn5YrTHwlSx4AaABAg,भोटेकोशी बाढी महा विपत्ती बन्दै ! उद्धार र राहत वितरण गर्दाको तमासालाई बुझौं !,https://www.youtube.com/watch?v=8AVNZen9lnk,भोटेकोशी बाढी,not_disaster,,,
e264934211ca,यो नेपाल मात्रि भुमिमा कस्ता कोखबाट जन्मेका कुपुत्र हरु रहेछन् थुक्क तिमी हरुको जन्म 😢😢😢😢😢😢😢,devanagari,youtube,comment,2026-09-02T05:11:18Z,https://www.youtube.com/watch?v=Iq204O8qskw&lc=UgyTPXQUzVdrccbPpOp4AaABAg,रसुवा बाढी प्रभावित क्षेत्रमा देखिएको गृनआर्मी के हो? कुन उदेश्यले संचालितछ ? यसरी बुझौ।।,https://www.youtube.com/watch?v=Iq204O8qskw,रसुवा बाढी,not_disaster,,,
67982d266962,It could be true. Beautifully terrifying either way.,english,youtube,comment,2026-08-31T22:53:52Z,https://www.youtube.com/watch?v=Vp3qdElGTco&lc=Ugxx0rbEYbl9hl0Xc-14AaABAg,Tourist filming scenery accidentally captures Nepal landslide on camera,https://www.youtube.com/watch?v=Vp3qdElGTco,Nepal landslide,disaster,other,,
4675b79babf4,खै कसरि बिस्वास् गरम् भिडियो हेर्दा पनि सबै कुरा ‌झुठो भए पनि हुन्थ्यो जस्तो लाग्छ 😢😢,devanagari,youtube,comment,2026-08-29T10:58:10Z,https://www.youtube.com/watch?v=8moDJFX_06U&lc=Ugz9QdEp6HVCUOi992J4AaABAg,अझै छ बाढीको डर ! आँसुमा डुबेको देश - सरकार सक्रिय || Rasuwa Flood Nepal || SIDHAKURA ||,https://www.youtube.com/watch?v=8moDJFX_06U,Rasuwa flood,disaster,other,,
4afc22770af4,"As a Nepali from one of the flood-affected areas, this disaster has been heartbreaking to witness and experience. Thank you, The Deshbhakt, for covering the situation and raising important questions about whether this catastrophe could have been prevented. 🇳🇵🙏 We also deeply appreciate the Government of India and the Indian people for providing immediate relief assistance to Nepal during this difficult time. 🇮🇳❤ Your support and solidarity mean a lot to the affected communities. Prayers for everyone affected, and hoping Nepal recovers and rebuilds stronger. 🇳🇵 🇮🇳",romanized_nepali,youtube,comment,2026-08-27T13:11:05Z,https://www.youtube.com/watch?v=FXMZv1sOBUo&lc=UgzF0sShY99daN97fJh4AaABAg,Pt.1- Disaster Waiting To Happen? | Was The Nepal Flood Fury Preventable? | Akash Banerjee,https://www.youtube.com/watch?v=FXMZv1sOBUo,Nepal monsoon flood,disaster,other,,
379c5c2e2cf3,खै कहिले बन्छ हाम्रो देश ! सामान्य बिपदको पनि सामना गर्न नसक्ने राज्य संमयन्त्र यति ठुलो भवितव्यमा झन के गरोस्,devanagari,youtube,comment,2024-09-29T16:02:47Z,https://www.youtube.com/watch?v=7dXU2Anlqlg&lc=UgyfLRDnUbhPYo7RfJB4AaABAg,Nepal Flood Heaviest Rain in 24 Hour - Kathmandu Valley in Danger?,https://www.youtube.com/watch?v=7dXU2Anlqlg,Kathmandu flood 2024,disaster,other,,
4f4574c17631,खरानी सरकार ले तिब्बति ल्याएर नेपाल जलाएर खरानिबनाएर सको र अहिले उतैको बाढीले बगाएर खतम भयो खरानी सरकार मुर्दावाद,devanagari,youtube,comment,2026-08-26T14:12:05Z,https://www.youtube.com/watch?v=vQmk_mCMjqk&lc=UgyP91IaaiD3DherCB94AaABAg,"तिब्बतबाट विनाशकारी बाढी रसुवामा, तिब्बतबाट एकाएक उर्लिएको भोटेकोशी ।  Rasuwa badi ।। Badi Update ।।",https://www.youtube.com/watch?v=vQmk_mCMjqk,बाढी,disaster,other,,
d175cff33c27,As an Indian it's absolutely heartbreaking what's happening with our Nepali brothers and sisters. We stand with Nepal ❤,romanized_nepali,youtube,comment,2026-08-28T18:45:22Z,https://www.youtube.com/watch?v=ORPDEvHJZpA&lc=UgxSVOO9xyopGwMjOgN4AaABAg,Nepal flood disaster reconstructed minute by minute • FRANCE 24 English,https://www.youtube.com/watch?v=ORPDEvHJZpA,Nepal flood 2026,disaster,other,,
c53c3ffc4fcb,विश्व la garko global warming ko effect nepali face garnu परको hoo,mixed,youtube,comment,2026-08-31T16:14:42Z,https://www.youtube.com/watch?v=qHNX0jV1XTg&lc=Ugy905PjBwdVudvym1B4AaABAg,विश्वका मिडियाले भोटेकोशीको बाढी बारे के भने ? || Nepal Times,https://www.youtube.com/watch?v=qHNX0jV1XTg,बाढी,disaster,other,,
37138f277f2d,Kina halni harke lai hami chindainau halxau sarkarko Ma halxam kina halni harkele kiur rakha paudaina turunta kharej hos jaya sarkar,romanized_nepali,youtube,comment,2026-08-28T01:32:21Z,https://www.youtube.com/watch?v=8moDJFX_06U&lc=UgzfEkDKNhBV3MExoKJ4AaABAg,अझै छ बाढीको डर ! आँसुमा डुबेको देश - सरकार सक्रिय || Rasuwa Flood Nepal || SIDHAKURA ||,https://www.youtube.com/watch?v=8moDJFX_06U,Rasuwa flood,not_disaster,,REVIEW: Garbled text; meaning unclear,
14ebb852a5bc,"Nepal ma patrakar dherai bhaye, engineer haru kaam bhaye, engineer lai bolaum yesto technical kura haru ma",romanized_nepali,youtube,comment,2026-09-02T13:07:53Z,https://www.youtube.com/watch?v=90iKYyq9HlU&lc=UgygwM8AntwZA-vuGhF4AaABAg,Ep:622 | What Caused the Rasuwa Flood? The Real Reason Behind the Disaster | Ramesh Bhushal,https://www.youtube.com/watch?v=90iKYyq9HlU,Rasuwa flood,disaster,other,,
91354d32e14c,"Both Nepal and China breged about building marvelous dams, hydroelectric power stations, bridges and developing the mountainous region before the disaster. However, after the disaster, technically the avalanche was on Nepali side that broke the Rasuwagadhi dam, Nepal still blames China and China of course correctly blames the Nepali side. Understandably nobody wants to own a dam or construction project after that 😂. We need to put God on trial for that natural disaster? RIP.",romanized_nepali,youtube,comment,2026-08-28T19:56:13Z,https://www.youtube.com/watch?v=RF5Nw4g7AxE&lc=UgxMiNB0glLiYWursLh4AaABAg,Nepal Flood Disaster 2026: Glacier Collapse,https://www.youtube.com/watch?v=RF5Nw4g7AxE,Nepal flood 2026,disaster,other,,
8fcf4b8b2d0c,Keya bagwan ko tabahi sa 7:44 khatra hai,english,youtube,comment,2026-08-27T16:55:57Z,https://www.youtube.com/watch?v=RqjtDeg4fWk&lc=UgyPUhpnfFicJqkBYVx4AaABAg,"China, Tibet &amp; Nepal Flood Mystery | What Really Triggered The Disaster? 105 Indians Missing !",https://www.youtube.com/watch?v=RqjtDeg4fWk,Nepal monsoon flood,disaster,other,,
d3a03d3de923,Yo video kasam vanya viral vayena purai sankat aauna ber xaina lets share and spread this video loved it hajur❤,romanized_nepali,youtube,comment,2025-07-05T07:00:09Z,https://www.youtube.com/watch?v=LgW6Lu-MIMU&lc=UgyRvGuwqc47a9GBxNd4AaABAg,चाेभार गल्छी काण्ड and Flood -  Kathmandu Valley in Danger?,https://www.youtube.com/watch?v=LgW6Lu-MIMU,Kathmandu flood 2024,disaster,other,,
0240bfb4c425,Mastira ka Le Nuclear weapon ko parikshen gareko ho ki ?,romanized_nepali,youtube,comment,2026-08-26T15:48:27Z,https://www.youtube.com/watch?v=dc7VSPoZUNE&lc=UgyTb2gMY_n8GQJ0wF54AaABAg,"RASUWA FLOOD LIVE: 4 PM LATEST UPDATE | Trishuli on HIGH ALERT, Massive Rescue Operation Underway",https://www.youtube.com/watch?v=dc7VSPoZUNE,Rasuwa flood,disaster,other,,
5cf0eaf97347,Things will only worsen in future due to climate change. It's the hard working people who lose their lives like the ones trapped in the tunnel. My heart goes out to the grieving families. May their souls rest in peace.,english,youtube,comment,2026-08-31T09:16:32Z,https://www.youtube.com/watch?v=9pUjRIPxQQM&lc=UgxQMR1Q3HGPUDplRKR4AaABAg,"&#39;Deserted Markets, Grieving Families&#39;: Nepal Flood Devastation Deepens | Ground Report",https://www.youtube.com/watch?v=9pUjRIPxQQM,Melamchi flood,disaster,other,,
0d2282a91b5c,जयबालेन रबि सचदन छिट्टो जनताको उद्दारहोस्,devanagari,youtube,comment,2026-08-26T11:10:39Z,https://www.youtube.com/watch?v=csH4Wydq4w8&lc=UgwVFEpOp6BDH4ZnknN4AaABAg,Rasuwa Flood 1 PM Live Update: Massive Destruction Across Rasuwa | Rescue Operation Underway,https://www.youtube.com/watch?v=csH4Wydq4w8,Rasuwa flood,disaster,other,,
e12bd9d917e1,जब चुनाव आउँछ अनि त्यति बेला सबै नेता सबैको घर घरमा पुगेर भुइँमा बसेर गरिब घरमा खाना खाए भन्दै नाटक देखाउछन आपत बिपतको बेला टाउको लुकाउछन लाज नभसी कस्को के लाग्दो रहेछ र प्राकृतिक प्रकोपबाट ज्यान जाने सबै मा भाव पुर्ण श्रद्धा जली सबैको बैकुण्ठमा बास होस बिरामी हरु मा सिघ्र स्वास्थ्य लाभको कामना बेपत्ता जन सकुशल मिलुन धनजनको क्षति हुने सबै मा साहानुभुती सहयोगी हात लाई नमन टुलुटुलु हेरेर बस्ने नेता हरुलाई गालामा एक एक झापड,devanagari,youtube,comment,2024-09-30T15:56:47Z,https://www.youtube.com/watch?v=7dXU2Anlqlg&lc=UgwW6xtgU1pEbiUFU-V4AaABAg,Nepal Flood Heaviest Rain in 24 Hour - Kathmandu Valley in Danger?,https://www.youtube.com/watch?v=7dXU2Anlqlg,Kathmandu flood 2024,disaster,other,,
e5ce7576496f,"देश राम्रो हो बस् जनता नै """"",devanagari,youtube,comment,2026-09-02T07:48:57Z,https://www.youtube.com/watch?v=90iKYyq9HlU&lc=Ugz-xq2Sg4RVbTCR6Bp4AaABAg,Ep:622 | What Caused the Rasuwa Flood? The Real Reason Behind the Disaster | Ramesh Bhushal,https://www.youtube.com/watch?v=90iKYyq9HlU,Rasuwa flood,not_disaster,,,
e580f6001305,😂😂😂 but nepal to hindu rashtra hai na pasupatinath kam mandir hai wanha😂😂😂,english,youtube,comment,2026-08-29T11:23:02Z,https://www.youtube.com/watch?v=-uO3rnIXrA4&lc=Ugwa1u0zlWSU0ofw1Mh4AaABAg,नेपाल में जो हुआ... ये तो अभी शुरुआत है | Nepal Flood 2026,https://www.youtube.com/watch?v=-uO3rnIXrA4,Nepal flood 2026,not_disaster,,,
6e60e621a630,जलवायु परिवर्तन पृथ्वी का गर्म होना प्रकृति से छेड़छाड,devanagari,youtube,comment,2026-08-31T11:55:03Z,https://www.youtube.com/watch?v=-uO3rnIXrA4&lc=UgzxOfYdM3yBsC47LoB4AaABAg,नेपाल में जो हुआ... ये तो अभी शुरुआत है | Nepal Flood 2026,https://www.youtube.com/watch?v=-uO3rnIXrA4,Nepal flood 2026,disaster,other,,
f79f69cb8e48,"नेपाल कहिले नेताले थिच्ने कहिले आन्दोलनले, कहिले प्रकृतिले थिच्ने समृद्धि नेपाल बन्ला जस्तो छैन🤦‍♂️😭",devanagari,youtube,comment,2026-08-28T05:05:14Z,https://www.youtube.com/watch?v=njBnqiiTeZo&lc=Ugx9Dnl20q0Y6YEuj0F4AaABAg,Nepal Flash Flood 2026,https://www.youtube.com/watch?v=njBnqiiTeZo,Nepal flood 2026,disaster,other,,
0e4336d452d4,पहिले राम्रो सँग लेख्न सिक,devanagari,youtube,comment,2026-08-29T17:14:27Z,https://www.youtube.com/watch?v=E6GBiu9swBE&lc=UgzYdSf0yuAHQBIoY2t4AaABAg,मुग्लिन काठमाडौं सडक बाढी पछि को  अवस्था,https://www.youtube.com/watch?v=E6GBiu9swBE,काठमाडौं बाढी,not_disaster,,,
4ad1c99ed8dc,अति नै महत्वपूर्ण कुरा भन्नु भयो नदी किनारमा अवस्थित भौतिक निर्माण कोे लागि अब को परिस्थिति अनुसार नयाँ र कडा नियम बनाउनु पर्छ,devanagari,youtube,comment,2026-08-29T15:23:53Z,https://www.youtube.com/watch?v=7btVdvcrEzc&lc=UgwI0UsqypmaivZTzUB4AaABAg,हिमताल विष्फोटनको सुनामी || Himalayan Tsunami Risk | Is the Rasuwa Flood a Warning of Cascade GLOFs?,https://www.youtube.com/watch?v=7btVdvcrEzc,Rasuwa flood,disaster,other,,
770216f051e0,Very good bislesan thanks gyawali ji,english,youtube,comment,2026-09-02T06:34:15Z,https://www.youtube.com/watch?v=Iq204O8qskw&lc=UgyNv8eKE-uKo6fDp3J4AaABAg,रसुवा बाढी प्रभावित क्षेत्रमा देखिएको गृनआर्मी के हो? कुन उदेश्यले संचालितछ ? यसरी बुझौ।।,https://www.youtube.com/watch?v=Iq204O8qskw,रसुवा बाढी,disaster,other,,
c5a0506f9dc1,"दुख है इस घटना को लेकर, लेकिन इंसान अपनी मौत खुद लिख रहा है, अपनी स्वार्थ के लिए नेचर के साथ खिलवाड़ कर रहा है,,,, ये सब आधुनिकता का प्रभाव है।। ॐ शांति 😢।। क्लाइमेट को बदल दिया हमने।😢",devanagari,youtube,comment,2026-08-26T23:54:02Z,https://www.youtube.com/watch?v=RqjtDeg4fWk&lc=Ugw0MBsBLGqyFnlElsp4AaABAg,"China, Tibet &amp; Nepal Flood Mystery | What Really Triggered The Disaster? 105 Indians Missing !",https://www.youtube.com/watch?v=RqjtDeg4fWk,Nepal monsoon flood,disaster,other,,
1daa4d03c6a6,Don't need the AI imagery,english,youtube,comment,2026-09-01T22:15:48Z,https://www.youtube.com/watch?v=KoUq5bLMo5k&lc=UgxN_xI0-W6ta_Or5lN4AaABAg,Nepal&#39;s Flood Came From the Same Mountain That Buried a Village in 2015,https://www.youtube.com/watch?v=KoUq5bLMo5k,Nepal flood 2026,not_disaster,,,
5ce94b916409,Yo video hernu vayo vane basic kura bujinxa .. such a good research,romanized_nepali,youtube,comment,2026-09-01T19:56:17Z,https://www.youtube.com/watch?v=90iKYyq9HlU&lc=UgwnPMqOIe3oLVhTxYh4AaABAg,Ep:622 | What Caused the Rasuwa Flood? The Real Reason Behind the Disaster | Ramesh Bhushal,https://www.youtube.com/watch?v=90iKYyq9HlU,Rasuwa flood,disaster,other,,
a269271658e6,बाढी अझै आउंछ भनेर चिनले सतर्कता अपनाउन अनुरोध गरेको छ ।,devanagari,youtube,comment,2026-08-27T12:51:29Z,https://www.youtube.com/watch?v=V5dIZaqFlRA&lc=UgzqSViesQrFtghkChd4AaABAg,तिब्बतमा भूकम्प नेपालमा बाढी ||The reason behind Rasuwa Flood || SIDHAKURA ||,https://www.youtube.com/watch?v=V5dIZaqFlRA,काठमाडौं बाढी,disaster,warning,,
9188843365dd,यो बालेन सरकार बाट जेजति बाढी पिडितको उदार कार्य भएको छ त्यो अत्यन्तै प्रसंस छ ।,devanagari,youtube,comment,2026-08-31T06:47:07Z,https://www.youtube.com/watch?v=U8JI63ADNHw&lc=UgxrJA4CqapobuHJjFV4AaABAg,भोटेकोशी बाढी पछि सरकारले के के गर्यो?|| Nepal Times,https://www.youtube.com/watch?v=U8JI63ADNHw,भोटेकोशी बाढी,disaster,other,,
b206022f82ed,"राम्रो जान्कारीमूलक बार्ता, धन्यबाद",devanagari,youtube,comment,2026-08-27T14:55:26Z,https://www.youtube.com/watch?v=2Q9nqCljo3g&lc=UgypLHk4_R9wkHZNneB4AaABAg,रसुवामा भीषण बाढी किन आयो ? Dr. Nitesh Khadka सँग कुराकानी,https://www.youtube.com/watch?v=2Q9nqCljo3g,बाढी,not_disaster,,,
59dcebc7d7d6,GABRIEL ⚜️ ❤ 🙏 🥷⚡,english,youtube,comment,2026-08-29T17:36:04Z,https://www.youtube.com/watch?v=RF5Nw4g7AxE&lc=UgxAR_XP_t7MJ7515hl4AaABAg,Nepal Flood Disaster 2026: Glacier Collapse,https://www.youtube.com/watch?v=RF5Nw4g7AxE,Nepal flood 2026,not_disaster,,,
d943f76e658b,It should be anticipated these land slides can happened in mountainous regions. That wave was probably powerful than a Japanese tsunami because of the concentrated energy force flowing down through the narrow river valley.,english,youtube,reply,2026-08-28T10:55:17Z,https://www.youtube.com/watch?v=ORPDEvHJZpA&lc=UgwHVagiKZGqLBK7ZrV4AaABAg.Aa2flXRJ0CAAa2hQ5vnlH5,Nepal flood disaster reconstructed minute by minute • FRANCE 24 English,https://www.youtube.com/watch?v=ORPDEvHJZpA,Nepal flood 2026,disaster,other,,
cce0643f10b4,"अत्यधिक कंस्ट्रक्शन रोको, जहाँ देखो हाईवे फ्लाईओवर 😢😢😢😢 अगर जीवन बचना है हो प्रकृति से छेड़ छाड़ मत करो,... जब प्रकृति की सहन शक्ति ख़त्म होंगी तो ऐसे ही विनाश देखने को मिलेगा.. सभी अपने स्तर से प्रकृति की सुरक्षा कीजिये...",devanagari,youtube,comment,2026-08-31T11:37:05Z,https://www.youtube.com/watch?v=-uO3rnIXrA4&lc=UgyZOgIhZk1zlyD3ovl4AaABAg,नेपाल में जो हुआ... ये तो अभी शुरुआत है | Nepal Flood 2026,https://www.youtube.com/watch?v=-uO3rnIXrA4,Nepal flood 2026,disaster,other,,
190caa8b6096,Very very good sir 🙏🙏🙏🙏🌹🌹🌹,english,youtube,comment,2026-08-29T06:08:23Z,https://www.youtube.com/watch?v=shcQIucF5cY&lc=Ugzf0sJ7G6eQHoo9Dcx4AaABAg,रसुवा बाढी: गृहमन्त्री सुदन राति &#39;त्रिशुली ३ ए&#39; सुरुङभित्र छिरेपछि | Rasuwa Flood,https://www.youtube.com/watch?v=shcQIucF5cY,रसुवा बाढी,not_disaster,,,
815c164164d5,The person who called him to alert the school was a hero as well!! Don't ever forget that. 2 heroes ❤🎉,english,youtube,comment,2026-09-01T22:51:50Z,https://www.youtube.com/watch?v=jc67BCj79qY&lc=UgwmxOcqMJUq9Q6MqA14AaABAg,"Nepal Teacher Saves 1,600 Children From Landslide#HeroTeacher #Nepal #Landslide #SaveTheChildren",https://www.youtube.com/watch?v=jc67BCj79qY,Nepal landslide,disaster,other,,
4508550d0cfb,भगवान ले सबैको रक्षा गरुन ❤❤❤❤❤,devanagari,youtube,comment,2026-08-26T07:06:22Z,https://www.youtube.com/watch?v=4MhUbG_L2m0&lc=UgznVhkVrqCmpGQXj9p4AaABAg,"रसुवाबाढीमा हजारौँ बे&#39;पत्ता: इतिहासकै ठुलो बाढीले पुरै रसुवा बगायो, सबै तह&#39;सनहस पार्यो Rasuwa",https://www.youtube.com/watch?v=4MhUbG_L2m0,रसुवा बाढी,not_disaster,,,
f17893c06d23,She helped Nepal and Nepalese thanks a lot 🙏,english,youtube,comment,2026-09-01T03:43:37Z,https://www.youtube.com/watch?v=mWJLn39EQRY&lc=UgyQBbkCid7-aKuB0CN4AaABAg,Nepal rescue pilot interview &amp; where &#39;body after body&#39; is turning up,https://www.youtube.com/watch?v=mWJLn39EQRY,Nepal flood rescue,disaster,other,,
1c278818af56,100%Biksit Chin le kin bolen ?,english,youtube,comment,2026-08-28T10:42:25Z,https://www.youtube.com/watch?v=2Q9nqCljo3g&lc=UgzbmGo3UbDee9aglaR4AaABAg,रसुवामा भीषण बाढी किन आयो ? Dr. Nitesh Khadka सँग कुराकानी,https://www.youtube.com/watch?v=2Q9nqCljo3g,बाढी,disaster,other,,
682ee6b26294,"वक्त आने पर हर कुकर्म का फ़ल मिलेगा ही पापीयोँ को । जब पाप का घड़ा भर जाता है न , तब विनाश निश्चित हैं । भगवान के दर में देर है, अंधेर नहीं ! 🚩!!जय श्री राम!! !!हरहर महादेव!! !!आदेश महाकाल!!🚩",devanagari,youtube,comment,2026-09-02T02:11:18Z,https://www.youtube.com/watch?v=Iq204O8qskw&lc=UgwfVI2q2QLzgx69Edx4AaABAg,रसुवा बाढी प्रभावित क्षेत्रमा देखिएको गृनआर्मी के हो? कुन उदेश्यले संचालितछ ? यसरी बुझौ।।,https://www.youtube.com/watch?v=Iq204O8qskw,रसुवा बाढी,disaster,other,REVIEW: Religious retribution framing; disaster-linked claim vs religious hijack,
12a60069f034,"I have heard such a situation referred to as a ""rock glacier"" -- a jumble of fragmented rock held together by ice. In this video you can see places where the mountainsides are riddled by deep fissures. It just took a warm day in August, in the midst of a global heat wave, to weaken the ice until it lost its grip on the rock. That is why the rock fell. The vibrations from the first failure would have weakened more ice until everything that was on the brink of collapse finally came down.",english,youtube,reply,2026-08-30T13:34:48Z,https://www.youtube.com/watch?v=x-_WGz3ydwY&lc=Ugz6F0PbDolIfgIX9Q54AaABAg.Aa7xCvV031mAa88GASO-rB,Nepal–Tibet Mega Flood 2026: What Really Caused It?,https://www.youtube.com/watch?v=x-_WGz3ydwY,Nepal flood 2026,disaster,other,,
0f3b2849df0a,Ram ram bhagwan le Baki rahekako rakchya garun😢,english,youtube,comment,2026-08-26T13:19:47Z,https://www.youtube.com/watch?v=csH4Wydq4w8&lc=UgziJ3SfxvzBXR1FjLp4AaABAg,Rasuwa Flood 1 PM Live Update: Massive Destruction Across Rasuwa | Rescue Operation Underway,https://www.youtube.com/watch?v=csH4Wydq4w8,Rasuwa flood,disaster,other,,
58c7897b57a4,You're useful only to the rich. Protect them with all you have.,english,youtube,reply,2024-09-30T00:11:38Z,https://www.youtube.com/watch?v=jwAp8X-kQwM&lc=Ugy9THLSoX9iVTZ4WiZ4AaABAg.A8z6b9_mwsDA8zpgu4wp14,At least 140 dead after Nepal floods,https://www.youtube.com/watch?v=jwAp8X-kQwM,Kathmandu flood 2024,not_disaster,,,
d9d140959130,dimag aloo vayeko man6e haru le gareko decision ho tyo.,romanized_nepali,youtube,comment,2025-09-02T09:41:55Z,https://www.youtube.com/watch?v=LgW6Lu-MIMU&lc=UgzFcm5KMNImdRXOGwh4AaABAg,चाेभार गल्छी काण्ड and Flood -  Kathmandu Valley in Danger?,https://www.youtube.com/watch?v=LgW6Lu-MIMU,Kathmandu flood 2024,not_disaster,,,
2e9260b70d61,Aba Aamarnath ko history dekhina sakxa 😢 Amarnath ma 3 mahina paxi hajarau sab ko kangal fela pareko thiyo yehi natija Aauxa hola 😢,romanized_nepali,youtube,comment,2026-09-02T13:59:29Z,https://www.youtube.com/watch?v=8AVNZen9lnk&lc=Ugw0CwVg8ZKttsG5-U54AaABAg,भोटेकोशी बाढी महा विपत्ती बन्दै ! उद्धार र राहत वितरण गर्दाको तमासालाई बुझौं !,https://www.youtube.com/watch?v=8AVNZen9lnk,भोटेकोशी बाढी,disaster,other,,
8853a0b8b494,"Radha sis rescue ma khatiyeka harulai khanekura package garera dina sake dherai ramro hune thiyo,, mero manma lageko kura matra 🙏",romanized_nepali,youtube,comment,2026-08-31T14:39:42Z,https://www.youtube.com/watch?v=GrqpYFh3ceQ&lc=UgxO8P0f9nKgc-qegxt4AaABAg,रसुवा बाढी अपडेट : के हुदैछ ?-NEWS24 TV,https://www.youtube.com/watch?v=GrqpYFh3ceQ,रसुवा बाढी,disaster,other,,
440636bec1a2,Agar yhi india ki TRF se plant bn ra hota tb Puri duniya india ko bolti pr is baar china ki TRF se huwa toh sb chup hai bbc cnbc sb,romanized_nepali,youtube,comment,2026-08-27T17:45:09Z,https://www.youtube.com/watch?v=FXMZv1sOBUo&lc=UgwNGoS0pbG7S8XMHoB4AaABAg,Pt.1- Disaster Waiting To Happen? | Was The Nepal Flood Fury Preventable? | Akash Banerjee,https://www.youtube.com/watch?v=FXMZv1sOBUo,Nepal monsoon flood,disaster,other,,
33e537ca8f53,"हे ईश्वर नेपाल में जो इतना हाहाकार हुआ है ,इतना बड़ा भूकंप विस्फोट हुआ है ऐसा जीवन में किसी भी शहर में ना हो, और ना ही किसी देश में हो नेपाल में कितने लोग भी तबाही से आघात हुए हैं ,जिन 500 लोगों की report missing है वे लोग कहीं ना कहीं से जिंदा रहे,, सुरक्षित रहें ,और उनकी अगर अपने उन्हें दूर रहे हैं ,,तो वह मिल जाए,,और अगर जो इस तबाही से मृत् हो गए हैं तो ईश्वर उनकी आत्मा को शांति प्रदान करें l 😭🕯️🪔ओम शांति🙏🏻🙏🏻",mixed,youtube,comment,2026-08-26T21:12:55Z,https://www.youtube.com/watch?v=RqjtDeg4fWk&lc=UgzZyNmQksZL0AqL0jZ4AaABAg,"China, Tibet &amp; Nepal Flood Mystery | What Really Triggered The Disaster? 105 Indians Missing !",https://www.youtube.com/watch?v=RqjtDeg4fWk,Nepal monsoon flood,disaster,other,,
5e3fd8f2b3e8,"<USER> ah lil kid 🥀🥀, what can Nepal even do in that",english,youtube,reply,2026-08-27T12:17:06Z,https://www.youtube.com/watch?v=dZJvV8OZsx8&lc=UgxGysQ8NdxRRJBMg5h4AaABAg.Aa03wLduSfRAa0GzWIXvfo,"Nepal Flash Flood: Not an Earthquake, But Glacier Collapse? | Rasuwa Flood Explained",https://www.youtube.com/watch?v=dZJvV8OZsx8,Rasuwa flood,disaster,other,,
7c6b2a6f2298,"हिमाचल और उत्तराखंड के कच्चे पहाड़ों को सड़क चौड़ीकरण, पन बिजली परियोजनाओं,रेलवे और पर्यटन के नाम पर अनियंत्रित भीड़ द्वारा पर्यावरण को भारी नुकसान पहुँचाया जा रहा है।ये विकास नहीं विनाश है ।😬",devanagari,youtube,comment,2026-08-27T12:07:10Z,https://www.youtube.com/watch?v=FXMZv1sOBUo&lc=UgzNgLYFWCYsHgHqrcJ4AaABAg,Pt.1- Disaster Waiting To Happen? | Was The Nepal Flood Fury Preventable? | Akash Banerjee,https://www.youtube.com/watch?v=FXMZv1sOBUo,Nepal monsoon flood,not_disaster,,,
00f5bcb077ba,नेपालीहरुले पश्चिमा को जहिले नि वाह वाह गर्दा देश अहिले यो दुर्गतिमा गयेको हो र बिकश? कहिल्लै हुदैन बिकाश हाम्रो देशमा। राजा बिरेन्द्रलाई तेत्तिकै मारिन्थियो होला? हो! एस्तै सन्कट्काल देशमा भित्र्याउन मारिएका हुन राजा बिरेन्द्र किनकी नेपाल सम्पन्नशिल थियो र आफ्नो टाउकोमा उभिएको थियो बिरेन्द्रको शासनकालमा। कति इज्जत थियो हाम्रो देशको त्यो बेलाम! हैट घृणा लाग्छ यो सब देखेर। म कुनै पार्टीको समर्थक त होइन तर रास्त्रवादी हु,devanagari,youtube,comment,2026-09-02T13:36:35Z,https://www.youtube.com/watch?v=8AVNZen9lnk&lc=UgxVuEX6be8JN0J_eIN4AaABAg,भोटेकोशी बाढी महा विपत्ती बन्दै ! उद्धार र राहत वितरण गर्दाको तमासालाई बुझौं !,https://www.youtube.com/watch?v=8AVNZen9lnk,भोटेकोशी बाढी,disaster,other,,
8d3a838f2dcb,Rahat ra uddar ko सदुपयोग hos.,mixed,youtube,comment,2026-09-02T05:04:06Z,https://www.youtube.com/watch?v=ct2b_Doi9LE&lc=Ugw8cm_ipy-8jW6wgzB4AaABAg,"भोटेकोशी बाढी: बालेनको सदनमा सम्बोधन ? विपक्षीको कडा तयारी, सभामुखको विशेष प्रस्ताव",https://www.youtube.com/watch?v=ct2b_Doi9LE,भोटेकोशी बाढी,disaster,other,,
4da40378b4be,Thanks for taking the time to make this.,english,youtube,comment,2026-08-30T09:04:55Z,https://www.youtube.com/watch?v=oabnh5Ads_I&lc=UgwtcgWPOSji04QExA94AaABAg,Scene in Nuwakot District as poor weather hampers rescue efforts in Nepal,https://www.youtube.com/watch?v=oabnh5Ads_I,Melamchi flood,not_disaster,,,
9e692bb3ec53,oh my god दु:खद खबर 😢😢😢😢।,mixed,youtube,comment,2026-08-26T14:21:18Z,https://www.youtube.com/watch?v=dc7VSPoZUNE&lc=UgzXDoU45e-rjG9H81p4AaABAg,"RASUWA FLOOD LIVE: 4 PM LATEST UPDATE | Trishuli on HIGH ALERT, Massive Rescue Operation Underway",https://www.youtube.com/watch?v=dc7VSPoZUNE,Rasuwa flood,disaster,other,,
5441768c9a9c,China le time ma information kina diyena.,romanized_nepali,youtube,comment,2026-08-26T10:58:39Z,https://www.youtube.com/watch?v=csH4Wydq4w8&lc=Ugz9TwkZg7I8eFjS2rh4AaABAg,Rasuwa Flood 1 PM Live Update: Massive Destruction Across Rasuwa | Rescue Operation Underway,https://www.youtube.com/watch?v=csH4Wydq4w8,Rasuwa flood,disaster,other,,
9935d3d17970,Om shanti om shanti om 🕉️🕉️🕉️,english,youtube,comment,2026-08-30T08:19:38Z,https://www.youtube.com/watch?v=BUlRARj-l_U&lc=Ugwovknd69y7q1c8iKl4AaABAg,"Nepal Flood Horror: 567 Dead, Nearly 2,000 Missing | Rasuwa Villages Devastated | News18",https://www.youtube.com/watch?v=BUlRARj-l_U,Nepal landslide,not_disaster,,,
cf64dba18edf,"j mann layo tei boldya cha hai napadikana, kunai logic bina dosh dina ta tmiharu jasta nepali lai kasle sakos, aba feri maile kei tippani dida sahana sakne xemata ni hudaina, tai wrong mai right jasto thoughts liyera pradhan garchan, k garnu.",romanized_nepali,youtube,reply,2026-08-27T14:08:09Z,https://www.youtube.com/watch?v=V5dIZaqFlRA&lc=Ugw_OGNLpDAKGcaNC9F4AaABAg.Aa0LJAtBb65Aa0TgpWBWUH,तिब्बतमा भूकम्प नेपालमा बाढी ||The reason behind Rasuwa Flood || SIDHAKURA ||,https://www.youtube.com/watch?v=V5dIZaqFlRA,काठमाडौं बाढी,not_disaster,,,
c0f7af4a1aec,"The devastation across Rasuwa, the Bhote Koshi corridor, and downstream communities has claimed over a thousand lives and left thousands missing. While citizen journalists, TikTokers, YouTubers, and media pages play a role in raising awareness, using tragic footage of grieving families, swept-away homes, and emergency rescues to earn ad revenue and digital gifts raises a serious ethical issue. Profiting from human suffering without giving back is unacceptable. Every content creator, digital page, and media outlet generating monetized traffic from the Rasuwa flood coverage should donate 100% of those earnings to verified relief efforts.",english,youtube,comment,2026-09-02T11:52:46Z,https://www.youtube.com/watch?v=90iKYyq9HlU&lc=Ugy2YryA75iZn7RP3HF4AaABAg,Ep:622 | What Caused the Rasuwa Flood? The Real Reason Behind the Disaster | Ramesh Bhushal,https://www.youtube.com/watch?v=90iKYyq9HlU,Rasuwa flood,disaster,other,,
a6d9e57eae83,"......Balen सरकार पनि चोर देखियो।..बाढी पीडित भएको ठाउँमा नपुग्ने Balen Shah पनि भारतीय दलाल देखियो। Sudan पनि चोर, भ्रष्टाचारी प्रहरी प्रमुख (IGP) जोगाउने चोर गृहमन्त्री Sudan Gurung हुन् ... अर्बौं रुपैयाँ प्राप्त हुँदा पनि हजारौं मान्छे चाउचाउ र बिस्कुट खान बाध्य ।.. रसुवा र नुवाकोटको प्रभावित एरियामा ठाँउ ठाँउमा खाना र बासको वयवस्था गर्नु पर्थ्यो।हजारौं आर्मी र शशस्त्र प्रहरी परिचालन गर्नु पर्थ्यो",mixed,youtube,comment,2026-09-01T16:41:19Z,https://www.youtube.com/watch?v=c4FKIuzh-ew&lc=Ugz9kLTQeaT8sZg3hn94AaABAg,रसुवा बाढी : लासमाथि राजनीति? | NEPAL FLOOD,https://www.youtube.com/watch?v=c4FKIuzh-ew,रसुवा बाढी,disaster,other,,
cd21d2728a1b,याे रसुवाकाे धटना ख्याल गरौ ?,devanagari,youtube,comment,2026-08-26T23:00:57Z,https://www.youtube.com/watch?v=9Yu5mWn0X6U&lc=UgwmkHwChyYkEksDCEN4AaABAg,RASHUWA BADI 🔴 रसुवा बाढी अपडेट : कहाँ कहाँ  के-के क्षति भयो ?,https://www.youtube.com/watch?v=9Yu5mWn0X6U,बाढी पहिरो उद्धार,disaster,other,,
d641bb3e68d2,Dam futeko hoina kholeko ho china le Nepal sakaune plan ma ho china 😢😢,romanized_nepali,youtube,comment,2026-08-26T15:46:11Z,https://www.youtube.com/watch?v=dc7VSPoZUNE&lc=UgwADFYz5Ud1uWByI854AaABAg,"RASUWA FLOOD LIVE: 4 PM LATEST UPDATE | Trishuli on HIGH ALERT, Massive Rescue Operation Underway",https://www.youtube.com/watch?v=dc7VSPoZUNE,Rasuwa flood,disaster,other,,
9de25bd0023d,my mom travelled as pilgrim just before 2 years. My prayers are to the lost souls and the families.,english,youtube,comment,2026-08-27T22:11:54Z,https://www.youtube.com/watch?v=FXMZv1sOBUo&lc=Ugz9rdJHNv3g8k7HUKN4AaABAg,Pt.1- Disaster Waiting To Happen? | Was The Nepal Flood Fury Preventable? | Akash Banerjee,https://www.youtube.com/watch?v=FXMZv1sOBUo,Nepal monsoon flood,disaster,other,,
c07fc9309358,Yo.hamro.nepalko.grhiymantri.payeko.chhau.ki.sabai. Lai.maya.garnuhunchh Jai.nepal.jai.nepal.❤❤❤❤🌼🇳🇵🇳🇵🇳🇵🇳🇵🇳🇵🇳🇵🌼❤️,romanized_nepali,youtube,comment,2026-08-29T08:38:45Z,https://www.youtube.com/watch?v=shcQIucF5cY&lc=Ugw_Mzjab9w6O9w1Hh54AaABAg,रसुवा बाढी: गृहमन्त्री सुदन राति &#39;त्रिशुली ३ ए&#39; सुरुङभित्र छिरेपछि | Rasuwa Flood,https://www.youtube.com/watch?v=shcQIucF5cY,रसुवा बाढी,disaster,other,,
4a2b144da022,"dai yesto aawasta ma pani chori gareka xan tesko kura garnu vayeko khoi mathi bata bagayerw lyayeko cylinder haru papi manxe haru le choreka xan rw laas le lagayeko sun chadi haru Matra nikalerw laas Lai aajha pani dhakaleka xan yeni haru Lai ni chetawani,aathawa kei vannu vayeko vaye hunthyo",romanized_nepali,youtube,comment,2026-08-28T03:21:37Z,https://www.youtube.com/watch?v=njBnqiiTeZo&lc=UgzjT2jaG0tfy8gotXp4AaABAg,Nepal Flash Flood 2026,https://www.youtube.com/watch?v=njBnqiiTeZo,Nepal flood 2026,disaster,other,,
f692a117fc08,Eng ma nai garda hunxa ni hainna ta dherai padeko rahexa yo kta haru,romanized_nepali,youtube,reply,2026-09-02T03:30:48Z,https://www.youtube.com/watch?v=90iKYyq9HlU&lc=UgxPyIERwrGcWApZudh4AaABAg.AaEBZsAWkceAaEmWzXZAtA,Ep:622 | What Caused the Rasuwa Flood? The Real Reason Behind the Disaster | Ramesh Bhushal,https://www.youtube.com/watch?v=90iKYyq9HlU,Rasuwa flood,not_disaster,,,
13e16dac55e0,"Insaan khud ko kitna bhi takatwaar kahe , ya phir kitni bhi advance technology bana le lekin nature ke aage kuch bhi nahi hai.",romanized_nepali,youtube,comment,2026-08-27T15:32:55Z,https://www.youtube.com/watch?v=FXMZv1sOBUo&lc=UgzPqjI5GzwCrritC4Z4AaABAg,Pt.1- Disaster Waiting To Happen? | Was The Nepal Flood Fury Preventable? | Akash Banerjee,https://www.youtube.com/watch?v=FXMZv1sOBUo,Nepal monsoon flood,disaster,other,,
627c20c51edb,Sampati ta manxe rahena kamainxa hjr haru bachnu nai vagawanko Lila ho ❤❤🙏🙏,romanized_nepali,youtube,comment,2026-08-31T06:06:46Z,https://www.youtube.com/watch?v=AbLTmMuesxM&lc=Ugz8W7CfphkkTxp69cF4AaABAg,Bhotekoshi Flood आफ्नै परिवारले नै बाढीमा फसेका ६ जनाको उद्धार यसरी गर्यो हेर्नुहोस | Nuwakot Nepal,https://www.youtube.com/watch?v=AbLTmMuesxM,Bhotekoshi flood,disaster,other,,
a6ef2e51800f,Yo desh maa yastai xa but bujnnea ta alik satarka aapuna parnea thyio sayed prakriti prakoop kun bela aauxa vanna sakinna kati barsa pachi aayo vanea aaba ko baki din haru lai khyaal garna ramro hola mero way ma chai 🙏,romanized_nepali,youtube,comment,2024-09-29T17:49:06Z,https://www.youtube.com/watch?v=7dXU2Anlqlg&lc=UgzOXExR2sF7_-AT0sp4AaABAg,Nepal Flood Heaviest Rain in 24 Hour - Kathmandu Valley in Danger?,https://www.youtube.com/watch?v=7dXU2Anlqlg,Kathmandu flood 2024,disaster,warning,,
f84e0a866ec1,Jantako sarkar vaneko yesto ho,romanized_nepali,youtube,comment,2026-08-29T07:45:17Z,https://www.youtube.com/watch?v=shcQIucF5cY&lc=UgxvccSZ0hSTJ2oCzRd4AaABAg,रसुवा बाढी: गृहमन्त्री सुदन राति &#39;त्रिशुली ३ ए&#39; सुरुङभित्र छिरेपछि | Rasuwa Flood,https://www.youtube.com/watch?v=shcQIucF5cY,रसुवा बाढी,not_disaster,,,
76ef0ee8239e,Dukhat ghatna vayeko xa,romanized_nepali,youtube,comment,2026-08-26T14:00:18Z,https://www.youtube.com/watch?v=uuNq2nPw-yc&lc=UgxR0slZrb9qJmSlSaB4AaABAg,रसुवागढी बाढी: Rasuwagadi badi update | nepali news | rasuwa badhi news today | badhi pahiro,https://www.youtube.com/watch?v=uuNq2nPw-yc,Nepal badhi pahiro,disaster,other,,
b93280f290e2,रमेस लेखक गृहमन्त्री भएको भए सुरुङ भित्र छिर्ने थिए होलान ? योङ युवा हरु सरकारमा हुदा देस लाई कति फाईदा भयो हामी सबै ले बुझ्नु पर्छ,devanagari,youtube,comment,2026-08-29T13:31:26Z,https://www.youtube.com/watch?v=shcQIucF5cY&lc=UgwrxyxVFxKPDqj0m8h4AaABAg,रसुवा बाढी: गृहमन्त्री सुदन राति &#39;त्रिशुली ३ ए&#39; सुरुङभित्र छिरेपछि | Rasuwa Flood,https://www.youtube.com/watch?v=shcQIucF5cY,रसुवा बाढी,disaster,other,,
44622191feb1,Aatmale santi pawos,english,youtube,comment,2026-08-30T13:30:14Z,https://www.youtube.com/watch?v=QOu8_yjxUJg&lc=UgxYD5Or0rSz0lcMAlR4AaABAg,जसले अहिले र १८ सालको बाढी देखे || १८ सालमा के भएको थियो ? || SIDHAKURA || TRISULI || BHOTEKOSHI ||,https://www.youtube.com/watch?v=QOu8_yjxUJg,बाढी,disaster,other,,
01ceafb323f2,disaster 😆☝️मैने कहा था मैं ओ अन्होनी हूऊ जिसे कोई टाळ न्हीं सकता,mixed,youtube,comment,2026-08-30T16:33:06Z,https://www.youtube.com/watch?v=-uO3rnIXrA4&lc=UgxXBi1_ibCS3IAznVR4AaABAg,नेपाल में जो हुआ... ये तो अभी शुरुआत है | Nepal Flood 2026,https://www.youtube.com/watch?v=-uO3rnIXrA4,Nepal flood 2026,disaster,other,,
4f1085c66853,"🇳🇵🙏34/35 वर्षसम्म आफ्नो आङमा भैसीपनी नदेख्ने गरेकाहरुले नै अहीले 4/5 महीनाको सरकारको आङमा जुम्रा पनी देख्ने गरेका छन् 🤷‍♂️🤷‍♂️ 100% perfect कोही छैन ,हुनपनी सक्दैनन् 🤷‍♂️अहिलेको सरकारको पनी कमीकमजोरी छन् होला !छ्न पनी तर उद्देश्य ,दृढता ,नीयत र इमानदारीता चै तुलना गरेर हेरौ न 100% guarantee छ पुरानाभन्दा चै ठीक छन् 🙏🇳🇵 भन्दैगर्दा ,, एउटा घटना भर्खरै मेरै अगाडी घट्यो र अचम्मकाअभीव्यत्ती दीने,सरकारको खुट्टा तान्न नै वाकी रहेको जीवनको मुख्य उद्देश्य बनाएका झै गर्नेहरु हर्क साम्पाङ,kp oli ,महेश बस्नेत ,सन्कर पोखरेल जस्ताहरुसग घटनालाई दाजेर हेरे !🙂 कुरा के भने नी """" मेरो आफ्नो पालेको कुकुर लीएर घर बाहिर नीस्कन लागेको थीए ,ठ्याक्कै तेही समयमा बाहीर बाटोमा 3/4 वटा भुस्या कुकुरहरू मेरो कुकुरतीर फर्केर भुक्न सुरु गरे । म रोकीए तर मेरो कुकुर मतीर फर्केर पुच्छर हल्लाउँदै मुस्कुराइरहेको थीयो 🙂 अनी मानौ भनीरहेको थीयो ""हामी जाउ आफ्नो बाटो अनी घुमेर आउ"" """" यीनीहरुको कामनै भुक्नेमात्रै हो वास्ता नगरौ"" """"हाम्रो समय खेर मात्रै जान्छ तनाव नलीउ"" । भनेको झै लाग्यो मलाई र मैले एउटा पाठपनीसीके 🙏🇳🇵🇳🇵..",mixed,youtube,comment,2026-08-31T05:20:52Z,https://www.youtube.com/watch?v=U8JI63ADNHw&lc=UgzaNpQ2fQ1gmpsM4n14AaABAg,भोटेकोशी बाढी पछि सरकारले के के गर्यो?|| Nepal Times,https://www.youtube.com/watch?v=U8JI63ADNHw,भोटेकोशी बाढी,disaster,other,,
